[Licensing::Module] Trying to connect to existing licensing client channel...
Built from '6000.0/staging' branch; Version is '6000.0.62f1 (f99f05b3e950) revision 16359173'; Using compiler version '193933523'; Build Type 'Release'
OS: 'Windows 11  (10.0.26200) 64bit Core' Language: 'es' Physical Memory: 32472 MB
[Licensing::IpcConnector] Successfully connected to: "LicenseClient-MSI" at "2026-08-22T01:16:00.3268147Z"
BatchMode: 1, IsHumanControllingUs: 0, StartBugReporterOnCrash: 0, Is64bit: 1
Date: 2026-08-22T01:16:00Z

COMMAND LINE ARGUMENTS:
C:\Program Files\Unity\Hub\Editor\6000.0.62f1\Editor\Unity.exe
-adb2
-batchMode
-noUpm
-name
AssetImportWorker0
-projectPath
D:/GladiusAI/InsanusPugnat4Cuatri
-logFile
Logs/AssetImportWorker0.log
-srvPort
54010
-licensingIpc
LicenseClient-MSI
-job-worker-count
7
-background-job-worker-count
8
-gc-helper-count
1
-name
AssetImport
Successfully changed project path to: D:/GladiusAI/InsanusPugnat4Cuatri
D:/GladiusAI/InsanusPugnat4Cuatri
[UnityMemory] Configuration Parameters - Can be set up in boot.config
    "memorysetup-bucket-allocator-granularity=16"
    "memorysetup-bucket-allocator-bucket-count=8"
    "memorysetup-bucket-allocator-block-size=33554432"
    "memorysetup-bucket-allocator-block-count=8"
    "memorysetup-main-allocator-block-size=16777216"
    "memorysetup-thread-allocator-block-size=16777216"
    "memorysetup-gfx-main-allocator-block-size=16777216"
    "memorysetup-gfx-thread-allocator-block-size=16777216"
    "memorysetup-cache-allocator-block-size=4194304"
    "memorysetup-typetree-allocator-block-size=2097152"
    "memorysetup-profiler-bucket-allocator-granularity=16"
    "memorysetup-profiler-bucket-allocator-bucket-count=8"
    "memorysetup-profiler-bucket-allocator-block-size=33554432"
    "memorysetup-profiler-bucket-allocator-block-count=8"
    "memorysetup-profiler-allocator-block-size=16777216"
    "memorysetup-profiler-editor-allocator-block-size=1048576"
    "memorysetup-temp-allocator-size-main=16777216"
    "memorysetup-job-temp-allocator-block-size=2097152"
    "memorysetup-job-temp-allocator-block-size-background=1048576"
    "memorysetup-job-temp-allocator-reduction-small-platforms=262144"
    "memorysetup-allocator-temp-initial-block-size-main=262144"
    "memorysetup-allocator-temp-initial-block-size-worker=262144"
    "memorysetup-temp-allocator-size-background-worker=32768"
    "memorysetup-temp-allocator-size-job-worker=262144"
    "memorysetup-temp-allocator-size-preload-manager=33554432"
    "memorysetup-temp-allocator-size-nav-mesh-worker=65536"
    "memorysetup-temp-allocator-size-audio-worker=65536"
    "memorysetup-temp-allocator-size-cloud-worker=32768"
    "memorysetup-temp-allocator-size-gi-baking-worker=262144"
    "memorysetup-temp-allocator-size-gi-baking-worker=262144"
    "memorysetup-temp-allocator-size-gi-baking-worker=262144"
    "memorysetup-temp-allocator-size-gi-baking-worker=262144"
    "memorysetup-temp-allocator-size-gi-baking-worker=262144"
    "memorysetup-temp-allocator-size-gfx=262144"
Player connection [18616]  Target information:

Player connection [18616]  * "[IP] 192.168.1.236 [Port] 0 [Flags] 2 [Guid] 259791656 [EditorId] 259791656 [Version] 1048832 [Id] WindowsEditor(7,IgnacioV626) [Debug] 1 [PackageName] WindowsEditor [ProjectName] Editor" 

Player connection [18616] Host joined multi-casting on [225.0.0.222:54997]...
Player connection [18616] Host joined alternative multi-casting on [225.0.0.222:34997]...
JobSystem: Creating JobQueue using job-worker-count value 7
Input System module state changed to: Initialized.
[Physics::Module] Initialized fallback backend.
[Physics::Module] Id: 0xdecafbad
[Licensing::Client] Code 10 while verifying Licensing Client signature (process Id: 22656, path: "C:/Program Files/Unity Hub/UnityLicensingClient_V1/Unity.Licensing.Client.exe")
[Licensing::Module] LicensingClient has failed validation; ignoring
[Licensing::Client] Handshaking with LicensingClient:
  Version:                 1.17.4+4293ba1
  Session Id:              ee149c87f235488a9f7e13ada33db4bf
  Correlation Id:          72eceab9bf8163b305d1c8685a400bf9
  External correlation Id: 7477635425562084332
  Machine Id:              SIe7ruXKEGkCkOaX6w8xMmOfaBs=
[Licensing::Module] Successfully connected to LicensingClient on channel: "LicenseClient-MSI" (connect: 0.00s, validation: 0.00s, handshake: 0.06s)
[Licensing::IpcConnector] Successfully connected to: "LicenseClient-MSI-notifications" at "2026-08-22T01:16:00.3879343Z"
[Licensing::Module] Licensing Background thread has ended after 0.06s
Library Redirect Path: Library/
[Physics::Module] Selected backend.
[Physics::Module] Name: PhysX
[Physics::Module] Id: 0xf2b8ea05
[Physics::Module] SDK Version: 4.1.2
[Physics::Module] Integration Version: 1.0.0
[Physics::Module] Threading Mode: Multi-Threaded
Refreshing native plugins compatible for Editor in 2.15 ms, found 3 plugins.
Preloading 0 native plugins for Editor in 0.00 ms.
Initialize engine version: 6000.0.62f1 (f99f05b3e950)
[Subsystems] Discovering subsystems at path C:/Program Files/Unity/Hub/Editor/6000.0.62f1/Editor/Data/Resources/UnitySubsystems
[Subsystems] Discovering subsystems at path D:/GladiusAI/InsanusPugnat4Cuatri/Assets
GfxDevice: creating device client; kGfxThreadingModeNonThreaded
Direct3D:
    Version:  Direct3D 11.0 [level 11.1]
    Renderer: NVIDIA GeForce RTX 4060 Laptop GPU (ID=0x28a0)
    Vendor:   NVIDIA
    VRAM:     7956 MB
    Driver:   32.0.16.1088
Initialize mono
Mono path[0] = 'C:/Program Files/Unity/Hub/Editor/6000.0.62f1/Editor/Data/Managed'
Mono path[1] = 'C:/Program Files/Unity/Hub/Editor/6000.0.62f1/Editor/Data/MonoBleedingEdge/lib/mono/unityjit-win32'
Mono config path = 'C:/Program Files/Unity/Hub/Editor/6000.0.62f1/Editor/Data/MonoBleedingEdge/etc'
Using monoOptions --debugger-agent=transport=dt_socket,embedding=1,server=y,suspend=n,address=127.0.0.1:56064
Begin MonoManager ReloadAssembly
Registering precompiled unity dll's ...
Register platform support module: C:/Program Files/Unity/Hub/Editor/6000.0.62f1/Editor/Data/PlaybackEngines/WindowsStandaloneSupport/UnityEditor.WindowsStandalone.Extensions.dll
[Licensing::Client] Successfully resolved entitlement details
[Licensing::Module] License group:
  Id: 4674107322931-UnityPersXXXX
  Product: Unity Personal
  Type: Assigned
  Expiration: Unlimited
Register platform support module: C:/Program Files/Unity/Hub/Editor/6000.0.62f1/Editor/Data/PlaybackEngines/AndroidPlayer/UnityEditor.Android.Extensions.dll
Registered in 0.015570 seconds.
- Loaded All Assemblies, in  0.565 seconds
Native extension for Android target not found
Android Extension - Scanning For ADB Devices 588 ms
Native extension for WindowsStandalone target not found
Mono: successfully reloaded assembly
- Finished resetting the current domain, in  1.084 seconds
Domain Reload Profiling: 1644ms
	BeginReloadAssembly (186ms)
		ExecutionOrderSort (0ms)
		DisableScriptedObjects (0ms)
		BackupInstance (0ms)
		ReleaseScriptingObjects (0ms)
		CreateAndSetChildDomain (1ms)
	RebuildCommonClasses (51ms)
	RebuildNativeTypeToScriptingClass (14ms)
	initialDomainReloadingComplete (84ms)
	LoadAllAssembliesAndSetupDomain (225ms)
		LoadAssemblies (182ms)
		RebuildTransferFunctionScriptingTraits (0ms)
		AnalyzeDomain (221ms)
			TypeCache.Refresh (218ms)
				TypeCache.ScanAssembly (197ms)
			BuildScriptInfoCaches (0ms)
			ResolveRequiredComponents (1ms)
	FinalizeReload (1084ms)
		ReleaseScriptCaches (0ms)
		RebuildScriptCaches (0ms)
		SetupLoadedEditorAssemblies (1021ms)
			LogAssemblyErrors (0ms)
			InitializePlatformSupportModulesInManaged (706ms)
			SetLoadedEditorAssemblies (5ms)
			BeforeProcessingInitializeOnLoad (83ms)
			ProcessInitializeOnLoadAttributes (158ms)
			ProcessInitializeOnLoadMethodAttributes (69ms)
			AfterProcessingInitializeOnLoad (0ms)
			EditorAssembliesLoaded (0ms)
		ExecutionOrderSort2 (0ms)
		AwakeInstancesAfterBackupRestoration (0ms)
========================================================================
Worker process is ready to serve import requests
Import Worker Mode flag is 0x00
Begin MonoManager ReloadAssembly
[Licensing::Client] Successfully resolved entitlement details
- Loaded All Assemblies, in  1.326 seconds
Refreshing native plugins compatible for Editor in 0.95 ms, found 3 plugins.
Native extension for Android target not found
Native extension for WindowsStandalone target not found
Package Manager log level set to [2]
[Package Manager] Failed to launch server process. Reason: Unity was launched with the -noUpm command-line argument
[Package Manager] Unable to send message (not connected to server process).
[Package Manager] Cannot connect to Unity Package Manager local server
Mono: successfully reloaded assembly
- Finished resetting the current domain, in  1.234 seconds
Domain Reload Profiling: 2546ms
	BeginReloadAssembly (223ms)
		ExecutionOrderSort (0ms)
		DisableScriptedObjects (9ms)
		BackupInstance (0ms)
		ReleaseScriptingObjects (0ms)
		CreateAndSetChildDomain (35ms)
	RebuildCommonClasses (50ms)
	RebuildNativeTypeToScriptingClass (14ms)
	initialDomainReloadingComplete (54ms)
	LoadAllAssembliesAndSetupDomain (970ms)
		LoadAssemblies (752ms)
		RebuildTransferFunctionScriptingTraits (0ms)
		AnalyzeDomain (336ms)
			TypeCache.Refresh (252ms)
				TypeCache.ScanAssembly (234ms)
			BuildScriptInfoCaches (63ms)
			ResolveRequiredComponents (16ms)
	FinalizeReload (1234ms)
		ReleaseScriptCaches (0ms)
		RebuildScriptCaches (0ms)
		SetupLoadedEditorAssemblies (958ms)
			LogAssemblyErrors (0ms)
			InitializePlatformSupportModulesInManaged (17ms)
			SetLoadedEditorAssemblies (6ms)
			BeforeProcessingInitializeOnLoad (202ms)
			ProcessInitializeOnLoadAttributes (664ms)
			ProcessInitializeOnLoadMethodAttributes (62ms)
			AfterProcessingInitializeOnLoad (6ms)
			EditorAssembliesLoaded (0ms)
		ExecutionOrderSort2 (0ms)
		AwakeInstancesAfterBackupRestoration (7ms)
Launched and connected shader compiler UnityShaderCompiler.exe after 0.02 seconds
Refreshing native plugins compatible for Editor in 0.78 ms, found 3 plugins.
Preloading 0 native plugins for Editor in 0.00 ms.
Unloading 13 Unused Serialized files (Serialized files now loaded: 0)
Unloading 6143 unused Assets / (4.7 MB). Loaded Objects now: 6831.
Memory consumption went from 132.0 MB to 127.3 MB.
Total: 8.797900 ms (FindLiveObjects: 0.927400 ms CreateObjectMapping: 0.623700 ms MarkObjects: 4.889400 ms  DeleteObjects: 2.355900 ms)

========================================================================
Received Import Request.
  Time since last request: 446359.194559 seconds.
  path: Assets/Readme.asset
  artifactKey: Guid(8105016687592461f977c054a80ce2f2) Importer(2089858483,192608db42251d675da83286b1cce702)
Start importing Assets/Readme.asset using Guid(8105016687592461f977c054a80ce2f2) Importer(2089858483,192608db42251d675da83286b1cce702) (ScriptedImporter) -> (artifact id: '92fbcbd0d23429f0b4d43c914b43bfdc') in 0.26281 seconds
Number of updated asset objects reloaded before import = 0Number of asset objects unloaded after import = 2

========================================================================
Received Import Request.
  Time since last request: 1.426516 seconds.
  path: Assets/Art/Assets/isometric-miniature-dungeon/Angle/dirt_S.png
  artifactKey: Guid(83bbb2435fb9abb408af6801bd8a3adf) Importer(2089858483,192608db42251d675da83286b1cce702)
Start importing Assets/Art/Assets/isometric-miniature-dungeon/Angle/dirt_S.png using Guid(83bbb2435fb9abb408af6801bd8a3adf) Importer(2089858483,192608db42251d675da83286b1cce702) (ScriptedImporter) -> (artifact id: '073492dd308e9ae0679bdf875ee9522b') in 0.1178573 seconds
Number of updated asset objects reloaded before import = 0Number of asset objects unloaded after import = 3

========================================================================
Received Import Request.
  Time since last request: 1.554323 seconds.
  path: Assets/Art/Assets/isometric-miniature-dungeon/Angle/stoneColumn_E.png
  artifactKey: Guid(82656d21d1281bb43b696dae3d1b4bdf) Importer(2089858483,192608db42251d675da83286b1cce702)
Start importing Assets/Art/Assets/isometric-miniature-dungeon/Angle/stoneColumn_E.png using Guid(82656d21d1281bb43b696dae3d1b4bdf) Importer(2089858483,192608db42251d675da83286b1cce702) (ScriptedImporter) -> (artifact id: 'bceb7e9d6bd448b01386cc724bee4e23') in 0.0768667 seconds
Number of updated asset objects reloaded before import = 0Number of asset objects unloaded after import = 3

========================================================================
Received Import Request.
  Time since last request: 2.210550 seconds.
  path: Assets/Art/Assets/isometric-miniature-dungeon/Angle/dirtTiles_E.png
  artifactKey: Guid(2104e09d676adb14890960fb7fe61693) Importer(2089858483,192608db42251d675da83286b1cce702)
Start importing Assets/Art/Assets/isometric-miniature-dungeon/Angle/dirtTiles_E.png using Guid(2104e09d676adb14890960fb7fe61693) Importer(2089858483,192608db42251d675da83286b1cce702) (ScriptedImporter) -> (artifact id: 'b70c3dca775eaf8d1ccbbd0b4c1bb5be') in 0.0534002 seconds
Number of updated asset objects reloaded before import = 0Number of asset objects unloaded after import = 3

========================================================================
Received Import Request.
  Time since last request: 1.603517 seconds.
  path: Assets/Art/Assets/isometric-miniature-dungeon/Angle/stoneWallAged_N.png
  artifactKey: Guid(e9e4b3359f4e29e44b3c9f9abce1a9ae) Importer(2089858483,192608db42251d675da83286b1cce702)
Start importing Assets/Art/Assets/isometric-miniature-dungeon/Angle/stoneWallAged_N.png using Guid(e9e4b3359f4e29e44b3c9f9abce1a9ae) Importer(2089858483,192608db42251d675da83286b1cce702) (ScriptedImporter) -> (artifact id: 'e8ad68e7586f0e9ca8f065737b341ba5') in 0.0571886 seconds
Number of updated asset objects reloaded before import = 0Number of asset objects unloaded after import = 3

========================================================================
Received Import Request.
  Time since last request: 1.596652 seconds.
  path: Assets/Art/Assets/isometric-miniature-dungeon/Angle/stoneUneven_N.png
  artifactKey: Guid(759b5388afc64d1469b78ed7f91596b4) Importer(2089858483,192608db42251d675da83286b1cce702)
Start importing Assets/Art/Assets/isometric-miniature-dungeon/Angle/stoneUneven_N.png using Guid(759b5388afc64d1469b78ed7f91596b4) Importer(2089858483,192608db42251d675da83286b1cce702) (ScriptedImporter) -> (artifact id: '4910a55c5a024273e2e0e2a730f59a1d') in 0.0643512 seconds
Number of updated asset objects reloaded before import = 0Number of asset objects unloaded after import = 3

========================================================================
Received Import Request.
  Time since last request: 1.595358 seconds.
  path: Assets/Settings/PC_Renderer.asset
  artifactKey: Guid(f288ae1f4751b564a96ac7587541f7a2) Importer(2089858483,192608db42251d675da83286b1cce702)
Start importing Assets/Settings/PC_Renderer.asset using Guid(f288ae1f4751b564a96ac7587541f7a2) Importer(2089858483,192608db42251d675da83286b1cce702) (ScriptedImporter) -> (artifact id: 'b51e6c634394d046d0ee46a7a5b4799b') in 0.0584783 seconds
Number of updated asset objects reloaded before import = 0Number of asset objects unloaded after import = 1

========================================================================
Received Import Request.
  Time since last request: 0.000021 seconds.
  path: Assets/Art/Assets/isometric-miniature-dungeon/Angle/stoneMissingTiles_E.png
  artifactKey: Guid(11a3836d99b9aa54482622dd0d1aa972) Importer(2089858483,192608db42251d675da83286b1cce702)
Start importing Assets/Art/Assets/isometric-miniature-dungeon/Angle/stoneMissingTiles_E.png using Guid(11a3836d99b9aa54482622dd0d1aa972) Importer(2089858483,192608db42251d675da83286b1cce702) (ScriptedImporter) -> (artifact id: 'f5e3229e62907740740b7229599ea468') in 0.034519 seconds
Number of updated asset objects reloaded before import = 0Number of asset objects unloaded after import = 3

========================================================================
Received Import Request.
  Time since last request: 0.000029 seconds.
  path: Assets/Art/Materiales/M-Gladiator2.mat
  artifactKey: Guid(870ffe8c4de5acd40a3c43700dd149f2) Importer(2089858483,192608db42251d675da83286b1cce702)
Start importing Assets/Art/Materiales/M-Gladiator2.mat using Guid(870ffe8c4de5acd40a3c43700dd149f2) Importer(2089858483,192608db42251d675da83286b1cce702) (ScriptedImporter) -> (artifact id: 'caa42a25542b60a8ef46363cb4758669') in 0.0472573 seconds
Number of updated asset objects reloaded before import = 0Number of asset objects unloaded after import = 1

========================================================================
Received Import Request.
  Time since last request: 0.000021 seconds.
  path: Assets/Art/Assets/isometric-miniature-dungeon/Angle/bridge_S.png
  artifactKey: Guid(7dc46a9b52680b844a5a70e7987d0cdf) Importer(2089858483,192608db42251d675da83286b1cce702)
Start importing Assets/Art/Assets/isometric-miniature-dungeon/Angle/bridge_S.png using Guid(7dc46a9b52680b844a5a70e7987d0cdf) Importer(2089858483,192608db42251d675da83286b1cce702) (ScriptedImporter) -> (artifact id: '15d1982b4cac8c516c30a6227fb42d06') in 0.0411929 seconds
Number of updated asset objects reloaded before import = 0Number of asset objects unloaded after import = 3

========================================================================
Received Import Request.
  Time since last request: 0.000018 seconds.
  path: Assets/Scripts/Core/ActionNode.cs
  artifactKey: Guid(943270637feadf942a38dea5a68b595e) Importer(2089858483,192608db42251d675da83286b1cce702)
Start importing Assets/Scripts/Core/ActionNode.cs using Guid(943270637feadf942a38dea5a68b595e) Importer(2089858483,192608db42251d675da83286b1cce702) (ScriptedImporter) -> (artifact id: '1637d78e2642d487b6258ca73ce02bed') in 0.0204045 seconds
Number of updated asset objects reloaded before import = 0Number of asset objects unloaded after import = 0

========================================================================
Received Import Request.
  Time since last request: 0.000021 seconds.
  path: Assets/Art/Assets/isometric-miniature-dungeon/Angle/tableShortChairs_S.png
  artifactKey: Guid(817daa3a1b63202488c6695d97c32ced) Importer(2089858483,192608db42251d675da83286b1cce702)
Start importing Assets/Art/Assets/isometric-miniature-dungeon/Angle/tableShortChairs_S.png using Guid(817daa3a1b63202488c6695d97c32ced) Importer(2089858483,192608db42251d675da83286b1cce702) (ScriptedImporter) -> (artifact id: 'f222850ad444e26564542bb73b3d25f2') in 0.0374086 seconds
Number of updated asset objects reloaded before import = 0Number of asset objects unloaded after import = 3

========================================================================
Received Import Request.
  Time since last request: 0.000031 seconds.
  path: Assets/Art/Assets/isometric-miniature-dungeon/Angle/stoneWallDoorClosed_S.png
  artifactKey: Guid(8b6fa3b7300c94d4a8b782a04e3b3f1d) Importer(2089858483,192608db42251d675da83286b1cce702)
Start importing Assets/Art/Assets/isometric-miniature-dungeon/Angle/stoneWallDoorClosed_S.png using Guid(8b6fa3b7300c94d4a8b782a04e3b3f1d) Importer(2089858483,192608db42251d675da83286b1cce702) (ScriptedImporter) -> (artifact id: 'adfe1b115ee3ea2dfc2c8d301a6ebbe2') in 0.0409367 seconds
Number of updated asset objects reloaded before import = 0Number of asset objects unloaded after import = 3

========================================================================
Received Import Request.
  Time since last request: 0.000019 seconds.
  path: Assets/Scenes/ArenaDeCombate2.unity
  artifactKey: Guid(b4c7c3cba116e05448757bc7bfd42471) Importer(2089858483,192608db42251d675da83286b1cce702)
Start importing Assets/Scenes/ArenaDeCombate2.unity using Guid(b4c7c3cba116e05448757bc7bfd42471) Importer(2089858483,192608db42251d675da83286b1cce702) (ScriptedImporter) -> (artifact id: 'c7c78163e8219470bbe8f84867932382') in 0.0243234 seconds
Number of updated asset objects reloaded before import = 0Number of asset objects unloaded after import = 1

========================================================================
Received Import Request.
  Time since last request: 0.000017 seconds.
  path: Assets/Scripts/Agents/GladiatorNPC.cs
  artifactKey: Guid(54a52da500d785947a6775ef8213c81e) Importer(2089858483,192608db42251d675da83286b1cce702)
Start importing Assets/Scripts/Agents/GladiatorNPC.cs using Guid(54a52da500d785947a6775ef8213c81e) Importer(2089858483,192608db42251d675da83286b1cce702) (ScriptedImporter) -> (artifact id: '88816c29d5e246e55881970c78432b83') in 0.026723 seconds
Number of updated asset objects reloaded before import = 0Number of asset objects unloaded after import = 0

========================================================================
Received Import Request.
  Time since last request: 0.000028 seconds.
  path: Assets/Art/Assets/isometric-miniature-dungeon/Angle/bridgeBroken_E.png
  artifactKey: Guid(46400cf4f33a59c42939f84d643e1b1f) Importer(2089858483,192608db42251d675da83286b1cce702)
Start importing Assets/Art/Assets/isometric-miniature-dungeon/Angle/bridgeBroken_E.png using Guid(46400cf4f33a59c42939f84d643e1b1f) Importer(2089858483,192608db42251d675da83286b1cce702) (ScriptedImporter) -> (artifact id: '0cc8553ce92f92d18f995cf6024bab41') in 0.0363416 seconds
Number of updated asset objects reloaded before import = 0Number of asset objects unloaded after import = 3

========================================================================
Received Import Request.
  Time since last request: 0.000028 seconds.
  path: Assets/Art/Assets/isometric-miniature-dungeon/Angle/stoneSide_W.png
  artifactKey: Guid(151211f0c8fed2a4681f5065a1a43c26) Importer(2089858483,192608db42251d675da83286b1cce702)
Start importing Assets/Art/Assets/isometric-miniature-dungeon/Angle/stoneSide_W.png using Guid(151211f0c8fed2a4681f5065a1a43c26) Importer(2089858483,192608db42251d675da83286b1cce702) (ScriptedImporter) -> (artifact id: '0d501a010216914028b38bc41261d87a') in 0.0367014 seconds
Number of updated asset objects reloaded before import = 0Number of asset objects unloaded after import = 3

========================================================================
Received Import Request.
  Time since last request: 0.000016 seconds.
  path: Assets/Art/Assets/isometric-miniature-dungeon/Angle/woodenSupports_E.png
  artifactKey: Guid(ba735fff6fbd3f74e804f42029bc5d45) Importer(2089858483,192608db42251d675da83286b1cce702)
Start importing Assets/Art/Assets/isometric-miniature-dungeon/Angle/woodenSupports_E.png using Guid(ba735fff6fbd3f74e804f42029bc5d45) Importer(2089858483,192608db42251d675da83286b1cce702) (ScriptedImporter) -> (artifact id: '820a76b82e0f6192ab64debe416e54b4') in 0.0359097 seconds
Number of updated asset objects reloaded before import = 0Number of asset objects unloaded after import = 3

========================================================================
Received Import Request.
  Time since last request: 0.000019 seconds.
  path: Assets/Scenes/ArenaDeCombate1.unity
  artifactKey: Guid(05c689ce0ba9cfa458c765de6b589502) Importer(2089858483,192608db42251d675da83286b1cce702)
Start importing Assets/Scenes/ArenaDeCombate1.unity using Guid(05c689ce0ba9cfa458c765de6b589502) Importer(2089858483,192608db42251d675da83286b1cce702) (ScriptedImporter) -> (artifact id: '3986377bbbdf38866db599c47794ee51') in 0.0196856 seconds
Number of updated asset objects reloaded before import = 0Number of asset objects unloaded after import = 1

========================================================================
Received Import Request.
  Time since last request: 0.000023 seconds.
  path: Assets/Art/Assets/isometric-miniature-dungeon/Angle/stairsCorner_W.png
  artifactKey: Guid(d5d500ed279789342b8770d0b8252774) Importer(2089858483,192608db42251d675da83286b1cce702)
Start importing Assets/Art/Assets/isometric-miniature-dungeon/Angle/stairsCorner_W.png using Guid(d5d500ed279789342b8770d0b8252774) Importer(2089858483,192608db42251d675da83286b1cce702) (ScriptedImporter) -> (artifact id: '5e070529e673919adb484ef104a79752') in 0.0351393 seconds
Number of updated asset objects reloaded before import = 0Number of asset objects unloaded after import = 3

========================================================================
Received Import Request.
  Time since last request: 0.000029 seconds.
  path: Assets/Art/Assets/isometric-miniature-dungeon/Angle/woodenCrates_E.png
  artifactKey: Guid(5feea317d957fdd4bbf661dc1df8200e) Importer(2089858483,192608db42251d675da83286b1cce702)
Start importing Assets/Art/Assets/isometric-miniature-dungeon/Angle/woodenCrates_E.png using Guid(5feea317d957fdd4bbf661dc1df8200e) Importer(2089858483,192608db42251d675da83286b1cce702) (ScriptedImporter) -> (artifact id: 'b124eb13c239097e7738ebeaf2ad7b77') in 0.0322449 seconds
Number of updated asset objects reloaded before import = 0Number of asset objects unloaded after import = 3

========================================================================
Received Import Request.
  Time since last request: 0.000018 seconds.
  path: Assets/Art/Assets/isometric-miniature-dungeon/Angle/planksHole_S.png
  artifactKey: Guid(7d2e7a8664a5cdb4a85e6b12e0781c12) Importer(2089858483,192608db42251d675da83286b1cce702)
Start importing Assets/Art/Assets/isometric-miniature-dungeon/Angle/planksHole_S.png using Guid(7d2e7a8664a5cdb4a85e6b12e0781c12) Importer(2089858483,192608db42251d675da83286b1cce702) (ScriptedImporter) -> (artifact id: 'e2971b725c3a50eea03f59e59d0f394b') in 0.0388804 seconds
Number of updated asset objects reloaded before import = 0Number of asset objects unloaded after import = 3

========================================================================
Received Import Request.
  Time since last request: 0.000024 seconds.
  path: Assets/Art/Assets/isometric-miniature-dungeon/Angle/woodenSupportsBlock_N.png
  artifactKey: Guid(17b9bb79f11c45444ae22a560960e1e1) Importer(2089858483,192608db42251d675da83286b1cce702)
Start importing Assets/Art/Assets/isometric-miniature-dungeon/Angle/woodenSupportsBlock_N.png using Guid(17b9bb79f11c45444ae22a560960e1e1) Importer(2089858483,192608db42251d675da83286b1cce702) (ScriptedImporter) -> (artifact id: 'a2c04ecd9e2ca0342bb32d3ebb2d3b55') in 0.0378777 seconds
Number of updated asset objects reloaded before import = 0Number of asset objects unloaded after import = 3

========================================================================
Received Import Request.
  Time since last request: 0.000023 seconds.
  path: Assets/Scripts/Core/Composites.cs
  artifactKey: Guid(da0de0a221e46dc46a54caa7d97f213f) Importer(2089858483,192608db42251d675da83286b1cce702)
Start importing Assets/Scripts/Core/Composites.cs using Guid(da0de0a221e46dc46a54caa7d97f213f) Importer(2089858483,192608db42251d675da83286b1cce702) (ScriptedImporter) -> (artifact id: '023a3adc3a464b1ad88a551ebfb9a0a8') in 0.0266435 seconds
Number of updated asset objects reloaded before import = 0Number of asset objects unloaded after import = 0

========================================================================
Received Import Request.
  Time since last request: 0.000030 seconds.
  path: Assets/Art/Assets/isometric-miniature-dungeon/Angle/tableChairsBroken_W.png
  artifactKey: Guid(e788a6c4e9003604a9b46f5c93c56747) Importer(2089858483,192608db42251d675da83286b1cce702)
Start importing Assets/Art/Assets/isometric-miniature-dungeon/Angle/tableChairsBroken_W.png using Guid(e788a6c4e9003604a9b46f5c93c56747) Importer(2089858483,192608db42251d675da83286b1cce702) (ScriptedImporter) -> (artifact id: 'd0fa6f0d2427a09333a77464e5e894f4') in 0.0456237 seconds
Number of updated asset objects reloaded before import = 0Number of asset objects unloaded after import = 3

========================================================================
Received Import Request.
  Time since last request: 0.000018 seconds.
  path: Assets/Art/Assets/isometric-miniature-dungeon/Angle/planks_W.png
  artifactKey: Guid(7a2508047b7dde5419bb68620c96bd5e) Importer(2089858483,192608db42251d675da83286b1cce702)
Start importing Assets/Art/Assets/isometric-miniature-dungeon/Angle/planks_W.png using Guid(7a2508047b7dde5419bb68620c96bd5e) Importer(2089858483,192608db42251d675da83286b1cce702) (ScriptedImporter) -> (artifact id: '4aad24f94aa4396b0160130dbfe91b55') in 0.0425533 seconds
Number of updated asset objects reloaded before import = 0Number of asset objects unloaded after import = 3

========================================================================
Received Import Request.
  Time since last request: 0.000017 seconds.
  path: Assets/Art/Assets/isometric-miniature-dungeon/Angle/stoneWallHalf_N.png
  artifactKey: Guid(dc599c792d250d64bb3bb8bf150d17bd) Importer(2089858483,192608db42251d675da83286b1cce702)
Start importing Assets/Art/Assets/isometric-miniature-dungeon/Angle/stoneWallHalf_N.png using Guid(dc599c792d250d64bb3bb8bf150d17bd) Importer(2089858483,192608db42251d675da83286b1cce702) (ScriptedImporter) -> (artifact id: 'fa70ca1b57afd16230607f4a939d812c') in 0.0557094 seconds
Number of updated asset objects reloaded before import = 0Number of asset objects unloaded after import = 3

========================================================================
Received Import Request.
  Time since last request: 0.000022 seconds.
  path: Assets/Art/Assets/isometric-miniature-dungeon/Angle/stoneMissingTiles_S.png
  artifactKey: Guid(6e1e8d93536578b4fbaa0c7de0aff209) Importer(2089858483,192608db42251d675da83286b1cce702)
Start importing Assets/Art/Assets/isometric-miniature-dungeon/Angle/stoneMissingTiles_S.png using Guid(6e1e8d93536578b4fbaa0c7de0aff209) Importer(2089858483,192608db42251d675da83286b1cce702) (ScriptedImporter) -> (artifact id: '0d7e89136fd23acf9e57520cbc514ee4') in 0.0438243 seconds
Number of updated asset objects reloaded before import = 0Number of asset objects unloaded after import = 3

========================================================================
Received Import Request.
  Time since last request: 0.000029 seconds.
  path: Assets/Art/Assets/isometric-miniature-dungeon/Angle/stoneWallRoundBroken_E.png
  artifactKey: Guid(9b41a1d3b38c89f41a0226d5ea8fc17a) Importer(2089858483,192608db42251d675da83286b1cce702)
Start importing Assets/Art/Assets/isometric-miniature-dungeon/Angle/stoneWallRoundBroken_E.png using Guid(9b41a1d3b38c89f41a0226d5ea8fc17a) Importer(2089858483,192608db42251d675da83286b1cce702) (ScriptedImporter) -> (artifact id: '78ebaea2f5777103486875bab0d9314c') in 0.0433952 seconds
Number of updated asset objects reloaded before import = 0Number of asset objects unloaded after import = 3

========================================================================
Received Import Request.
  Time since last request: 0.000024 seconds.
  path: Assets/Art/Assets/isometric-miniature-dungeon/Angle/stoneWallDoorClosed_W.png
  artifactKey: Guid(c263b3748a96c7249bed398b7abcef93) Importer(2089858483,192608db42251d675da83286b1cce702)
Start importing Assets/Art/Assets/isometric-miniature-dungeon/Angle/stoneWallDoorClosed_W.png using Guid(c263b3748a96c7249bed398b7abcef93) Importer(2089858483,192608db42251d675da83286b1cce702) (ScriptedImporter) -> (artifact id: '89f6b23dd83ff6a2655617772f0e0c7a') in 0.0446982 seconds
Number of updated asset objects reloaded before import = 0Number of asset objects unloaded after import = 3

========================================================================
Received Import Request.
  Time since last request: 0.000015 seconds.
  path: Assets/Art/Assets/isometric-miniature-dungeon/Angle/stairsSpiral_S.png
  artifactKey: Guid(8a42d0bb887415249aedd4304cad85e3) Importer(2089858483,192608db42251d675da83286b1cce702)
Start importing Assets/Art/Assets/isometric-miniature-dungeon/Angle/stairsSpiral_S.png using Guid(8a42d0bb887415249aedd4304cad85e3) Importer(2089858483,192608db42251d675da83286b1cce702) (ScriptedImporter) -> (artifact id: 'd0b0388e9fae42ce676ca9c617786e46') in 0.0515141 seconds
Number of updated asset objects reloaded before import = 0Number of asset objects unloaded after import = 3

========================================================================
Received Import Request.
  Time since last request: 0.000017 seconds.
  path: Assets/Art/Assets/isometric-miniature-dungeon/Angle/stone_N.png
  artifactKey: Guid(232d606e2e5e6684ca9c6982e0b5ec14) Importer(2089858483,192608db42251d675da83286b1cce702)
Start importing Assets/Art/Assets/isometric-miniature-dungeon/Angle/stone_N.png using Guid(232d606e2e5e6684ca9c6982e0b5ec14) Importer(2089858483,192608db42251d675da83286b1cce702) (ScriptedImporter) -> (artifact id: '7cba5a9853cfbf38a51b9052dfc84569') in 0.0529519 seconds
Number of updated asset objects reloaded before import = 0Number of asset objects unloaded after import = 3

========================================================================
Received Import Request.
  Time since last request: 0.000028 seconds.
  path: Assets/Art/Assets/isometric-miniature-dungeon/Angle/stoneWallDoorOpen_W.png
  artifactKey: Guid(6a3aa01de66d01a4e9c0739a66678634) Importer(2089858483,192608db42251d675da83286b1cce702)
Start importing Assets/Art/Assets/isometric-miniature-dungeon/Angle/stoneWallDoorOpen_W.png using Guid(6a3aa01de66d01a4e9c0739a66678634) Importer(2089858483,192608db42251d675da83286b1cce702) (ScriptedImporter) -> (artifact id: 'c57725f1fe67f61e774836c760c37476') in 0.0584158 seconds
Number of updated asset objects reloaded before import = 0Number of asset objects unloaded after import = 3

========================================================================
Received Import Request.
  Time since last request: 0.000015 seconds.
  path: Assets/Art/Assets/isometric-miniature-dungeon/Angle/planksBroken_W.png
  artifactKey: Guid(f30fe9daa8cd36245ae95e4249a289ae) Importer(2089858483,192608db42251d675da83286b1cce702)
Start importing Assets/Art/Assets/isometric-miniature-dungeon/Angle/planksBroken_W.png using Guid(f30fe9daa8cd36245ae95e4249a289ae) Importer(2089858483,192608db42251d675da83286b1cce702) (ScriptedImporter) -> (artifact id: 'ab63f14b1cec5e330aec6583923228b2') in 0.0418603 seconds
Number of updated asset objects reloaded before import = 0Number of asset objects unloaded after import = 3

========================================================================
Received Import Request.
  Time since last request: 0.000023 seconds.
  path: Assets/Art/Assets/isometric-miniature-dungeon/Angle/tableRoundChairs_W.png
  artifactKey: Guid(7f9abaff7b2a5be4bbdf0e97d12a416c) Importer(2089858483,192608db42251d675da83286b1cce702)
Start importing Assets/Art/Assets/isometric-miniature-dungeon/Angle/tableRoundChairs_W.png using Guid(7f9abaff7b2a5be4bbdf0e97d12a416c) Importer(2089858483,192608db42251d675da83286b1cce702) (ScriptedImporter) -> (artifact id: '39fc2172ca1102c50fcddea9efb6eb58') in 0.047565 seconds
Number of updated asset objects reloaded before import = 0Number of asset objects unloaded after import = 3

========================================================================
Received Import Request.
  Time since last request: 0.000037 seconds.
  path: Assets/Art/Assets/isometric-miniature-dungeon/Angle/stoneWallTop_S.png
  artifactKey: Guid(1896e93bd1d630c48838394556d48105) Importer(2089858483,192608db42251d675da83286b1cce702)
Start importing Assets/Art/Assets/isometric-miniature-dungeon/Angle/stoneWallTop_S.png using Guid(1896e93bd1d630c48838394556d48105) Importer(2089858483,192608db42251d675da83286b1cce702) (ScriptedImporter) -> (artifact id: '9896a438b4316b79d9503976e869398b') in 0.0466888 seconds
Number of updated asset objects reloaded before import = 0Number of asset objects unloaded after import = 3

========================================================================
Received Import Request.
  Time since last request: 0.000018 seconds.
  path: Assets/Art/Assets/isometric-miniature-dungeon/Angle/bridge_E.png
  artifactKey: Guid(3236ea9f663d37a4bb81c119fcd6be8b) Importer(2089858483,192608db42251d675da83286b1cce702)
Start importing Assets/Art/Assets/isometric-miniature-dungeon/Angle/bridge_E.png using Guid(3236ea9f663d37a4bb81c119fcd6be8b) Importer(2089858483,192608db42251d675da83286b1cce702) (ScriptedImporter) -> (artifact id: '03a12715802d2ef296e9c6a1a3fc0ff2') in 0.0465064 seconds
Number of updated asset objects reloaded before import = 0Number of asset objects unloaded after import = 3

========================================================================
Received Import Request.
  Time since last request: 0.000017 seconds.
  path: Assets/Art/Assets/isometric-miniature-dungeon/Angle/stoneWallGateClosed_N.png
  artifactKey: Guid(237a1291ad48a4741b43fab64d0700df) Importer(2089858483,192608db42251d675da83286b1cce702)
Start importing Assets/Art/Assets/isometric-miniature-dungeon/Angle/stoneWallGateClosed_N.png using Guid(237a1291ad48a4741b43fab64d0700df) Importer(2089858483,192608db42251d675da83286b1cce702) (ScriptedImporter) -> (artifact id: '2f3e54121ecaa81b0b3930646638113e') in 0.0560079 seconds
Number of updated asset objects reloaded before import = 0Number of asset objects unloaded after import = 3

========================================================================
Received Import Request.
  Time since last request: 0.000018 seconds.
  path: Assets/Art/Assets/isometric-miniature-dungeon/Angle/stairs_E.png
  artifactKey: Guid(c18005c6d8f6e0241ba9a8cb9e0fd296) Importer(2089858483,192608db42251d675da83286b1cce702)
Start importing Assets/Art/Assets/isometric-miniature-dungeon/Angle/stairs_E.png using Guid(c18005c6d8f6e0241ba9a8cb9e0fd296) Importer(2089858483,192608db42251d675da83286b1cce702) (ScriptedImporter) -> (artifact id: '834fc13201267b5090251127fcf38609') in 0.0570375 seconds
Number of updated asset objects reloaded before import = 0Number of asset objects unloaded after import = 3

========================================================================
Received Import Request.
  Time since last request: 0.000025 seconds.
  path: Assets/Art/Assets/isometric-miniature-dungeon/Angle/stoneTile_S.png
  artifactKey: Guid(d169e189fc53dd84a998934e9bcc243e) Importer(2089858483,192608db42251d675da83286b1cce702)
Start importing Assets/Art/Assets/isometric-miniature-dungeon/Angle/stoneTile_S.png using Guid(d169e189fc53dd84a998934e9bcc243e) Importer(2089858483,192608db42251d675da83286b1cce702) (ScriptedImporter) -> (artifact id: 'dae739a75c702fa1add49b0fb5155ba9') in 0.0558782 seconds
Number of updated asset objects reloaded before import = 0Number of asset objects unloaded after import = 3

========================================================================
Received Import Request.
  Time since last request: 0.000016 seconds.
  path: Assets/Art/Assets/isometric-miniature-dungeon/Angle/stoneTile_N.png
  artifactKey: Guid(3f843f4d3ddf945429b5db367cec3fb1) Importer(2089858483,192608db42251d675da83286b1cce702)
Start importing Assets/Art/Assets/isometric-miniature-dungeon/Angle/stoneTile_N.png using Guid(3f843f4d3ddf945429b5db367cec3fb1) Importer(2089858483,192608db42251d675da83286b1cce702) (ScriptedImporter) -> (artifact id: 'c364354975fce683ffdc1274886c09c1') in 0.0495237 seconds
Number of updated asset objects reloaded before import = 0Number of asset objects unloaded after import = 3

========================================================================
Received Import Request.
  Time since last request: 0.000029 seconds.
  path: Assets/Art/Assets/isometric-miniature-dungeon/Angle/woodenSupportsBeam_S.png
  artifactKey: Guid(455a6b97896a3264ea049be265e70b44) Importer(2089858483,192608db42251d675da83286b1cce702)
Start importing Assets/Art/Assets/isometric-miniature-dungeon/Angle/woodenSupportsBeam_S.png using Guid(455a6b97896a3264ea049be265e70b44) Importer(2089858483,192608db42251d675da83286b1cce702) (ScriptedImporter) -> (artifact id: '3ab7a30342384d176ae1a74834f9617d') in 0.0450576 seconds
Number of updated asset objects reloaded before import = 0Number of asset objects unloaded after import = 3

========================================================================
Received Import Request.
  Time since last request: 0.000019 seconds.
  path: Assets/Art/Assets/isometric-miniature-dungeon/Angle/stoneWallDoorOpen_S.png
  artifactKey: Guid(fa6a91f2651f8834c82be97b023f05d3) Importer(2089858483,192608db42251d675da83286b1cce702)
Start importing Assets/Art/Assets/isometric-miniature-dungeon/Angle/stoneWallDoorOpen_S.png using Guid(fa6a91f2651f8834c82be97b023f05d3) Importer(2089858483,192608db42251d675da83286b1cce702) (ScriptedImporter) -> (artifact id: '5da0fe85f55b16e10b6a57413af9be6e') in 0.0496282 seconds
Number of updated asset objects reloaded before import = 0Number of asset objects unloaded after import = 3

========================================================================
Received Import Request.
  Time since last request: 0.000029 seconds.
  path: Assets/Art/Assets/isometric-miniature-dungeon/Angle/stairsCorner_N.png
  artifactKey: Guid(4539b075017a48742aafe111932c4b9d) Importer(2089858483,192608db42251d675da83286b1cce702)
Start importing Assets/Art/Assets/isometric-miniature-dungeon/Angle/stairsCorner_N.png using Guid(4539b075017a48742aafe111932c4b9d) Importer(2089858483,192608db42251d675da83286b1cce702) (ScriptedImporter) -> (artifact id: '1df871cba78b7e559bb5ded4f41e4307') in 0.0559625 seconds
Number of updated asset objects reloaded before import = 0Number of asset objects unloaded after import = 3

========================================================================
Received Import Request.
  Time since last request: 0.000015 seconds.
  path: Assets/Art/Assets/isometric-miniature-dungeon/Angle/stoneWallGate_E.png
  artifactKey: Guid(4d97fbf0a281e3841af48cb0c6e5008f) Importer(2089858483,192608db42251d675da83286b1cce702)
Start importing Assets/Art/Assets/isometric-miniature-dungeon/Angle/stoneWallGate_E.png using Guid(4d97fbf0a281e3841af48cb0c6e5008f) Importer(2089858483,192608db42251d675da83286b1cce702) (ScriptedImporter) -> (artifact id: 'ef8e274f72042f2252618e83f6fea401') in 0.0465251 seconds
Number of updated asset objects reloaded before import = 0Number of asset objects unloaded after import = 3

========================================================================
Received Import Request.
  Time since last request: 0.000018 seconds.
  path: Assets/Art/Assets/isometric-miniature-dungeon/Angle/stoneWall_N.png
  artifactKey: Guid(d5ac7959c61216546975ce318561e39e) Importer(2089858483,192608db42251d675da83286b1cce702)
Start importing Assets/Art/Assets/isometric-miniature-dungeon/Angle/stoneWall_N.png using Guid(d5ac7959c61216546975ce318561e39e) Importer(2089858483,192608db42251d675da83286b1cce702) (ScriptedImporter) -> (artifact id: '16a0f2f07081b4f9481687484a20c5bd') in 0.0497347 seconds
Number of updated asset objects reloaded before import = 0Number of asset objects unloaded after import = 3

========================================================================
Received Import Request.
  Time since last request: 0.000029 seconds.
  path: Assets/Art/Assets/isometric-miniature-dungeon/Angle/stoneRight_E.png
  artifactKey: Guid(c6ec9b20cb14ca144a7673e0d6acb890) Importer(2089858483,192608db42251d675da83286b1cce702)
Start importing Assets/Art/Assets/isometric-miniature-dungeon/Angle/stoneRight_E.png using Guid(c6ec9b20cb14ca144a7673e0d6acb890) Importer(2089858483,192608db42251d675da83286b1cce702) (ScriptedImporter) -> (artifact id: '8a4b21401605aee6d235e965b89ff5d8') in 0.0580375 seconds
Number of updated asset objects reloaded before import = 0Number of asset objects unloaded after import = 3

========================================================================
Received Import Request.
  Time since last request: 0.000020 seconds.
  path: Assets/Art/Assets/isometric-miniature-dungeon/Angle/stairs_W.png
  artifactKey: Guid(5ad55fb572fc3cd42a7730aeb7255917) Importer(2089858483,192608db42251d675da83286b1cce702)
Start importing Assets/Art/Assets/isometric-miniature-dungeon/Angle/stairs_W.png using Guid(5ad55fb572fc3cd42a7730aeb7255917) Importer(2089858483,192608db42251d675da83286b1cce702) (ScriptedImporter) -> (artifact id: 'e58eae6bcfad77ecd5cf87fb6ec2804e') in 0.052176 seconds
Number of updated asset objects reloaded before import = 0Number of asset objects unloaded after import = 3

========================================================================
Received Import Request.
  Time since last request: 0.000020 seconds.
  path: Assets/Art/Assets/isometric-miniature-dungeon/Angle/stoneWallDoorBars_N.png
  artifactKey: Guid(e4707b1c2bfe61747842f513b53f5321) Importer(2089858483,192608db42251d675da83286b1cce702)
Start importing Assets/Art/Assets/isometric-miniature-dungeon/Angle/stoneWallDoorBars_N.png using Guid(e4707b1c2bfe61747842f513b53f5321) Importer(2089858483,192608db42251d675da83286b1cce702) (ScriptedImporter) -> (artifact id: '0138c763b368d7d92e6d059d27c56684') in 0.0575855 seconds
Number of updated asset objects reloaded before import = 0Number of asset objects unloaded after import = 3

========================================================================
Received Import Request.
  Time since last request: 0.000025 seconds.
  path: Assets/Art/Assets/isometric-miniature-dungeon/Angle/dirt_W.png
  artifactKey: Guid(f95c3acc2852b154d92bb1b7e012d86e) Importer(2089858483,192608db42251d675da83286b1cce702)
Start importing Assets/Art/Assets/isometric-miniature-dungeon/Angle/dirt_W.png using Guid(f95c3acc2852b154d92bb1b7e012d86e) Importer(2089858483,192608db42251d675da83286b1cce702) (ScriptedImporter) -> (artifact id: 'ffbcc5ff494fffe2f306d1ce06ba33d6') in 0.0395325 seconds
Number of updated asset objects reloaded before import = 0Number of asset objects unloaded after import = 3

========================================================================
Received Import Request.
  Time since last request: 0.000017 seconds.
  path: Assets/Art/Assets/isometric-miniature-dungeon/Angle/woodenSupportsBlock_W.png
  artifactKey: Guid(45009b44fcc1c8b48ace62d3fea9b862) Importer(2089858483,192608db42251d675da83286b1cce702)
Start importing Assets/Art/Assets/isometric-miniature-dungeon/Angle/woodenSupportsBlock_W.png using Guid(45009b44fcc1c8b48ace62d3fea9b862) Importer(2089858483,192608db42251d675da83286b1cce702) (ScriptedImporter) -> (artifact id: '779212a3df461d24e75f1c69e41e826a') in 0.0438201 seconds
Number of updated asset objects reloaded before import = 0Number of asset objects unloaded after import = 3

========================================================================
Received Import Request.
  Time since last request: 0.000016 seconds.
  path: Assets/Art/Assets/isometric-miniature-dungeon/Angle/stoneWallWindowBars_S.png
  artifactKey: Guid(6143464a24f5e794e8b641877c74043f) Importer(2089858483,192608db42251d675da83286b1cce702)
Start importing Assets/Art/Assets/isometric-miniature-dungeon/Angle/stoneWallWindowBars_S.png using Guid(6143464a24f5e794e8b641877c74043f) Importer(2089858483,192608db42251d675da83286b1cce702) (ScriptedImporter) -> (artifact id: 'a187c4450bc2017bb33a638dd484fd7b') in 0.0414332 seconds
Number of updated asset objects reloaded before import = 0Number of asset objects unloaded after import = 3

========================================================================
Received Import Request.
  Time since last request: 0.000020 seconds.
  path: Assets/Art/Assets/isometric-miniature-dungeon/Angle/stoneWallColumnIn_E.png
  artifactKey: Guid(6186ec95d5ac2d94cad6cae68d44b15f) Importer(2089858483,192608db42251d675da83286b1cce702)
Start importing Assets/Art/Assets/isometric-miniature-dungeon/Angle/stoneWallColumnIn_E.png using Guid(6186ec95d5ac2d94cad6cae68d44b15f) Importer(2089858483,192608db42251d675da83286b1cce702) (ScriptedImporter) -> (artifact id: '331d39704c537c9a9059f1176d7c88ff') in 0.0415035 seconds
Number of updated asset objects reloaded before import = 0Number of asset objects unloaded after import = 3

========================================================================
Received Import Request.
  Time since last request: 0.000029 seconds.
  path: Assets/Art/Assets/isometric-miniature-dungeon/Angle/stoneWallTop_E.png
  artifactKey: Guid(2cf41f45223bdd847bcb9b7bc822b8d5) Importer(2089858483,192608db42251d675da83286b1cce702)
Start importing Assets/Art/Assets/isometric-miniature-dungeon/Angle/stoneWallTop_E.png using Guid(2cf41f45223bdd847bcb9b7bc822b8d5) Importer(2089858483,192608db42251d675da83286b1cce702) (ScriptedImporter) -> (artifact id: '42e533e64364d3af1c061b110a3df5a0') in 0.0391131 seconds
Number of updated asset objects reloaded before import = 0Number of asset objects unloaded after import = 3

========================================================================
Received Import Request.
  Time since last request: 0.000017 seconds.
  path: Assets/Art/Assets/isometric-miniature-dungeon/Angle/tableRoundChairs_N.png
  artifactKey: Guid(a50994c165bd28a40915e7e664e26554) Importer(2089858483,192608db42251d675da83286b1cce702)
Start importing Assets/Art/Assets/isometric-miniature-dungeon/Angle/tableRoundChairs_N.png using Guid(a50994c165bd28a40915e7e664e26554) Importer(2089858483,192608db42251d675da83286b1cce702) (ScriptedImporter) -> (artifact id: '33581f340a091df34587b5ccef4bb5de') in 0.0612664 seconds
Number of updated asset objects reloaded before import = 0Number of asset objects unloaded after import = 3

========================================================================
Received Import Request.
  Time since last request: 0.000018 seconds.
  path: Assets/Art/Assets/isometric-miniature-dungeon/Angle/stoneWallStructure_S.png
  artifactKey: Guid(fc4426f533f54994897d8dc931333afa) Importer(2089858483,192608db42251d675da83286b1cce702)
Start importing Assets/Art/Assets/isometric-miniature-dungeon/Angle/stoneWallStructure_S.png using Guid(fc4426f533f54994897d8dc931333afa) Importer(2089858483,192608db42251d675da83286b1cce702) (ScriptedImporter) -> (artifact id: '558d8aa000a88f71ffee5fa2f941ca8f') in 0.0492133 seconds
Number of updated asset objects reloaded before import = 0Number of asset objects unloaded after import = 3

========================================================================
Received Import Request.
  Time since last request: 0.000037 seconds.
  path: Assets/Art/Assets/isometric-miniature-dungeon/Angle/stoneWallWindow_N.png
  artifactKey: Guid(892f66130df8d8648a09f8d72f5d8fcd) Importer(2089858483,192608db42251d675da83286b1cce702)
Start importing Assets/Art/Assets/isometric-miniature-dungeon/Angle/stoneWallWindow_N.png using Guid(892f66130df8d8648a09f8d72f5d8fcd) Importer(2089858483,192608db42251d675da83286b1cce702) (ScriptedImporter) -> (artifact id: '1bb320d22fa89b62a730703ac3275b2a') in 0.0386582 seconds
Number of updated asset objects reloaded before import = 0Number of asset objects unloaded after import = 3

========================================================================
Received Import Request.
  Time since last request: 0.000021 seconds.
  path: Assets/Art/Assets/isometric-miniature-dungeon/Angle/stoneTile_E.png
  artifactKey: Guid(499ddf02357b0cb4e9fca08b161664b2) Importer(2089858483,192608db42251d675da83286b1cce702)
Start importing Assets/Art/Assets/isometric-miniature-dungeon/Angle/stoneTile_E.png using Guid(499ddf02357b0cb4e9fca08b161664b2) Importer(2089858483,192608db42251d675da83286b1cce702) (ScriptedImporter) -> (artifact id: '754645c4a8b1d7c254e3516dcc52b8b7') in 0.0531341 seconds
Number of updated asset objects reloaded before import = 0Number of asset objects unloaded after import = 3

========================================================================
Received Import Request.
  Time since last request: 0.000015 seconds.
  path: Assets/Art/Assets/isometric-miniature-dungeon/Angle/stoneColumn_W.png
  artifactKey: Guid(42fc7b9da15dd9a41b50a2ae823963de) Importer(2089858483,192608db42251d675da83286b1cce702)
Start importing Assets/Art/Assets/isometric-miniature-dungeon/Angle/stoneColumn_W.png using Guid(42fc7b9da15dd9a41b50a2ae823963de) Importer(2089858483,192608db42251d675da83286b1cce702) (ScriptedImporter) -> (artifact id: 'a345c0221994433e535b2f571f2c8219') in 0.0534171 seconds
Number of updated asset objects reloaded before import = 0Number of asset objects unloaded after import = 3

========================================================================
Received Import Request.
  Time since last request: 0.000019 seconds.
  path: Assets/Art/Assets/isometric-miniature-dungeon/Angle/stoneWallRoundWindow_W.png
  artifactKey: Guid(6772ce441776b164089cbb494130ae4d) Importer(2089858483,192608db42251d675da83286b1cce702)
Start importing Assets/Art/Assets/isometric-miniature-dungeon/Angle/stoneWallRoundWindow_W.png using Guid(6772ce441776b164089cbb494130ae4d) Importer(2089858483,192608db42251d675da83286b1cce702) (ScriptedImporter) -> (artifact id: '3916d93a9d0f8a2c0746343298a8c56e') in 0.043425 seconds
Number of updated asset objects reloaded before import = 0Number of asset objects unloaded after import = 3

========================================================================
Received Import Request.
  Time since last request: 0.000031 seconds.
  path: Assets/Art/Assets/isometric-miniature-dungeon/Angle/stoneWall_W.png
  artifactKey: Guid(d2ebcccd21c7a6e4bacbb60f37b4d968) Importer(2089858483,192608db42251d675da83286b1cce702)
Start importing Assets/Art/Assets/isometric-miniature-dungeon/Angle/stoneWall_W.png using Guid(d2ebcccd21c7a6e4bacbb60f37b4d968) Importer(2089858483,192608db42251d675da83286b1cce702) (ScriptedImporter) -> (artifact id: 'ba992cd98cf125f286d5488cf4296ced') in 0.0402651 seconds
Number of updated asset objects reloaded before import = 0Number of asset objects unloaded after import = 3

========================================================================
Received Import Request.
  Time since last request: 0.000019 seconds.
  path: Assets/Art/Assets/isometric-miniature-dungeon/Isometric/barrel_W.png
  artifactKey: Guid(1cce3bbfca1ead94fbdeae02b75edc0c) Importer(2089858483,192608db42251d675da83286b1cce702)
Start importing Assets/Art/Assets/isometric-miniature-dungeon/Isometric/barrel_W.png using Guid(1cce3bbfca1ead94fbdeae02b75edc0c) Importer(2089858483,192608db42251d675da83286b1cce702) (ScriptedImporter) -> (artifact id: '8877721a53b2945adc5ce97f0a441a0a') in 0.0281549 seconds
Number of updated asset objects reloaded before import = 0Number of asset objects unloaded after import = 3

========================================================================
Received Import Request.
  Time since last request: 0.000017 seconds.
  path: Assets/Art/Assets/isometric-miniature-dungeon/Angle/stoneLeft_N.png
  artifactKey: Guid(ea2cdb9091d0e32479472d71161b7278) Importer(2089858483,192608db42251d675da83286b1cce702)
Start importing Assets/Art/Assets/isometric-miniature-dungeon/Angle/stoneLeft_N.png using Guid(ea2cdb9091d0e32479472d71161b7278) Importer(2089858483,192608db42251d675da83286b1cce702) (ScriptedImporter) -> (artifact id: 'd3eaa3aa99fc46a90fadf2680e7c43fc') in 0.0405737 seconds
Number of updated asset objects reloaded before import = 0Number of asset objects unloaded after import = 3

========================================================================
Received Import Request.
  Time since last request: 0.000022 seconds.
  path: Assets/Art/Assets/isometric-miniature-dungeon/Isometric/stoneWallGateClosed_S.png
  artifactKey: Guid(ee0ec19c3c7f36548bd18c9610a1bdf8) Importer(2089858483,192608db42251d675da83286b1cce702)
Start importing Assets/Art/Assets/isometric-miniature-dungeon/Isometric/stoneWallGateClosed_S.png using Guid(ee0ec19c3c7f36548bd18c9610a1bdf8) Importer(2089858483,192608db42251d675da83286b1cce702) (ScriptedImporter) -> (artifact id: 'fdc004b1a23811c32b86362fb58e3437') in 0.046864 seconds
Number of updated asset objects reloaded before import = 0Number of asset objects unloaded after import = 3

========================================================================
Received Import Request.
  Time since last request: 0.000025 seconds.
  path: Assets/Art/Assets/isometric-miniature-dungeon/Angle/tableRoundItemsChairs_W.png
  artifactKey: Guid(15e0d5f5d24bb804cabf781870998001) Importer(2089858483,192608db42251d675da83286b1cce702)
Start importing Assets/Art/Assets/isometric-miniature-dungeon/Angle/tableRoundItemsChairs_W.png using Guid(15e0d5f5d24bb804cabf781870998001) Importer(2089858483,192608db42251d675da83286b1cce702) (ScriptedImporter) -> (artifact id: 'd167b5b5af01369da6c8b71f4bc66593') in 0.0522464 seconds
Number of updated asset objects reloaded before import = 0Number of asset objects unloaded after import = 3

========================================================================
Received Import Request.
  Time since last request: 0.000015 seconds.
  path: Assets/Art/Assets/isometric-miniature-dungeon/Angle/chestOpen_W.png
  artifactKey: Guid(2320a0f71fcaa1640ae537dddd170810) Importer(2089858483,192608db42251d675da83286b1cce702)
Start importing Assets/Art/Assets/isometric-miniature-dungeon/Angle/chestOpen_W.png using Guid(2320a0f71fcaa1640ae537dddd170810) Importer(2089858483,192608db42251d675da83286b1cce702) (ScriptedImporter) -> (artifact id: '54399d6a913f06b03c60b0f30d888f70') in 0.0567588 seconds
Number of updated asset objects reloaded before import = 0Number of asset objects unloaded after import = 3

========================================================================
Received Import Request.
  Time since last request: 0.000018 seconds.
  path: Assets/Art/Assets/isometric-miniature-dungeon/Isometric/tableShortChairs_N.png
  artifactKey: Guid(1fd9b8eff7a992847a204c1158d25a46) Importer(2089858483,192608db42251d675da83286b1cce702)
Start importing Assets/Art/Assets/isometric-miniature-dungeon/Isometric/tableShortChairs_N.png using Guid(1fd9b8eff7a992847a204c1158d25a46) Importer(2089858483,192608db42251d675da83286b1cce702) (ScriptedImporter) -> (artifact id: 'b5bac529d2a429b7fc60b3a1a3978b82') in 0.0472609 seconds
Number of updated asset objects reloaded before import = 0Number of asset objects unloaded after import = 3

========================================================================
Received Import Request.
  Time since last request: 0.000021 seconds.
  path: Assets/Art/Assets/isometric-miniature-dungeon/Angle/barrel_E.png
  artifactKey: Guid(ad6cc24c427b8424cacb39458f934a5d) Importer(2089858483,192608db42251d675da83286b1cce702)
Start importing Assets/Art/Assets/isometric-miniature-dungeon/Angle/barrel_E.png using Guid(ad6cc24c427b8424cacb39458f934a5d) Importer(2089858483,192608db42251d675da83286b1cce702) (ScriptedImporter) -> (artifact id: 'd318247662a0a3a4665b91b80bde8705') in 0.0487227 seconds
Number of updated asset objects reloaded before import = 0Number of asset objects unloaded after import = 3

========================================================================
Received Import Request.
  Time since last request: 0.000024 seconds.
  path: Assets/Art/Assets/isometric-miniature-dungeon/Angle/stoneWallBroken_W.png
  artifactKey: Guid(dc17966c8bd805d44b66ae3b14c98ec3) Importer(2089858483,192608db42251d675da83286b1cce702)
Start importing Assets/Art/Assets/isometric-miniature-dungeon/Angle/stoneWallBroken_W.png using Guid(dc17966c8bd805d44b66ae3b14c98ec3) Importer(2089858483,192608db42251d675da83286b1cce702) (ScriptedImporter) -> (artifact id: '4ae2bd86c5d5db83537e59e8a42fb9c4') in 0.0503759 seconds
Number of updated asset objects reloaded before import = 0Number of asset objects unloaded after import = 3

========================================================================
Received Import Request.
  Time since last request: 0.000021 seconds.
  path: Assets/Art/Assets/isometric-miniature-dungeon/Angle/stoneRight_W.png
  artifactKey: Guid(4cf292ef951c3c744ac43a6f66c05933) Importer(2089858483,192608db42251d675da83286b1cce702)
Start importing Assets/Art/Assets/isometric-miniature-dungeon/Angle/stoneRight_W.png using Guid(4cf292ef951c3c744ac43a6f66c05933) Importer(2089858483,192608db42251d675da83286b1cce702) (ScriptedImporter) -> (artifact id: 'fcb8d24590fe88174106947e9d53701a') in 0.0478475 seconds
Number of updated asset objects reloaded before import = 0Number of asset objects unloaded after import = 3

========================================================================
Received Import Request.
  Time since last request: 0.000021 seconds.
  path: Assets/Art/Assets/isometric-miniature-dungeon/Angle/stoneWallRound_E.png
  artifactKey: Guid(58d6e7f3bee0e0a4dafb7f328c19cf21) Importer(2089858483,192608db42251d675da83286b1cce702)
Start importing Assets/Art/Assets/isometric-miniature-dungeon/Angle/stoneWallRound_E.png using Guid(58d6e7f3bee0e0a4dafb7f328c19cf21) Importer(2089858483,192608db42251d675da83286b1cce702) (ScriptedImporter) -> (artifact id: '3bd5595bc564eb6327dca80650bafd6c') in 0.0531737 seconds
Number of updated asset objects reloaded before import = 0Number of asset objects unloaded after import = 3

========================================================================
Received Import Request.
  Time since last request: 0.000017 seconds.
  path: Assets/Art/Assets/isometric-miniature-dungeon/Angle/stoneWallDoor_E.png
  artifactKey: Guid(8902c332559deee4cbde02e187291c1b) Importer(2089858483,192608db42251d675da83286b1cce702)
Start importing Assets/Art/Assets/isometric-miniature-dungeon/Angle/stoneWallDoor_E.png using Guid(8902c332559deee4cbde02e187291c1b) Importer(2089858483,192608db42251d675da83286b1cce702) (ScriptedImporter) -> (artifact id: '2066390060de3709eb2fd4c63a3c2c85') in 0.0520277 seconds
Number of updated asset objects reloaded before import = 0Number of asset objects unloaded after import = 3

========================================================================
Received Import Request.
  Time since last request: 0.000030 seconds.
  path: Assets/Art/Assets/isometric-miniature-dungeon/Isometric/stoneColumn_E.png
  artifactKey: Guid(71390c6599f5c0940aef047ab16b4f82) Importer(2089858483,192608db42251d675da83286b1cce702)
Start importing Assets/Art/Assets/isometric-miniature-dungeon/Isometric/stoneColumn_E.png using Guid(71390c6599f5c0940aef047ab16b4f82) Importer(2089858483,192608db42251d675da83286b1cce702) (ScriptedImporter) -> (artifact id: 'ea1f959368132797fb9dd4af229f0f54') in 0.0485607 seconds
Number of updated asset objects reloaded before import = 0Number of asset objects unloaded after import = 3

========================================================================
Received Import Request.
  Time since last request: 0.000017 seconds.
  path: Assets/Art/Assets/isometric-miniature-dungeon/Angle/tableRound_E.png
  artifactKey: Guid(f3eb18b6b6984fb4683b3123b0ef23e7) Importer(2089858483,192608db42251d675da83286b1cce702)
Start importing Assets/Art/Assets/isometric-miniature-dungeon/Angle/tableRound_E.png using Guid(f3eb18b6b6984fb4683b3123b0ef23e7) Importer(2089858483,192608db42251d675da83286b1cce702) (ScriptedImporter) -> (artifact id: '3d971963de89caf5165ac30efe62bbfd') in 0.0477774 seconds
Number of updated asset objects reloaded before import = 0Number of asset objects unloaded after import = 3

========================================================================
Received Import Request.
  Time since last request: 0.000015 seconds.
  path: Assets/Art/Assets/isometric-miniature-dungeon/Isometric/stairsCorner_S.png
  artifactKey: Guid(e13531034e524a14d965e59f28d96e8a) Importer(2089858483,192608db42251d675da83286b1cce702)
Start importing Assets/Art/Assets/isometric-miniature-dungeon/Isometric/stairsCorner_S.png using Guid(e13531034e524a14d965e59f28d96e8a) Importer(2089858483,192608db42251d675da83286b1cce702) (ScriptedImporter) -> (artifact id: 'e20623980e265a5b6082d9eccb2aa5a1') in 0.0522461 seconds
Number of updated asset objects reloaded before import = 0Number of asset objects unloaded after import = 3

========================================================================
Received Import Request.
  Time since last request: 0.000017 seconds.
  path: Assets/Art/Assets/isometric-miniature-dungeon/Isometric/stoneCorner_N.png
  artifactKey: Guid(0001a884948dd724abedbc2908e52fba) Importer(2089858483,192608db42251d675da83286b1cce702)
Start importing Assets/Art/Assets/isometric-miniature-dungeon/Isometric/stoneCorner_N.png using Guid(0001a884948dd724abedbc2908e52fba) Importer(2089858483,192608db42251d675da83286b1cce702) (ScriptedImporter) -> (artifact id: 'b6e8b7a26ad4d69ad520e70302e71413') in 0.0427079 seconds
Number of updated asset objects reloaded before import = 0Number of asset objects unloaded after import = 3

========================================================================
Received Import Request.
  Time since last request: 0.000053 seconds.
  path: Assets/Art/Assets/isometric-miniature-dungeon/Isometric/tableChairsBroken_S.png
  artifactKey: Guid(dcfda9e35f1b088489e6efe997565eaf) Importer(2089858483,192608db42251d675da83286b1cce702)
Start importing Assets/Art/Assets/isometric-miniature-dungeon/Isometric/tableChairsBroken_S.png using Guid(dcfda9e35f1b088489e6efe997565eaf) Importer(2089858483,192608db42251d675da83286b1cce702) (ScriptedImporter) -> (artifact id: '9c20982645bce168a8e447bc3ec1ed1a') in 0.047379 seconds
Number of updated asset objects reloaded before import = 0Number of asset objects unloaded after import = 3

========================================================================
Received Import Request.
  Time since last request: 0.000015 seconds.
  path: Assets/Art/Assets/isometric-miniature-dungeon/Isometric/stoneUneven_N.png
  artifactKey: Guid(36ce9ea1063edbe488deac3d1dcf9b9d) Importer(2089858483,192608db42251d675da83286b1cce702)
Start importing Assets/Art/Assets/isometric-miniature-dungeon/Isometric/stoneUneven_N.png using Guid(36ce9ea1063edbe488deac3d1dcf9b9d) Importer(2089858483,192608db42251d675da83286b1cce702) (ScriptedImporter) -> (artifact id: 'd12c18ffd772e09ed6b84ca6610d25be') in 0.0424508 seconds
Number of updated asset objects reloaded before import = 0Number of asset objects unloaded after import = 3

========================================================================
Received Import Request.
  Time since last request: 0.000017 seconds.
  path: Assets/Art/Assets/isometric-miniature-dungeon/Isometric/stoneSideUneven_W.png
  artifactKey: Guid(e2c502d67f6f04a4198ca77283555b5f) Importer(2089858483,192608db42251d675da83286b1cce702)
Start importing Assets/Art/Assets/isometric-miniature-dungeon/Isometric/stoneSideUneven_W.png using Guid(e2c502d67f6f04a4198ca77283555b5f) Importer(2089858483,192608db42251d675da83286b1cce702) (ScriptedImporter) -> (artifact id: 'bc9d054f63e898f0288f762f59b517ea') in 0.0411432 seconds
Number of updated asset objects reloaded before import = 0Number of asset objects unloaded after import = 3

========================================================================
Received Import Request.
  Time since last request: 0.000020 seconds.
  path: Assets/Art/Assets/isometric-miniature-dungeon/Isometric/stoneWallAgedRight_W.png
  artifactKey: Guid(d8f90db4f79b8c34e8c0477a096debd7) Importer(2089858483,192608db42251d675da83286b1cce702)
Start importing Assets/Art/Assets/isometric-miniature-dungeon/Isometric/stoneWallAgedRight_W.png using Guid(d8f90db4f79b8c34e8c0477a096debd7) Importer(2089858483,192608db42251d675da83286b1cce702) (ScriptedImporter) -> (artifact id: '955432a60ea3751edcccc989becfde10') in 0.0405554 seconds
Number of updated asset objects reloaded before import = 0Number of asset objects unloaded after import = 3

========================================================================
Received Import Request.
  Time since last request: 0.000040 seconds.
  path: Assets/Art/Assets/isometric-miniature-dungeon/Isometric/stairsCorner_E.png
  artifactKey: Guid(8d039ffed26d6c046b3f9caef1f7ae3f) Importer(2089858483,192608db42251d675da83286b1cce702)
Start importing Assets/Art/Assets/isometric-miniature-dungeon/Isometric/stairsCorner_E.png using Guid(8d039ffed26d6c046b3f9caef1f7ae3f) Importer(2089858483,192608db42251d675da83286b1cce702) (ScriptedImporter) -> (artifact id: '56eb98ab6b577530962393450b9331a0') in 0.0511606 seconds
Number of updated asset objects reloaded before import = 0Number of asset objects unloaded after import = 3

========================================================================
Received Import Request.
  Time since last request: 0.000015 seconds.
  path: Assets/Art/Assets/isometric-miniature-dungeon/Isometric/stoneInset_S.png
  artifactKey: Guid(121cbd1dd4cccf64f96153be77435dda) Importer(2089858483,192608db42251d675da83286b1cce702)
Start importing Assets/Art/Assets/isometric-miniature-dungeon/Isometric/stoneInset_S.png using Guid(121cbd1dd4cccf64f96153be77435dda) Importer(2089858483,192608db42251d675da83286b1cce702) (ScriptedImporter) -> (artifact id: '117303f85733aec0a668531d993274f0') in 0.0481071 seconds
Number of updated asset objects reloaded before import = 0Number of asset objects unloaded after import = 3

========================================================================
Received Import Request.
  Time since last request: 0.000017 seconds.
  path: Assets/Art/Assets/isometric-miniature-dungeon/Isometric/stoneWallHalf_W.png
  artifactKey: Guid(a97783a3db9598f45bb9da5cfc71aa5e) Importer(2089858483,192608db42251d675da83286b1cce702)
Start importing Assets/Art/Assets/isometric-miniature-dungeon/Isometric/stoneWallHalf_W.png using Guid(a97783a3db9598f45bb9da5cfc71aa5e) Importer(2089858483,192608db42251d675da83286b1cce702) (ScriptedImporter) -> (artifact id: '50b97e320b34362ffe2bc0aba666c91c') in 0.0426291 seconds
Number of updated asset objects reloaded before import = 0Number of asset objects unloaded after import = 3

========================================================================
Received Import Request.
  Time since last request: 0.000019 seconds.
  path: Assets/Art/Assets/isometric-miniature-dungeon/Isometric/stoneWallColumnIn_W.png
  artifactKey: Guid(2796ef9a29f263c46b7479f01a72856e) Importer(2089858483,192608db42251d675da83286b1cce702)
Start importing Assets/Art/Assets/isometric-miniature-dungeon/Isometric/stoneWallColumnIn_W.png using Guid(2796ef9a29f263c46b7479f01a72856e) Importer(2089858483,192608db42251d675da83286b1cce702) (ScriptedImporter) -> (artifact id: '23b0128df0139d4626a4c0411a3debcc') in 0.0514028 seconds
Number of updated asset objects reloaded before import = 0Number of asset objects unloaded after import = 3

========================================================================
Received Import Request.
  Time since last request: 0.000030 seconds.
  path: Assets/Art/Assets/isometric-miniature-dungeon/Isometric/stoneWallGate_N.png
  artifactKey: Guid(77578c8b4592e4144a970746da70b255) Importer(2089858483,192608db42251d675da83286b1cce702)
Start importing Assets/Art/Assets/isometric-miniature-dungeon/Isometric/stoneWallGate_N.png using Guid(77578c8b4592e4144a970746da70b255) Importer(2089858483,192608db42251d675da83286b1cce702) (ScriptedImporter) -> (artifact id: '8d21932168b2fafd9361895a1c3f1c91') in 0.0603346 seconds
Number of updated asset objects reloaded before import = 0Number of asset objects unloaded after import = 3

========================================================================
Received Import Request.
  Time since last request: 0.000016 seconds.
  path: Assets/Art/Assets/isometric-miniature-dungeon/Isometric/stone_E.png
  artifactKey: Guid(d18cbde5eadacce468eaaa9dbe2b1f0a) Importer(2089858483,192608db42251d675da83286b1cce702)
Start importing Assets/Art/Assets/isometric-miniature-dungeon/Isometric/stone_E.png using Guid(d18cbde5eadacce468eaaa9dbe2b1f0a) Importer(2089858483,192608db42251d675da83286b1cce702) (ScriptedImporter) -> (artifact id: '0f4d2224e4fb1926ba4bb4739454706c') in 0.0495233 seconds
Number of updated asset objects reloaded before import = 0Number of asset objects unloaded after import = 3

========================================================================
Received Import Request.
  Time since last request: 0.000016 seconds.
  path: Assets/Art/Assets/isometric-miniature-dungeon/Isometric/stoneCorner_E.png
  artifactKey: Guid(16a23a9084e300d47bb3e0f4124f021e) Importer(2089858483,192608db42251d675da83286b1cce702)
Start importing Assets/Art/Assets/isometric-miniature-dungeon/Isometric/stoneCorner_E.png using Guid(16a23a9084e300d47bb3e0f4124f021e) Importer(2089858483,192608db42251d675da83286b1cce702) (ScriptedImporter) -> (artifact id: '5b4daf62f73d15f524594bfd25636c24') in 0.0422788 seconds
Number of updated asset objects reloaded before import = 0Number of asset objects unloaded after import = 3

========================================================================
Received Import Request.
  Time since last request: 0.000018 seconds.
  path: Assets/Art/Assets/isometric-miniature-dungeon/Isometric/stoneWallDoor_N.png
  artifactKey: Guid(0cb96fcb6bc127a4dbeb4ee913d0d8f1) Importer(2089858483,192608db42251d675da83286b1cce702)
Start importing Assets/Art/Assets/isometric-miniature-dungeon/Isometric/stoneWallDoor_N.png using Guid(0cb96fcb6bc127a4dbeb4ee913d0d8f1) Importer(2089858483,192608db42251d675da83286b1cce702) (ScriptedImporter) -> (artifact id: 'fd7215fc17332c4c68ca6066e4d92c80') in 0.0393575 seconds
Number of updated asset objects reloaded before import = 0Number of asset objects unloaded after import = 3

========================================================================
Received Import Request.
  Time since last request: 0.000029 seconds.
  path: Assets/Art/Assets/isometric-miniature-dungeon/Isometric/stoneWallBrokenRight_W.png
  artifactKey: Guid(1165c64b80cf325408a3e33676e1569f) Importer(2089858483,192608db42251d675da83286b1cce702)
Start importing Assets/Art/Assets/isometric-miniature-dungeon/Isometric/stoneWallBrokenRight_W.png using Guid(1165c64b80cf325408a3e33676e1569f) Importer(2089858483,192608db42251d675da83286b1cce702) (ScriptedImporter) -> (artifact id: '42d6648680f6854f067e40a8be6c9962') in 0.0613911 seconds
Number of updated asset objects reloaded before import = 0Number of asset objects unloaded after import = 3

========================================================================
Received Import Request.
  Time since last request: 0.000018 seconds.
  path: Assets/Art/Assets/isometric-miniature-dungeon/Isometric/tableRoundItemsChairs_W.png
  artifactKey: Guid(ce6353a660de33145870d7a8d80f9b6b) Importer(2089858483,192608db42251d675da83286b1cce702)
Start importing Assets/Art/Assets/isometric-miniature-dungeon/Isometric/tableRoundItemsChairs_W.png using Guid(ce6353a660de33145870d7a8d80f9b6b) Importer(2089858483,192608db42251d675da83286b1cce702) (ScriptedImporter) -> (artifact id: '7ef8fcf8a0c031d18704e29085554e6e') in 0.0559084 seconds
Number of updated asset objects reloaded before import = 0Number of asset objects unloaded after import = 3

========================================================================
Received Import Request.
  Time since last request: 0.000017 seconds.
  path: Assets/Art/Assets/isometric-miniature-dungeon/Isometric/chestOpen_N.png
  artifactKey: Guid(461137808b8b619409fff7e38f847035) Importer(2089858483,192608db42251d675da83286b1cce702)
Start importing Assets/Art/Assets/isometric-miniature-dungeon/Isometric/chestOpen_N.png using Guid(461137808b8b619409fff7e38f847035) Importer(2089858483,192608db42251d675da83286b1cce702) (ScriptedImporter) -> (artifact id: 'ef3438c4e9da74cf13e4ab6b8b09426b') in 0.0529375 seconds
Number of updated asset objects reloaded before import = 0Number of asset objects unloaded after import = 3

========================================================================
Received Import Request.
  Time since last request: 0.000028 seconds.
  path: Assets/Art/Assets/isometric-miniature-dungeon/Isometric/woodenSupportsBeam_S.png
  artifactKey: Guid(4d09e70eb67b1384894f30ab15b15f73) Importer(2089858483,192608db42251d675da83286b1cce702)
Start importing Assets/Art/Assets/isometric-miniature-dungeon/Isometric/woodenSupportsBeam_S.png using Guid(4d09e70eb67b1384894f30ab15b15f73) Importer(2089858483,192608db42251d675da83286b1cce702) (ScriptedImporter) -> (artifact id: '3dfa70ea647e92e6201e8d14e4a227af') in 0.0529335 seconds
Number of updated asset objects reloaded before import = 0Number of asset objects unloaded after import = 3

========================================================================
Received Import Request.
  Time since last request: 0.000015 seconds.
  path: Assets/Art/Assets/isometric-miniature-dungeon/Isometric/stoneWallCorner_W.png
  artifactKey: Guid(acad2ee71b630944d9ad9ba8024aef99) Importer(2089858483,192608db42251d675da83286b1cce702)
Start importing Assets/Art/Assets/isometric-miniature-dungeon/Isometric/stoneWallCorner_W.png using Guid(acad2ee71b630944d9ad9ba8024aef99) Importer(2089858483,192608db42251d675da83286b1cce702) (ScriptedImporter) -> (artifact id: '1741e02083eaeedb394a09fd87182551') in 0.0467796 seconds
Number of updated asset objects reloaded before import = 0Number of asset objects unloaded after import = 3

========================================================================
Received Import Request.
  Time since last request: 0.000021 seconds.
  path: Assets/Art/Assets/isometric-miniature-dungeon/Isometric/stoneStep_E.png
  artifactKey: Guid(d8c1d47b19858704da4d24d7d32800be) Importer(2089858483,192608db42251d675da83286b1cce702)
Start importing Assets/Art/Assets/isometric-miniature-dungeon/Isometric/stoneStep_E.png using Guid(d8c1d47b19858704da4d24d7d32800be) Importer(2089858483,192608db42251d675da83286b1cce702) (ScriptedImporter) -> (artifact id: '3303541f054fb80f39967b49678965ba') in 0.0613695 seconds
Number of updated asset objects reloaded before import = 0Number of asset objects unloaded after import = 3

========================================================================
Received Import Request.
  Time since last request: 0.000023 seconds.
  path: Assets/Art/Assets/isometric-miniature-dungeon/Isometric/barrels_S.png
  artifactKey: Guid(016e8f046b1fae24e978efa2e2a4ceee) Importer(2089858483,192608db42251d675da83286b1cce702)
Start importing Assets/Art/Assets/isometric-miniature-dungeon/Isometric/barrels_S.png using Guid(016e8f046b1fae24e978efa2e2a4ceee) Importer(2089858483,192608db42251d675da83286b1cce702) (ScriptedImporter) -> (artifact id: 'fb8c9d02b025e0f830f2f5b57c6f50ed') in 0.0559421 seconds
Number of updated asset objects reloaded before import = 0Number of asset objects unloaded after import = 3

========================================================================
Received Import Request.
  Time since last request: 0.000015 seconds.
  path: Assets/Art/Assets/isometric-miniature-dungeon/Isometric/stoneWallDoorClosed_S.png
  artifactKey: Guid(2eeb922645c52144295348756b8e43bd) Importer(2089858483,192608db42251d675da83286b1cce702)
Start importing Assets/Art/Assets/isometric-miniature-dungeon/Isometric/stoneWallDoorClosed_S.png using Guid(2eeb922645c52144295348756b8e43bd) Importer(2089858483,192608db42251d675da83286b1cce702) (ScriptedImporter) -> (artifact id: 'f731b04047b262a638119e40c9f0fb13') in 0.0459923 seconds
Number of updated asset objects reloaded before import = 0Number of asset objects unloaded after import = 3

========================================================================
Received Import Request.
  Time since last request: 0.000015 seconds.
  path: Assets/Art/Assets/isometric-miniature-dungeon/Isometric/stoneTile_W.png
  artifactKey: Guid(9c7b3d1d46620ae4882c8b65c7557f3a) Importer(2089858483,192608db42251d675da83286b1cce702)
Start importing Assets/Art/Assets/isometric-miniature-dungeon/Isometric/stoneTile_W.png using Guid(9c7b3d1d46620ae4882c8b65c7557f3a) Importer(2089858483,192608db42251d675da83286b1cce702) (ScriptedImporter) -> (artifact id: '0af163212f17f121a3aace9790432f9b') in 0.0502194 seconds
Number of updated asset objects reloaded before import = 0Number of asset objects unloaded after import = 3

========================================================================
Received Import Request.
  Time since last request: 0.000019 seconds.
  path: Assets/Art/Assets/isometric-miniature-dungeon/Isometric/stoneWallDoorBars_S.png
  artifactKey: Guid(45196c2ca163ae64bb7afd3bb117ef41) Importer(2089858483,192608db42251d675da83286b1cce702)
Start importing Assets/Art/Assets/isometric-miniature-dungeon/Isometric/stoneWallDoorBars_S.png using Guid(45196c2ca163ae64bb7afd3bb117ef41) Importer(2089858483,192608db42251d675da83286b1cce702) (ScriptedImporter) -> (artifact id: 'bad8281fb578c6c7bad0c5e2c2f05382') in 0.0516605 seconds
Number of updated asset objects reloaded before import = 0Number of asset objects unloaded after import = 3

========================================================================
Received Import Request.
  Time since last request: 0.000028 seconds.
  path: Assets/Art/Assets/isometric-miniature-dungeon/Isometric/stoneWallGateOpen_S.png
  artifactKey: Guid(428ae20c582c7fc489bf58cd749b32bb) Importer(2089858483,192608db42251d675da83286b1cce702)
Start importing Assets/Art/Assets/isometric-miniature-dungeon/Isometric/stoneWallGateOpen_S.png using Guid(428ae20c582c7fc489bf58cd749b32bb) Importer(2089858483,192608db42251d675da83286b1cce702) (ScriptedImporter) -> (artifact id: 'cf6e588eb54e2f7b8b46859bb411dc37') in 0.0551092 seconds
Number of updated asset objects reloaded before import = 0Number of asset objects unloaded after import = 3

========================================================================
Received Import Request.
  Time since last request: 0.000021 seconds.
  path: Assets/Art/Assets/isometric-miniature-dungeon/Isometric/stoneSide_E.png
  artifactKey: Guid(19d6a6971d55fa1458b6cf7ac670a332) Importer(2089858483,192608db42251d675da83286b1cce702)
Start importing Assets/Art/Assets/isometric-miniature-dungeon/Isometric/stoneSide_E.png using Guid(19d6a6971d55fa1458b6cf7ac670a332) Importer(2089858483,192608db42251d675da83286b1cce702) (ScriptedImporter) -> (artifact id: '7965f30f33117b94b8b8d0f2924c5035') in 0.045119 seconds
Number of updated asset objects reloaded before import = 0Number of asset objects unloaded after import = 3

========================================================================
Received Import Request.
  Time since last request: 0.000023 seconds.
  path: Assets/Art/Assets/isometric-miniature-dungeon/Isometric/planksBroken_E.png
  artifactKey: Guid(bba3014700f2d704e856574a5463e783) Importer(2089858483,192608db42251d675da83286b1cce702)
Start importing Assets/Art/Assets/isometric-miniature-dungeon/Isometric/planksBroken_E.png using Guid(bba3014700f2d704e856574a5463e783) Importer(2089858483,192608db42251d675da83286b1cce702) (ScriptedImporter) -> (artifact id: 'e6fd2a78888505972dcf908bd697a893') in 0.0568844 seconds
Number of updated asset objects reloaded before import = 0Number of asset objects unloaded after import = 3

========================================================================
Received Import Request.
  Time since last request: 0.000026 seconds.
  path: Assets/Art/Assets/isometric-miniature-dungeon/Isometric/tableRoundChairs_E.png
  artifactKey: Guid(eaa18a6bb4c1d014db649e39f6d6e762) Importer(2089858483,192608db42251d675da83286b1cce702)
Start importing Assets/Art/Assets/isometric-miniature-dungeon/Isometric/tableRoundChairs_E.png using Guid(eaa18a6bb4c1d014db649e39f6d6e762) Importer(2089858483,192608db42251d675da83286b1cce702) (ScriptedImporter) -> (artifact id: '684dcad20abb49c74ef5678ed7263aa0') in 0.0495815 seconds
Number of updated asset objects reloaded before import = 0Number of asset objects unloaded after import = 3

========================================================================
Received Import Request.
  Time since last request: 0.000016 seconds.
  path: Assets/Art/Assets/isometric-miniature-dungeon/Isometric/stoneWallGateBars_N.png
  artifactKey: Guid(2eba0004a6eef034abd2598c8f8edb5f) Importer(2089858483,192608db42251d675da83286b1cce702)
Start importing Assets/Art/Assets/isometric-miniature-dungeon/Isometric/stoneWallGateBars_N.png using Guid(2eba0004a6eef034abd2598c8f8edb5f) Importer(2089858483,192608db42251d675da83286b1cce702) (ScriptedImporter) -> (artifact id: '06201ddde117a034aa2911ba11e636e3') in 0.0594167 seconds
Number of updated asset objects reloaded before import = 0Number of asset objects unloaded after import = 3

========================================================================
Received Import Request.
  Time since last request: 0.000017 seconds.
  path: Assets/Art/Assets/isometric-miniature-dungeon/Isometric/stoneWallCorner_S.png
  artifactKey: Guid(df942c2e5db18a44389f1f2c8eda9064) Importer(2089858483,192608db42251d675da83286b1cce702)
Start importing Assets/Art/Assets/isometric-miniature-dungeon/Isometric/stoneWallCorner_S.png using Guid(df942c2e5db18a44389f1f2c8eda9064) Importer(2089858483,192608db42251d675da83286b1cce702) (ScriptedImporter) -> (artifact id: '74bc5a50e10a673118694d89472df6f0') in 0.053011 seconds
Number of updated asset objects reloaded before import = 0Number of asset objects unloaded after import = 3

========================================================================
Received Import Request.
  Time since last request: 0.000029 seconds.
  path: Assets/Art/Assets/isometric-miniature-dungeon/Isometric/stoneWallArchway_S.png
  artifactKey: Guid(f51fabcc4d78e4b409a137c4833587b6) Importer(2089858483,192608db42251d675da83286b1cce702)
Start importing Assets/Art/Assets/isometric-miniature-dungeon/Isometric/stoneWallArchway_S.png using Guid(f51fabcc4d78e4b409a137c4833587b6) Importer(2089858483,192608db42251d675da83286b1cce702) (ScriptedImporter) -> (artifact id: '6ce6e30086d6aad731a85041bb253620') in 0.048089 seconds
Number of updated asset objects reloaded before import = 0Number of asset objects unloaded after import = 3

========================================================================
Received Import Request.
  Time since last request: 0.000015 seconds.
  path: Assets/Art/Assets/isometric-miniature-dungeon/Isometric/tableRoundItemsChairs_E.png
  artifactKey: Guid(eaa46e1c43614a846bab9032d577a997) Importer(2089858483,192608db42251d675da83286b1cce702)
Start importing Assets/Art/Assets/isometric-miniature-dungeon/Isometric/tableRoundItemsChairs_E.png using Guid(eaa46e1c43614a846bab9032d577a997) Importer(2089858483,192608db42251d675da83286b1cce702) (ScriptedImporter) -> (artifact id: 'ff1b58814e00c1c944a8d91ae6e09b33') in 0.051571 seconds
Number of updated asset objects reloaded before import = 0Number of asset objects unloaded after import = 3

========================================================================
Received Import Request.
  Time since last request: 0.000017 seconds.
  path: Assets/Art/Assets/isometric-miniature-dungeon/Isometric/stoneSide_N.png
  artifactKey: Guid(b26fb0aae80a07e44912d78eadf62d25) Importer(2089858483,192608db42251d675da83286b1cce702)
Start importing Assets/Art/Assets/isometric-miniature-dungeon/Isometric/stoneSide_N.png using Guid(b26fb0aae80a07e44912d78eadf62d25) Importer(2089858483,192608db42251d675da83286b1cce702) (ScriptedImporter) -> (artifact id: '48d4c2d370cafc5cc1795765f8563026') in 0.04833 seconds
Number of updated asset objects reloaded before import = 0Number of asset objects unloaded after import = 3

========================================================================
Received Import Request.
  Time since last request: 0.000023 seconds.
  path: Assets/Art/Assets/isometric-miniature-dungeon/Isometric/stoneRight_N.png
  artifactKey: Guid(b9335075d124a514e9db809843fb9e6f) Importer(2089858483,192608db42251d675da83286b1cce702)
Start importing Assets/Art/Assets/isometric-miniature-dungeon/Isometric/stoneRight_N.png using Guid(b9335075d124a514e9db809843fb9e6f) Importer(2089858483,192608db42251d675da83286b1cce702) (ScriptedImporter) -> (artifact id: '08367a7a53a67535ae940af1db53c585') in 0.0446112 seconds
Number of updated asset objects reloaded before import = 0Number of asset objects unloaded after import = 3

========================================================================
Received Import Request.
  Time since last request: 0.000028 seconds.
  path: Assets/Art/Assets/isometric-miniature-dungeon/Isometric/stoneWallAged_S.png
  artifactKey: Guid(11658939974ad5442ba0f07d85bfda2c) Importer(2089858483,192608db42251d675da83286b1cce702)
Start importing Assets/Art/Assets/isometric-miniature-dungeon/Isometric/stoneWallAged_S.png using Guid(11658939974ad5442ba0f07d85bfda2c) Importer(2089858483,192608db42251d675da83286b1cce702) (ScriptedImporter) -> (artifact id: '04a52272a4199fdca2bf65ac589a4e99') in 0.0520046 seconds
Number of updated asset objects reloaded before import = 0Number of asset objects unloaded after import = 3

========================================================================
Received Import Request.
  Time since last request: 0.000017 seconds.
  path: Assets/Art/Assets/isometric-miniature-dungeon/Isometric/stoneWallGate_W.png
  artifactKey: Guid(e930c808e73c70c4ebc35c5d5da92b03) Importer(2089858483,192608db42251d675da83286b1cce702)
Start importing Assets/Art/Assets/isometric-miniature-dungeon/Isometric/stoneWallGate_W.png using Guid(e930c808e73c70c4ebc35c5d5da92b03) Importer(2089858483,192608db42251d675da83286b1cce702) (ScriptedImporter) -> (artifact id: '0807628677f4ec1c070f61997ea66bc6') in 0.053893 seconds
Number of updated asset objects reloaded before import = 0Number of asset objects unloaded after import = 3

========================================================================
Received Import Request.
  Time since last request: 0.000017 seconds.
  path: Assets/Art/Assets/isometric-miniature-dungeon/Isometric/tableShort_S.png
  artifactKey: Guid(2db106a5df228324b9a06caeb05820e5) Importer(2089858483,192608db42251d675da83286b1cce702)
Start importing Assets/Art/Assets/isometric-miniature-dungeon/Isometric/tableShort_S.png using Guid(2db106a5df228324b9a06caeb05820e5) Importer(2089858483,192608db42251d675da83286b1cce702) (ScriptedImporter) -> (artifact id: 'e27686f08a4789560c5410cc03df677c') in 0.0480721 seconds
Number of updated asset objects reloaded before import = 0Number of asset objects unloaded after import = 3

========================================================================
Received Import Request.
  Time since last request: 0.000021 seconds.
  path: Assets/Art/Assets/isometric-miniature-dungeon/Isometric/dirtTiles_W.png
  artifactKey: Guid(a9e340ee21acf4047a88fa150dae231b) Importer(2089858483,192608db42251d675da83286b1cce702)
Start importing Assets/Art/Assets/isometric-miniature-dungeon/Isometric/dirtTiles_W.png using Guid(a9e340ee21acf4047a88fa150dae231b) Importer(2089858483,192608db42251d675da83286b1cce702) (ScriptedImporter) -> (artifact id: '92e629b5dffba73c40198a0f8aec613c') in 0.0398121 seconds
Number of updated asset objects reloaded before import = 0Number of asset objects unloaded after import = 3

========================================================================
Received Import Request.
  Time since last request: 0.000026 seconds.
  path: Assets/Art/Assets/isometric-miniature-dungeon/Isometric/stoneWallDoorClosed_N.png
  artifactKey: Guid(dd6c3794a294bde4282c819e70cde40e) Importer(2089858483,192608db42251d675da83286b1cce702)
Start importing Assets/Art/Assets/isometric-miniature-dungeon/Isometric/stoneWallDoorClosed_N.png using Guid(dd6c3794a294bde4282c819e70cde40e) Importer(2089858483,192608db42251d675da83286b1cce702) (ScriptedImporter) -> (artifact id: '0359fd9a58343502cadbdfa99452d138') in 0.0392022 seconds
Number of updated asset objects reloaded before import = 0Number of asset objects unloaded after import = 3

========================================================================
Received Import Request.
  Time since last request: 0.000021 seconds.
  path: Assets/Art/Assets/isometric-miniature-dungeon/Isometric/barrels_E.png
  artifactKey: Guid(3024105e4077fd347af682e8b597ed71) Importer(2089858483,192608db42251d675da83286b1cce702)
Start importing Assets/Art/Assets/isometric-miniature-dungeon/Isometric/barrels_E.png using Guid(3024105e4077fd347af682e8b597ed71) Importer(2089858483,192608db42251d675da83286b1cce702) (ScriptedImporter) -> (artifact id: '2a77ed8be0ab97e60ee096dc4126500c') in 0.0512591 seconds
Number of updated asset objects reloaded before import = 0Number of asset objects unloaded after import = 3

========================================================================
Received Import Request.
  Time since last request: 0.000017 seconds.
  path: Assets/Art/Assets/isometric-miniature-dungeon/Isometric/woodenPile_N.png
  artifactKey: Guid(4dad96a75fad2dd40b03f844d3798441) Importer(2089858483,192608db42251d675da83286b1cce702)
Start importing Assets/Art/Assets/isometric-miniature-dungeon/Isometric/woodenPile_N.png using Guid(4dad96a75fad2dd40b03f844d3798441) Importer(2089858483,192608db42251d675da83286b1cce702) (ScriptedImporter) -> (artifact id: '910da7ac7225a36e6980821d14abc0d2') in 0.0554108 seconds
Number of updated asset objects reloaded before import = 0Number of asset objects unloaded after import = 3

========================================================================
Received Import Request.
  Time since last request: 0.000021 seconds.
  path: Assets/Art/Assets/isometric-miniature-dungeon/Isometric/tableChairsBroken_W.png
  artifactKey: Guid(62476b17a4e5bac48934ca96e402eaf1) Importer(2089858483,192608db42251d675da83286b1cce702)
Start importing Assets/Art/Assets/isometric-miniature-dungeon/Isometric/tableChairsBroken_W.png using Guid(62476b17a4e5bac48934ca96e402eaf1) Importer(2089858483,192608db42251d675da83286b1cce702) (ScriptedImporter) -> (artifact id: 'ec05e3ace6de2a12c9c105bc180b9606') in 0.0471381 seconds
Number of updated asset objects reloaded before import = 0Number of asset objects unloaded after import = 3

========================================================================
Received Import Request.
  Time since last request: 0.000031 seconds.
  path: Assets/Art/Assets/isometric-miniature-dungeon/Isometric/stoneWallWindow_W.png
  artifactKey: Guid(ca6b4cc004001bf468423124b246462f) Importer(2089858483,192608db42251d675da83286b1cce702)
Start importing Assets/Art/Assets/isometric-miniature-dungeon/Isometric/stoneWallWindow_W.png using Guid(ca6b4cc004001bf468423124b246462f) Importer(2089858483,192608db42251d675da83286b1cce702) (ScriptedImporter) -> (artifact id: '66328c3d9c71ce7cbf887992603a796a') in 0.0563172 seconds
Number of updated asset objects reloaded before import = 0Number of asset objects unloaded after import = 3

========================================================================
Received Import Request.
  Time since last request: 0.000017 seconds.
  path: Assets/Art/Assets/isometric-miniature-dungeon/Isometric/woodenSupportsBlock_W.png
  artifactKey: Guid(f2e0b9e41bebcfb43982c3c0cf50f3f5) Importer(2089858483,192608db42251d675da83286b1cce702)
Start importing Assets/Art/Assets/isometric-miniature-dungeon/Isometric/woodenSupportsBlock_W.png using Guid(f2e0b9e41bebcfb43982c3c0cf50f3f5) Importer(2089858483,192608db42251d675da83286b1cce702) (ScriptedImporter) -> (artifact id: '02609c4e411acf56c19fc1f3223ddfc8') in 0.0633153 seconds
Number of updated asset objects reloaded before import = 0Number of asset objects unloaded after import = 3

========================================================================
Received Import Request.
  Time since last request: 0.000018 seconds.
  path: Assets/Art/Assets/isometric-miniature-dungeon/Isometric/tableShort_N.png
  artifactKey: Guid(674c9de57b62766458d20c27ddeda8bc) Importer(2089858483,192608db42251d675da83286b1cce702)
Start importing Assets/Art/Assets/isometric-miniature-dungeon/Isometric/tableShort_N.png using Guid(674c9de57b62766458d20c27ddeda8bc) Importer(2089858483,192608db42251d675da83286b1cce702) (ScriptedImporter) -> (artifact id: '9dd58f4a5fa6d8838666ceb7a569ae22') in 0.071822 seconds
Number of updated asset objects reloaded before import = 0Number of asset objects unloaded after import = 3

========================================================================
Received Import Request.
  Time since last request: 0.000032 seconds.
  path: Assets/Art/Assets/isometric-miniature-dungeon/Isometric/stoneWallDoor_S.png
  artifactKey: Guid(d135a4a54f82e114ba6e940ce8c99e18) Importer(2089858483,192608db42251d675da83286b1cce702)
Start importing Assets/Art/Assets/isometric-miniature-dungeon/Isometric/stoneWallDoor_S.png using Guid(d135a4a54f82e114ba6e940ce8c99e18) Importer(2089858483,192608db42251d675da83286b1cce702) (ScriptedImporter) -> (artifact id: '499bd5e47dc8a525f40eed51456c0851') in 0.0640888 seconds
Number of updated asset objects reloaded before import = 0Number of asset objects unloaded after import = 3

========================================================================
Received Import Request.
  Time since last request: 0.000017 seconds.
  path: Assets/Art/Assets/isometric-miniature-dungeon/Isometric/stoneSide_S.png
  artifactKey: Guid(ae8caf4e2d4e7bb4281eeea29496c8aa) Importer(2089858483,192608db42251d675da83286b1cce702)
Start importing Assets/Art/Assets/isometric-miniature-dungeon/Isometric/stoneSide_S.png using Guid(ae8caf4e2d4e7bb4281eeea29496c8aa) Importer(2089858483,192608db42251d675da83286b1cce702) (ScriptedImporter) -> (artifact id: '653c754900a159b9efe88fb979a66fd5') in 0.0506971 seconds
Number of updated asset objects reloaded before import = 0Number of asset objects unloaded after import = 3

========================================================================
Received Import Request.
  Time since last request: 0.000018 seconds.
  path: Assets/Art/Assets/isometric-miniature-dungeon/Isometric/stoneWallCorner_E.png
  artifactKey: Guid(ef5357d2b04dd5344b094fc05ef9f8cf) Importer(2089858483,192608db42251d675da83286b1cce702)
Start importing Assets/Art/Assets/isometric-miniature-dungeon/Isometric/stoneWallCorner_E.png using Guid(ef5357d2b04dd5344b094fc05ef9f8cf) Importer(2089858483,192608db42251d675da83286b1cce702) (ScriptedImporter) -> (artifact id: 'd32efaafc401d9205b8d7823112ea983') in 0.0482419 seconds
Number of updated asset objects reloaded before import = 0Number of asset objects unloaded after import = 3

========================================================================
Received Import Request.
  Time since last request: 0.000030 seconds.
  path: Assets/Art/Assets/isometric-miniature-dungeon/Isometric/stoneWallAged_W.png
  artifactKey: Guid(cbf04d15c2e31b74dac1418a6fdff688) Importer(2089858483,192608db42251d675da83286b1cce702)
Start importing Assets/Art/Assets/isometric-miniature-dungeon/Isometric/stoneWallAged_W.png using Guid(cbf04d15c2e31b74dac1418a6fdff688) Importer(2089858483,192608db42251d675da83286b1cce702) (ScriptedImporter) -> (artifact id: '787ba9a152c07f7b5fde05b25799e1c7') in 0.0579761 seconds
Number of updated asset objects reloaded before import = 0Number of asset objects unloaded after import = 3

========================================================================
Received Import Request.
  Time since last request: 0.000022 seconds.
  path: Assets/Art/Assets/isometric-miniature-dungeon/Isometric/stairsCorner_N.png
  artifactKey: Guid(8635d8356274df04eb3da2f6d652a9d3) Importer(2089858483,192608db42251d675da83286b1cce702)
Start importing Assets/Art/Assets/isometric-miniature-dungeon/Isometric/stairsCorner_N.png using Guid(8635d8356274df04eb3da2f6d652a9d3) Importer(2089858483,192608db42251d675da83286b1cce702) (ScriptedImporter) -> (artifact id: '1d94f7e4a5ef93db789b897e579a4f6a') in 0.0455596 seconds
Number of updated asset objects reloaded before import = 0Number of asset objects unloaded after import = 3

========================================================================
Received Import Request.
  Time since last request: 0.000014 seconds.
  path: Assets/Art/Assets/isometric-miniature-dungeon/Isometric/chestOpen_S.png
  artifactKey: Guid(f009a3ef72a6e414c89a55f2531a5650) Importer(2089858483,192608db42251d675da83286b1cce702)
Start importing Assets/Art/Assets/isometric-miniature-dungeon/Isometric/chestOpen_S.png using Guid(f009a3ef72a6e414c89a55f2531a5650) Importer(2089858483,192608db42251d675da83286b1cce702) (ScriptedImporter) -> (artifact id: 'f8401f70dfaed4081866c6dce0a45274') in 0.0473587 seconds
Number of updated asset objects reloaded before import = 0Number of asset objects unloaded after import = 3

========================================================================
Received Import Request.
  Time since last request: 0.000021 seconds.
  path: Assets/Art/Assets/isometric-miniature-dungeon/Isometric/stoneWallGateOpen_E.png
  artifactKey: Guid(8a0e21554f778884096cfc15b39804c5) Importer(2089858483,192608db42251d675da83286b1cce702)
Start importing Assets/Art/Assets/isometric-miniature-dungeon/Isometric/stoneWallGateOpen_E.png using Guid(8a0e21554f778884096cfc15b39804c5) Importer(2089858483,192608db42251d675da83286b1cce702) (ScriptedImporter) -> (artifact id: '6532925854e95245101534d4b0f5406d') in 0.0485097 seconds
Number of updated asset objects reloaded before import = 0Number of asset objects unloaded after import = 3

========================================================================
Received Import Request.
  Time since last request: 0.000059 seconds.
  path: Assets/Art/Assets/isometric-miniature-dungeon/Isometric/stoneWallGateOpen_N.png
  artifactKey: Guid(f30198f695981ca43bf7f06455d52384) Importer(2089858483,192608db42251d675da83286b1cce702)
Start importing Assets/Art/Assets/isometric-miniature-dungeon/Isometric/stoneWallGateOpen_N.png using Guid(f30198f695981ca43bf7f06455d52384) Importer(2089858483,192608db42251d675da83286b1cce702) (ScriptedImporter) -> (artifact id: '22508fb63eec07487edb0dc1abe089b8') in 0.0576235 seconds
Number of updated asset objects reloaded before import = 0Number of asset objects unloaded after import = 3

========================================================================
Received Import Request.
  Time since last request: 0.000025 seconds.
  path: Assets/Art/Assets/isometric-miniature-dungeon/Isometric/barrels_W.png
  artifactKey: Guid(30e5127b1b81ac040ad855ed0ae650c0) Importer(2089858483,192608db42251d675da83286b1cce702)
Start importing Assets/Art/Assets/isometric-miniature-dungeon/Isometric/barrels_W.png using Guid(30e5127b1b81ac040ad855ed0ae650c0) Importer(2089858483,192608db42251d675da83286b1cce702) (ScriptedImporter) -> (artifact id: '1ebf76b3277a30e3bcddfa039fdf5712') in 0.0547414 seconds
Number of updated asset objects reloaded before import = 0Number of asset objects unloaded after import = 3

========================================================================
Received Import Request.
  Time since last request: 0.000019 seconds.
  path: Assets/Art/Assets/isometric-miniature-dungeon/Angle/stoneCorner_W.png
  artifactKey: Guid(a5dda52191ac5494e90e61bc46801e9b) Importer(2089858483,192608db42251d675da83286b1cce702)
Start importing Assets/Art/Assets/isometric-miniature-dungeon/Angle/stoneCorner_W.png using Guid(a5dda52191ac5494e90e61bc46801e9b) Importer(2089858483,192608db42251d675da83286b1cce702) (ScriptedImporter) -> (artifact id: 'ca3573fbc8d6ae6f8d9954bf5466a9af') in 0.04313 seconds
Number of updated asset objects reloaded before import = 0Number of asset objects unloaded after import = 3

========================================================================
Received Import Request.
  Time since last request: 0.000034 seconds.
  path: Assets/Art/Assets/isometric-miniature-dungeon/Isometric/tableRound_S.png
  artifactKey: Guid(5b260a28a0ac8184a855b06ecd89da72) Importer(2089858483,192608db42251d675da83286b1cce702)
Start importing Assets/Art/Assets/isometric-miniature-dungeon/Isometric/tableRound_S.png using Guid(5b260a28a0ac8184a855b06ecd89da72) Importer(2089858483,192608db42251d675da83286b1cce702) (ScriptedImporter) -> (artifact id: 'd90a0f2e379baa7b322134459e2b43be') in 0.0585241 seconds
Number of updated asset objects reloaded before import = 0Number of asset objects unloaded after import = 3

========================================================================
Received Import Request.
  Time since last request: 0.000017 seconds.
  path: Assets/Art/Assets/isometric-miniature-dungeon/Isometric/stoneColumn_W.png
  artifactKey: Guid(b07c3f816b52dec4eb6b61f29d79cda5) Importer(2089858483,192608db42251d675da83286b1cce702)
Start importing Assets/Art/Assets/isometric-miniature-dungeon/Isometric/stoneColumn_W.png using Guid(b07c3f816b52dec4eb6b61f29d79cda5) Importer(2089858483,192608db42251d675da83286b1cce702) (ScriptedImporter) -> (artifact id: 'e9b16fd1fa95ce8375c3dc109ec580f2') in 0.0576486 seconds
Number of updated asset objects reloaded before import = 0Number of asset objects unloaded after import = 3

========================================================================
Received Import Request.
  Time since last request: 0.000023 seconds.
  path: Assets/Art/Assets/isometric-miniature-dungeon/Isometric/stoneSteps_N.png
  artifactKey: Guid(fd6142a3d82eb8f43a6b6e3e257d9b29) Importer(2089858483,192608db42251d675da83286b1cce702)
Start importing Assets/Art/Assets/isometric-miniature-dungeon/Isometric/stoneSteps_N.png using Guid(fd6142a3d82eb8f43a6b6e3e257d9b29) Importer(2089858483,192608db42251d675da83286b1cce702) (ScriptedImporter) -> (artifact id: '6c3729011c0db7b771c9b66f6c6ca7f0') in 0.0581719 seconds
Number of updated asset objects reloaded before import = 0Number of asset objects unloaded after import = 3

========================================================================
Received Import Request.
  Time since last request: 0.000029 seconds.
  path: Assets/Art/Assets/isometric-miniature-dungeon/Isometric/dirt_S.png
  artifactKey: Guid(28e33c5f58fa8934e85f0eacad6dc493) Importer(2089858483,192608db42251d675da83286b1cce702)
Start importing Assets/Art/Assets/isometric-miniature-dungeon/Isometric/dirt_S.png using Guid(28e33c5f58fa8934e85f0eacad6dc493) Importer(2089858483,192608db42251d675da83286b1cce702) (ScriptedImporter) -> (artifact id: '5d3ee5428cf16de8397a088395597047') in 0.0446374 seconds
Number of updated asset objects reloaded before import = 0Number of asset objects unloaded after import = 3

========================================================================
Received Import Request.
  Time since last request: 0.000022 seconds.
  path: Assets/Art/Assets/isometric-miniature-dungeon/Isometric/stoneWallBroken_E.png
  artifactKey: Guid(95a49e9a5bf4c85428df5fd085c126a4) Importer(2089858483,192608db42251d675da83286b1cce702)
Start importing Assets/Art/Assets/isometric-miniature-dungeon/Isometric/stoneWallBroken_E.png using Guid(95a49e9a5bf4c85428df5fd085c126a4) Importer(2089858483,192608db42251d675da83286b1cce702) (ScriptedImporter) -> (artifact id: '2c6e0ff12a4a0e3b66a3f8cfd840084e') in 0.0431433 seconds
Number of updated asset objects reloaded before import = 0Number of asset objects unloaded after import = 3

========================================================================
Received Import Request.
  Time since last request: 0.000019 seconds.
  path: Assets/Art/Assets/isometric-miniature-dungeon/Isometric/stoneWall_E.png
  artifactKey: Guid(56c55e99bb2e96647afd970d0cbf9c9a) Importer(2089858483,192608db42251d675da83286b1cce702)
Start importing Assets/Art/Assets/isometric-miniature-dungeon/Isometric/stoneWall_E.png using Guid(56c55e99bb2e96647afd970d0cbf9c9a) Importer(2089858483,192608db42251d675da83286b1cce702) (ScriptedImporter) -> (artifact id: 'e77235a64fb542954755e0b6c65c83e2') in 0.0559603 seconds
Number of updated asset objects reloaded before import = 0Number of asset objects unloaded after import = 3

========================================================================
Received Import Request.
  Time since last request: 0.000021 seconds.
  path: Assets/Art/Assets/isometric-miniature-dungeon/Isometric/stoneWallRound_N.png
  artifactKey: Guid(00d5f451b89495b4eaf1a5e627e5aaa0) Importer(2089858483,192608db42251d675da83286b1cce702)
Start importing Assets/Art/Assets/isometric-miniature-dungeon/Isometric/stoneWallRound_N.png using Guid(00d5f451b89495b4eaf1a5e627e5aaa0) Importer(2089858483,192608db42251d675da83286b1cce702) (ScriptedImporter) -> (artifact id: '2d4fb645090ad91e1bd47b99878e2c5e') in 0.0520543 seconds
Number of updated asset objects reloaded before import = 0Number of asset objects unloaded after import = 3

========================================================================
Received Import Request.
  Time since last request: 0.000027 seconds.
  path: Assets/Art/Assets/isometric-miniature-dungeon/Isometric/stoneWallStructure_E.png
  artifactKey: Guid(0f807a8c6e5526543a653db30cd0c8f9) Importer(2089858483,192608db42251d675da83286b1cce702)
Start importing Assets/Art/Assets/isometric-miniature-dungeon/Isometric/stoneWallStructure_E.png using Guid(0f807a8c6e5526543a653db30cd0c8f9) Importer(2089858483,192608db42251d675da83286b1cce702) (ScriptedImporter) -> (artifact id: '7570d4c7a1dd5a47b28c4ec9e2712fae') in 0.0432946 seconds
Number of updated asset objects reloaded before import = 0Number of asset objects unloaded after import = 3

========================================================================
Received Import Request.
  Time since last request: 0.000019 seconds.
  path: Assets/Art/Assets/isometric-miniature-dungeon/Isometric/stone_W.png
  artifactKey: Guid(763d837804c62214b9218e9885cf870c) Importer(2089858483,192608db42251d675da83286b1cce702)
Start importing Assets/Art/Assets/isometric-miniature-dungeon/Isometric/stone_W.png using Guid(763d837804c62214b9218e9885cf870c) Importer(2089858483,192608db42251d675da83286b1cce702) (ScriptedImporter) -> (artifact id: '9e6fb8664503f76087543c88c84be229') in 0.0440686 seconds
Number of updated asset objects reloaded before import = 0Number of asset objects unloaded after import = 3

========================================================================
Received Import Request.
  Time since last request: 0.000015 seconds.
  path: Assets/Art/Assets/isometric-miniature-dungeon/Isometric/stoneMissingTiles_N.png
  artifactKey: Guid(b29c9386ad40ac34c8fefba807d1e6c7) Importer(2089858483,192608db42251d675da83286b1cce702)
Start importing Assets/Art/Assets/isometric-miniature-dungeon/Isometric/stoneMissingTiles_N.png using Guid(b29c9386ad40ac34c8fefba807d1e6c7) Importer(2089858483,192608db42251d675da83286b1cce702) (ScriptedImporter) -> (artifact id: 'd1b460fe774f7afd1c2dfd90f048f894') in 0.0512018 seconds
Number of updated asset objects reloaded before import = 0Number of asset objects unloaded after import = 3

========================================================================
Received Import Request.
  Time since last request: 0.000025 seconds.
  path: Assets/Art/Assets/isometric-miniature-dungeon/Isometric/stoneUneven_W.png
  artifactKey: Guid(2c4e4118f2b5a3249b4c9793ddecc1e2) Importer(2089858483,192608db42251d675da83286b1cce702)
Start importing Assets/Art/Assets/isometric-miniature-dungeon/Isometric/stoneUneven_W.png using Guid(2c4e4118f2b5a3249b4c9793ddecc1e2) Importer(2089858483,192608db42251d675da83286b1cce702) (ScriptedImporter) -> (artifact id: '584cd5ac19493a267ecf2b2a8f0c4b7e') in 0.0567652 seconds
Number of updated asset objects reloaded before import = 0Number of asset objects unloaded after import = 3

========================================================================
Received Import Request.
  Time since last request: 0.000024 seconds.
  path: Assets/Art/Assets/isometric-miniature-farm/Angle/woodWallSupport_W.png
  artifactKey: Guid(db38956db35bb5f43ae3fefb67cbd973) Importer(2089858483,192608db42251d675da83286b1cce702)
Start importing Assets/Art/Assets/isometric-miniature-farm/Angle/woodWallSupport_W.png using Guid(db38956db35bb5f43ae3fefb67cbd973) Importer(2089858483,192608db42251d675da83286b1cce702) (ScriptedImporter) -> (artifact id: '005ab47d99e1fbb835d993349f1af2ce') in 0.0482564 seconds
Number of updated asset objects reloaded before import = 0Number of asset objects unloaded after import = 3

========================================================================
Received Import Request.
  Time since last request: 0.000017 seconds.
  path: Assets/Art/Assets/isometric-miniature-farm/Angle/dirt_N.png
  artifactKey: Guid(fb00e5bc96061e346a768a2bdc9ccf43) Importer(2089858483,192608db42251d675da83286b1cce702)
Start importing Assets/Art/Assets/isometric-miniature-farm/Angle/dirt_N.png using Guid(fb00e5bc96061e346a768a2bdc9ccf43) Importer(2089858483,192608db42251d675da83286b1cce702) (ScriptedImporter) -> (artifact id: '93ddc758bd1bfc534f2cf96dcc42b776') in 0.0495855 seconds
Number of updated asset objects reloaded before import = 0Number of asset objects unloaded after import = 3

========================================================================
Received Import Request.
  Time since last request: 0.000022 seconds.
  path: Assets/Art/Assets/isometric-miniature-farm/Angle/woodWallHoleDiagonal_E.png
  artifactKey: Guid(220000064077b1e459433fabc3b94571) Importer(2089858483,192608db42251d675da83286b1cce702)
Start importing Assets/Art/Assets/isometric-miniature-farm/Angle/woodWallHoleDiagonal_E.png using Guid(220000064077b1e459433fabc3b94571) Importer(2089858483,192608db42251d675da83286b1cce702) (ScriptedImporter) -> (artifact id: '1aa37e635c7fca11c49c7b4eb7802cf6') in 0.0510778 seconds
Number of updated asset objects reloaded before import = 0Number of asset objects unloaded after import = 3

========================================================================
Received Import Request.
  Time since last request: 0.000017 seconds.
  path: Assets/Art/Assets/isometric-miniature-farm/Angle/roofCorner_W.png
  artifactKey: Guid(a134e1412e816a94c9fdb6d9876556ea) Importer(2089858483,192608db42251d675da83286b1cce702)
Start importing Assets/Art/Assets/isometric-miniature-farm/Angle/roofCorner_W.png using Guid(a134e1412e816a94c9fdb6d9876556ea) Importer(2089858483,192608db42251d675da83286b1cce702) (ScriptedImporter) -> (artifact id: 'd0a544f328f1c0e3169337a076b896b9') in 0.0386053 seconds
Number of updated asset objects reloaded before import = 0Number of asset objects unloaded after import = 3

========================================================================
Received Import Request.
  Time since last request: 0.000033 seconds.
  path: Assets/Art/Assets/isometric-miniature-farm/Angle/roofSingleWall_E.png
  artifactKey: Guid(0ff18cc621295e94a9ba7aa12b891252) Importer(2089858483,192608db42251d675da83286b1cce702)
Start importing Assets/Art/Assets/isometric-miniature-farm/Angle/roofSingleWall_E.png using Guid(0ff18cc621295e94a9ba7aa12b891252) Importer(2089858483,192608db42251d675da83286b1cce702) (ScriptedImporter) -> (artifact id: '06ab069f91e8e4c284057202d4553b04') in 0.0525331 seconds
Number of updated asset objects reloaded before import = 0Number of asset objects unloaded after import = 3

========================================================================
Received Import Request.
  Time since last request: 0.000014 seconds.
  path: Assets/Art/Assets/isometric-miniature-farm/Angle/fenceHighBroken_S.png
  artifactKey: Guid(6b5e80e99f50edb4994fc217a15dbb2e) Importer(2089858483,192608db42251d675da83286b1cce702)
Start importing Assets/Art/Assets/isometric-miniature-farm/Angle/fenceHighBroken_S.png using Guid(6b5e80e99f50edb4994fc217a15dbb2e) Importer(2089858483,192608db42251d675da83286b1cce702) (ScriptedImporter) -> (artifact id: 'a621158c800409b40465c2fbec34203a') in 0.051395 seconds
Number of updated asset objects reloaded before import = 0Number of asset objects unloaded after import = 3

========================================================================
Received Import Request.
  Time since last request: 0.000018 seconds.
  path: Assets/Art/Assets/isometric-miniature-farm/Angle/woodWallHoleDiagonal_W.png
  artifactKey: Guid(ff2a63ea293a2d8418e7524223322264) Importer(2089858483,192608db42251d675da83286b1cce702)
Start importing Assets/Art/Assets/isometric-miniature-farm/Angle/woodWallHoleDiagonal_W.png using Guid(ff2a63ea293a2d8418e7524223322264) Importer(2089858483,192608db42251d675da83286b1cce702) (ScriptedImporter) -> (artifact id: '653aa75cf214f18a6c10e059de8d57ac') in 0.0530063 seconds
Number of updated asset objects reloaded before import = 0Number of asset objects unloaded after import = 3

========================================================================
Received Import Request.
  Time since last request: 0.000030 seconds.
  path: Assets/Art/Assets/isometric-miniature-farm/Angle/planksCornerRight_S.png
  artifactKey: Guid(58f94bcc62aa2d8499e10ba492788e05) Importer(2089858483,192608db42251d675da83286b1cce702)
Start importing Assets/Art/Assets/isometric-miniature-farm/Angle/planksCornerRight_S.png using Guid(58f94bcc62aa2d8499e10ba492788e05) Importer(2089858483,192608db42251d675da83286b1cce702) (ScriptedImporter) -> (artifact id: 'dd41b28ce018fa2ef619ca5f6e898d36') in 0.0411907 seconds
Number of updated asset objects reloaded before import = 0Number of asset objects unloaded after import = 3

========================================================================
Received Import Request.
  Time since last request: 0.000018 seconds.
  path: Assets/Art/Assets/isometric-miniature-farm/Angle/woodWallGateClosed_W.png
  artifactKey: Guid(26eb340c9c5c784409ade076469d1182) Importer(2089858483,192608db42251d675da83286b1cce702)
Start importing Assets/Art/Assets/isometric-miniature-farm/Angle/woodWallGateClosed_W.png using Guid(26eb340c9c5c784409ade076469d1182) Importer(2089858483,192608db42251d675da83286b1cce702) (ScriptedImporter) -> (artifact id: '58368638b2b27057eb513495385dc768') in 0.0343064 seconds
Number of updated asset objects reloaded before import = 0Number of asset objects unloaded after import = 3

========================================================================
Received Import Request.
  Time since last request: 0.000024 seconds.
  path: Assets/Art/Assets/isometric-miniature-farm/Angle/roofCorner_S.png
  artifactKey: Guid(c194fa1d0cbab4c4a9549995f3bb1bca) Importer(2089858483,192608db42251d675da83286b1cce702)
Start importing Assets/Art/Assets/isometric-miniature-farm/Angle/roofCorner_S.png using Guid(c194fa1d0cbab4c4a9549995f3bb1bca) Importer(2089858483,192608db42251d675da83286b1cce702) (ScriptedImporter) -> (artifact id: '35129ca082a10b6923f87234d01e7f62') in 0.0337276 seconds
Number of updated asset objects reloaded before import = 0Number of asset objects unloaded after import = 3

========================================================================
Received Import Request.
  Time since last request: 0.000020 seconds.
  path: Assets/Art/Assets/isometric-miniature-farm/Angle/woodWallCross_N.png
  artifactKey: Guid(a5a871849d6899741a8e449da982d7f7) Importer(2089858483,192608db42251d675da83286b1cce702)
Start importing Assets/Art/Assets/isometric-miniature-farm/Angle/woodWallCross_N.png using Guid(a5a871849d6899741a8e449da982d7f7) Importer(2089858483,192608db42251d675da83286b1cce702) (ScriptedImporter) -> (artifact id: 'b35ff4c09c6deb00c678de5d56426cc6') in 0.0395088 seconds
Number of updated asset objects reloaded before import = 0Number of asset objects unloaded after import = 3

========================================================================
Received Import Request.
  Time since last request: 0.000030 seconds.
  path: Assets/Art/Assets/isometric-miniature-farm/Angle/woodWallRoofLeft_N.png
  artifactKey: Guid(78f7d71c2f69a60468c033b468f48f01) Importer(2089858483,192608db42251d675da83286b1cce702)
Start importing Assets/Art/Assets/isometric-miniature-farm/Angle/woodWallRoofLeft_N.png using Guid(78f7d71c2f69a60468c033b468f48f01) Importer(2089858483,192608db42251d675da83286b1cce702) (ScriptedImporter) -> (artifact id: 'fd3e84c79380796ef3feb5a3d264f03a') in 0.035057 seconds
Number of updated asset objects reloaded before import = 0Number of asset objects unloaded after import = 3

========================================================================
Received Import Request.
  Time since last request: 0.000043 seconds.
  path: Assets/Art/Assets/isometric-miniature-farm/Angle/chimneyTop_S.png
  artifactKey: Guid(fca4a11da77aac8459afa7ef2d9517e2) Importer(2089858483,192608db42251d675da83286b1cce702)
Start importing Assets/Art/Assets/isometric-miniature-farm/Angle/chimneyTop_S.png using Guid(fca4a11da77aac8459afa7ef2d9517e2) Importer(2089858483,192608db42251d675da83286b1cce702) (ScriptedImporter) -> (artifact id: '5b37835c8aa3b0a94b53cf95285f3b44') in 0.0344801 seconds
Number of updated asset objects reloaded before import = 0Number of asset objects unloaded after import = 3

========================================================================
Received Import Request.
  Time since last request: 0.000020 seconds.
  path: Assets/Art/Assets/isometric-miniature-farm/Angle/sack_S.png
  artifactKey: Guid(92aca81cc20acdc4083a09f5470b6c0c) Importer(2089858483,192608db42251d675da83286b1cce702)
Start importing Assets/Art/Assets/isometric-miniature-farm/Angle/sack_S.png using Guid(92aca81cc20acdc4083a09f5470b6c0c) Importer(2089858483,192608db42251d675da83286b1cce702) (ScriptedImporter) -> (artifact id: 'fa80586c09b96ee5b7d3528f5b8b2c42') in 0.0427817 seconds
Number of updated asset objects reloaded before import = 0Number of asset objects unloaded after import = 3

========================================================================
Received Import Request.
  Time since last request: 0.000022 seconds.
  path: Assets/Art/Assets/isometric-miniature-farm/Angle/woodWallEmptyCross_N.png
  artifactKey: Guid(32f7f16ebf12f754db3991837751da40) Importer(2089858483,192608db42251d675da83286b1cce702)
Start importing Assets/Art/Assets/isometric-miniature-farm/Angle/woodWallEmptyCross_N.png using Guid(32f7f16ebf12f754db3991837751da40) Importer(2089858483,192608db42251d675da83286b1cce702) (ScriptedImporter) -> (artifact id: '8343c7b1b0bd1082870eef02c58b2849') in 0.0557682 seconds
Number of updated asset objects reloaded before import = 0Number of asset objects unloaded after import = 3

========================================================================
Received Import Request.
  Time since last request: 0.000027 seconds.
  path: Assets/Art/Assets/isometric-miniature-farm/Angle/woodWallWindowGlass_E.png
  artifactKey: Guid(0cfd66437bc05314f92a3f26616e434e) Importer(2089858483,192608db42251d675da83286b1cce702)
Start importing Assets/Art/Assets/isometric-miniature-farm/Angle/woodWallWindowGlass_E.png using Guid(0cfd66437bc05314f92a3f26616e434e) Importer(2089858483,192608db42251d675da83286b1cce702) (ScriptedImporter) -> (artifact id: 'd2783bebaaade5b622d642b2b345f4a8') in 0.0424159 seconds
Number of updated asset objects reloaded before import = 0Number of asset objects unloaded after import = 3

========================================================================
Received Import Request.
  Time since last request: 0.000015 seconds.
  path: Assets/Art/Assets/isometric-miniature-farm/Angle/cornYoungDouble_N.png
  artifactKey: Guid(8be4411df975b2a4c932a159ed26deb9) Importer(2089858483,192608db42251d675da83286b1cce702)
Start importing Assets/Art/Assets/isometric-miniature-farm/Angle/cornYoungDouble_N.png using Guid(8be4411df975b2a4c932a159ed26deb9) Importer(2089858483,192608db42251d675da83286b1cce702) (ScriptedImporter) -> (artifact id: 'da89c1ef5fe96c795c3daa5d7da86e12') in 0.0479879 seconds
Number of updated asset objects reloaded before import = 0Number of asset objects unloaded after import = 3

========================================================================
Received Import Request.
  Time since last request: 0.000017 seconds.
  path: Assets/Art/Assets/isometric-miniature-farm/Angle/sacksCrate_N.png
  artifactKey: Guid(3b6c67a54d243384eb6166158247045a) Importer(2089858483,192608db42251d675da83286b1cce702)
Start importing Assets/Art/Assets/isometric-miniature-farm/Angle/sacksCrate_N.png using Guid(3b6c67a54d243384eb6166158247045a) Importer(2089858483,192608db42251d675da83286b1cce702) (ScriptedImporter) -> (artifact id: '624ea9e5d0ae722fa56e05b7e713f7f3') in 0.0490005 seconds
Number of updated asset objects reloaded before import = 0Number of asset objects unloaded after import = 3

========================================================================
Received Import Request.
  Time since last request: 0.000021 seconds.
  path: Assets/Art/Assets/isometric-miniature-farm/Angle/dirt_W.png
  artifactKey: Guid(a4ffa156739eb88448627e76eb4efab5) Importer(2089858483,192608db42251d675da83286b1cce702)
Start importing Assets/Art/Assets/isometric-miniature-farm/Angle/dirt_W.png using Guid(a4ffa156739eb88448627e76eb4efab5) Importer(2089858483,192608db42251d675da83286b1cce702) (ScriptedImporter) -> (artifact id: '7c3ce09700d579593fd7d5af578bf867') in 0.0476315 seconds
Number of updated asset objects reloaded before import = 0Number of asset objects unloaded after import = 3

========================================================================
Received Import Request.
  Time since last request: 0.000028 seconds.
  path: Assets/Art/Assets/isometric-miniature-farm/Angle/hayBalesStacked_S.png
  artifactKey: Guid(18f9cfec2781cbb469cc6959193a5dce) Importer(2089858483,192608db42251d675da83286b1cce702)
Start importing Assets/Art/Assets/isometric-miniature-farm/Angle/hayBalesStacked_S.png using Guid(18f9cfec2781cbb469cc6959193a5dce) Importer(2089858483,192608db42251d675da83286b1cce702) (ScriptedImporter) -> (artifact id: '62a8438bacfa57d5744467d48e26056e') in 0.0471333 seconds
Number of updated asset objects reloaded before import = 0Number of asset objects unloaded after import = 3

========================================================================
Received Import Request.
  Time since last request: 0.000040 seconds.
  path: Assets/Art/Assets/isometric-miniature-farm/Angle/fenceLowBroken_E.png
  artifactKey: Guid(16b50fe8143dc0643a1e3072cc62bb05) Importer(2089858483,192608db42251d675da83286b1cce702)
Start importing Assets/Art/Assets/isometric-miniature-farm/Angle/fenceLowBroken_E.png using Guid(16b50fe8143dc0643a1e3072cc62bb05) Importer(2089858483,192608db42251d675da83286b1cce702) (ScriptedImporter) -> (artifact id: '6ada602b861076d876dabbb12b14ff28') in 0.0513532 seconds
Number of updated asset objects reloaded before import = 0Number of asset objects unloaded after import = 3

========================================================================
Received Import Request.
  Time since last request: 0.000021 seconds.
  path: Assets/Art/Assets/isometric-miniature-farm/Angle/woodWallSupport_E.png
  artifactKey: Guid(24d3ceb760355ea46897b20a738ac380) Importer(2089858483,192608db42251d675da83286b1cce702)
Start importing Assets/Art/Assets/isometric-miniature-farm/Angle/woodWallSupport_E.png using Guid(24d3ceb760355ea46897b20a738ac380) Importer(2089858483,192608db42251d675da83286b1cce702) (ScriptedImporter) -> (artifact id: '9af2831c4e6359432649ba1d241a1402') in 0.0553809 seconds
Number of updated asset objects reloaded before import = 0Number of asset objects unloaded after import = 3

========================================================================
Received Import Request.
  Time since last request: 0.000023 seconds.
  path: Assets/Art/Assets/isometric-miniature-farm/Angle/chimneyBase_N.png
  artifactKey: Guid(83fb72f71e2028d4b90216f8200839ab) Importer(2089858483,192608db42251d675da83286b1cce702)
Start importing Assets/Art/Assets/isometric-miniature-farm/Angle/chimneyBase_N.png using Guid(83fb72f71e2028d4b90216f8200839ab) Importer(2089858483,192608db42251d675da83286b1cce702) (ScriptedImporter) -> (artifact id: 'd7e58bf9162e0242f00ef6fd64242143') in 0.0578042 seconds
Number of updated asset objects reloaded before import = 0Number of asset objects unloaded after import = 3

========================================================================
Received Import Request.
  Time since last request: 0.000022 seconds.
  path: Assets/Art/Assets/isometric-miniature-farm/Angle/planksOld_N.png
  artifactKey: Guid(1b9b648c6e2741345a4174823df71977) Importer(2089858483,192608db42251d675da83286b1cce702)
Start importing Assets/Art/Assets/isometric-miniature-farm/Angle/planksOld_N.png using Guid(1b9b648c6e2741345a4174823df71977) Importer(2089858483,192608db42251d675da83286b1cce702) (ScriptedImporter) -> (artifact id: '55659360953a8fa4aa5c2ec5ed74027b') in 0.0571399 seconds
Number of updated asset objects reloaded before import = 0Number of asset objects unloaded after import = 3

========================================================================
Received Import Request.
  Time since last request: 0.000053 seconds.
  path: Assets/Art/Assets/isometric-miniature-farm/Angle/woodWallEmptyOpen_E.png
  artifactKey: Guid(e3ec360fdaa3c1f4480ba991e140215a) Importer(2089858483,192608db42251d675da83286b1cce702)
Start importing Assets/Art/Assets/isometric-miniature-farm/Angle/woodWallEmptyOpen_E.png using Guid(e3ec360fdaa3c1f4480ba991e140215a) Importer(2089858483,192608db42251d675da83286b1cce702) (ScriptedImporter) -> (artifact id: '5769cdaa802237e3b7ddd52dc63979ab') in 0.0450735 seconds
Number of updated asset objects reloaded before import = 0Number of asset objects unloaded after import = 3

========================================================================
Received Import Request.
  Time since last request: 0.000059 seconds.
  path: Assets/Art/Assets/isometric-miniature-farm/Angle/woodWallDoorOpen_E.png
  artifactKey: Guid(6d84b9ea5a78a2943bb06e90a50bea01) Importer(2089858483,192608db42251d675da83286b1cce702)
Start importing Assets/Art/Assets/isometric-miniature-farm/Angle/woodWallDoorOpen_E.png using Guid(6d84b9ea5a78a2943bb06e90a50bea01) Importer(2089858483,192608db42251d675da83286b1cce702) (ScriptedImporter) -> (artifact id: '207ab13ee0c09a8a9cf16ceea51636ab') in 0.0515194 seconds
Number of updated asset objects reloaded before import = 0Number of asset objects unloaded after import = 3

========================================================================
Received Import Request.
  Time since last request: 0.000017 seconds.
  path: Assets/Art/Assets/isometric-miniature-farm/Angle/planks_S.png
  artifactKey: Guid(df30df3e54500cd4a8bebdb7f6341f61) Importer(2089858483,192608db42251d675da83286b1cce702)
Start importing Assets/Art/Assets/isometric-miniature-farm/Angle/planks_S.png using Guid(df30df3e54500cd4a8bebdb7f6341f61) Importer(2089858483,192608db42251d675da83286b1cce702) (ScriptedImporter) -> (artifact id: '736a31b7893f75b611fbbef22138b81f') in 0.0512245 seconds
Number of updated asset objects reloaded before import = 0Number of asset objects unloaded after import = 3

========================================================================
Received Import Request.
  Time since last request: 0.000017 seconds.
  path: Assets/Art/Assets/isometric-miniature-farm/Angle/woodWallGateClosed_N.png
  artifactKey: Guid(24bdbfffd2c753b418cb2c30e26a7429) Importer(2089858483,192608db42251d675da83286b1cce702)
Start importing Assets/Art/Assets/isometric-miniature-farm/Angle/woodWallGateClosed_N.png using Guid(24bdbfffd2c753b418cb2c30e26a7429) Importer(2089858483,192608db42251d675da83286b1cce702) (ScriptedImporter) -> (artifact id: '0e9b99bd4728cb45fcebd580cb964bd1') in 0.0480441 seconds
Number of updated asset objects reloaded before import = 0Number of asset objects unloaded after import = 3

========================================================================
Received Import Request.
  Time since last request: 0.000021 seconds.
  path: Assets/Art/Assets/isometric-miniature-farm/Angle/woodWallDiagional_N.png
  artifactKey: Guid(168bfb6c4e774494cb7158354cfd532a) Importer(2089858483,192608db42251d675da83286b1cce702)
Start importing Assets/Art/Assets/isometric-miniature-farm/Angle/woodWallDiagional_N.png using Guid(168bfb6c4e774494cb7158354cfd532a) Importer(2089858483,192608db42251d675da83286b1cce702) (ScriptedImporter) -> (artifact id: 'ddf16baf3b36fbf38c62cf1cf1a2dc81') in 0.0510175 seconds
Number of updated asset objects reloaded before import = 0Number of asset objects unloaded after import = 3

========================================================================
Received Import Request.
  Time since last request: 0.000015 seconds.
  path: Assets/Art/Assets/isometric-miniature-farm/Angle/woodWallEmptyCross_W.png
  artifactKey: Guid(9feb7c39616448d4f8ee7dcc18584dc9) Importer(2089858483,192608db42251d675da83286b1cce702)
Start importing Assets/Art/Assets/isometric-miniature-farm/Angle/woodWallEmptyCross_W.png using Guid(9feb7c39616448d4f8ee7dcc18584dc9) Importer(2089858483,192608db42251d675da83286b1cce702) (ScriptedImporter) -> (artifact id: '96ba9b29a6ab0c55442c5f8f02a154e7') in 0.0561763 seconds
Number of updated asset objects reloaded before import = 0Number of asset objects unloaded after import = 3

========================================================================
Received Import Request.
  Time since last request: 0.000021 seconds.
  path: Assets/Art/Assets/isometric-miniature-farm/Angle/woodWallDoorway_E.png
  artifactKey: Guid(2bcfb164caa43bf4b853429b9d7e4266) Importer(2089858483,192608db42251d675da83286b1cce702)
Start importing Assets/Art/Assets/isometric-miniature-farm/Angle/woodWallDoorway_E.png using Guid(2bcfb164caa43bf4b853429b9d7e4266) Importer(2089858483,192608db42251d675da83286b1cce702) (ScriptedImporter) -> (artifact id: '73a5689a9ca83ae7fc37f01644fdba7d') in 0.0486654 seconds
Number of updated asset objects reloaded before import = 0Number of asset objects unloaded after import = 3

========================================================================
Received Import Request.
  Time since last request: 0.000027 seconds.
  path: Assets/Art/Assets/isometric-miniature-farm/Angle/woodWallWindowGlass_W.png
  artifactKey: Guid(04e4177c7cf39b24aa20e7643e2eeeda) Importer(2089858483,192608db42251d675da83286b1cce702)
Start importing Assets/Art/Assets/isometric-miniature-farm/Angle/woodWallWindowGlass_W.png using Guid(04e4177c7cf39b24aa20e7643e2eeeda) Importer(2089858483,192608db42251d675da83286b1cce702) (ScriptedImporter) -> (artifact id: '5940f94de688cd10788fad934dc9b735') in 0.0377474 seconds
Number of updated asset objects reloaded before import = 0Number of asset objects unloaded after import = 3

========================================================================
Received Import Request.
  Time since last request: 0.000018 seconds.
  path: Assets/Art/Assets/isometric-miniature-farm/Angle/cornYoungDouble_W.png
  artifactKey: Guid(71bbc09e49d6d6e48965292d49aae292) Importer(2089858483,192608db42251d675da83286b1cce702)
Start importing Assets/Art/Assets/isometric-miniature-farm/Angle/cornYoungDouble_W.png using Guid(71bbc09e49d6d6e48965292d49aae292) Importer(2089858483,192608db42251d675da83286b1cce702) (ScriptedImporter) -> (artifact id: '5eeec21e4a3e0495f57547d4e316bde6') in 0.0513336 seconds
Number of updated asset objects reloaded before import = 0Number of asset objects unloaded after import = 3

========================================================================
Received Import Request.
  Time since last request: 0.000016 seconds.
  path: Assets/Art/Assets/isometric-miniature-dungeon/Angle/tableRoundItemsChairs_E.png
  artifactKey: Guid(153342da30d2b8c4e9c12df323c8af4b) Importer(2089858483,192608db42251d675da83286b1cce702)
Start importing Assets/Art/Assets/isometric-miniature-dungeon/Angle/tableRoundItemsChairs_E.png using Guid(153342da30d2b8c4e9c12df323c8af4b) Importer(2089858483,192608db42251d675da83286b1cce702) (ScriptedImporter) -> (artifact id: '4f1d96df4dcff951a281f1576b8073a1') in 0.057427 seconds
Number of updated asset objects reloaded before import = 0Number of asset objects unloaded after import = 3

========================================================================
Received Import Request.
  Time since last request: 0.000021 seconds.
  path: Assets/Art/Assets/isometric-miniature-farm/Angle/woodWallHole_W.png
  artifactKey: Guid(b1cda2d0d4e1ea24483946f732dd0feb) Importer(2089858483,192608db42251d675da83286b1cce702)
Start importing Assets/Art/Assets/isometric-miniature-farm/Angle/woodWallHole_W.png using Guid(b1cda2d0d4e1ea24483946f732dd0feb) Importer(2089858483,192608db42251d675da83286b1cce702) (ScriptedImporter) -> (artifact id: '2b79a3f11aea22404a6c5502e70be0d1') in 0.0429664 seconds
Number of updated asset objects reloaded before import = 0Number of asset objects unloaded after import = 3

========================================================================
Received Import Request.
  Time since last request: 0.000033 seconds.
  path: Assets/Art/Assets/isometric-miniature-farm/Angle/woodWallGateway_W.png
  artifactKey: Guid(eade6830f047e974b8bab4e314512d6e) Importer(2089858483,192608db42251d675da83286b1cce702)
Start importing Assets/Art/Assets/isometric-miniature-farm/Angle/woodWallGateway_W.png using Guid(eade6830f047e974b8bab4e314512d6e) Importer(2089858483,192608db42251d675da83286b1cce702) (ScriptedImporter) -> (artifact id: 'bbc2dd0401b3eed0377021234ee0e04b') in 0.0505121 seconds
Number of updated asset objects reloaded before import = 0Number of asset objects unloaded after import = 3

========================================================================
Received Import Request.
  Time since last request: 0.000015 seconds.
  path: Assets/Art/Assets/isometric-miniature-farm/Angle/hayBalesStacked_E.png
  artifactKey: Guid(007b9dd6241d9b14da24b63cf598f3a7) Importer(2089858483,192608db42251d675da83286b1cce702)
Start importing Assets/Art/Assets/isometric-miniature-farm/Angle/hayBalesStacked_E.png using Guid(007b9dd6241d9b14da24b63cf598f3a7) Importer(2089858483,192608db42251d675da83286b1cce702) (ScriptedImporter) -> (artifact id: '45aec6d883fc952b0d2076f737f16218') in 0.0540631 seconds
Number of updated asset objects reloaded before import = 0Number of asset objects unloaded after import = 3

========================================================================
Received Import Request.
  Time since last request: 0.000017 seconds.
  path: Assets/Art/Assets/isometric-miniature-farm/Angle/woodWallEmptyOpen_W.png
  artifactKey: Guid(864c5c0d8a95b4942b6a1ca814d9fd1d) Importer(2089858483,192608db42251d675da83286b1cce702)
Start importing Assets/Art/Assets/isometric-miniature-farm/Angle/woodWallEmptyOpen_W.png using Guid(864c5c0d8a95b4942b6a1ca814d9fd1d) Importer(2089858483,192608db42251d675da83286b1cce702) (ScriptedImporter) -> (artifact id: '65f68ee0ac2dcdb8b1b692d824278790') in 0.0372483 seconds
Number of updated asset objects reloaded before import = 0Number of asset objects unloaded after import = 3

========================================================================
Received Import Request.
  Time since last request: 0.000039 seconds.
  path: Assets/Art/Assets/isometric-miniature-farm/Angle/woodWallCorner_S.png
  artifactKey: Guid(d6d447b628802374f94fff5b10f9016d) Importer(2089858483,192608db42251d675da83286b1cce702)
Start importing Assets/Art/Assets/isometric-miniature-farm/Angle/woodWallCorner_S.png using Guid(d6d447b628802374f94fff5b10f9016d) Importer(2089858483,192608db42251d675da83286b1cce702) (ScriptedImporter) -> (artifact id: '9468d4856756defc3b05d340d5722280') in 0.035896 seconds
Number of updated asset objects reloaded before import = 0Number of asset objects unloaded after import = 3

========================================================================
Received Import Request.
  Time since last request: 0.000017 seconds.
  path: Assets/Art/Assets/isometric-miniature-farm/Angle/hayBales_W.png
  artifactKey: Guid(3e2be9c524408864da291ff2ca7f07e8) Importer(2089858483,192608db42251d675da83286b1cce702)
Start importing Assets/Art/Assets/isometric-miniature-farm/Angle/hayBales_W.png using Guid(3e2be9c524408864da291ff2ca7f07e8) Importer(2089858483,192608db42251d675da83286b1cce702) (ScriptedImporter) -> (artifact id: '55713b61fba6bface2c23773c7d5f6ed') in 0.0465248 seconds
Number of updated asset objects reloaded before import = 0Number of asset objects unloaded after import = 3

========================================================================
Received Import Request.
  Time since last request: 0.000018 seconds.
  path: Assets/Art/Assets/isometric-miniature-farm/Angle/woodWall_N.png
  artifactKey: Guid(d2035f3239114fb4ca0f17a7c0cec49a) Importer(2089858483,192608db42251d675da83286b1cce702)
Start importing Assets/Art/Assets/isometric-miniature-farm/Angle/woodWall_N.png using Guid(d2035f3239114fb4ca0f17a7c0cec49a) Importer(2089858483,192608db42251d675da83286b1cce702) (ScriptedImporter) -> (artifact id: 'ed1729f52b3c6cc6b524b352c861a638') in 0.0392354 seconds
Number of updated asset objects reloaded before import = 0Number of asset objects unloaded after import = 3

========================================================================
Received Import Request.
  Time since last request: 0.000025 seconds.
  path: Assets/Art/Assets/isometric-miniature-farm/Angle/woodWallDoorOpen_W.png
  artifactKey: Guid(eac1b3ee1b3494c409918211a45a694b) Importer(2089858483,192608db42251d675da83286b1cce702)
Start importing Assets/Art/Assets/isometric-miniature-farm/Angle/woodWallDoorOpen_W.png using Guid(eac1b3ee1b3494c409918211a45a694b) Importer(2089858483,192608db42251d675da83286b1cce702) (ScriptedImporter) -> (artifact id: '0fae98a3abf51d6a1a71b25676e4b4ad') in 0.0348839 seconds
Number of updated asset objects reloaded before import = 0Number of asset objects unloaded after import = 3

========================================================================
Received Import Request.
  Time since last request: 0.000028 seconds.
  path: Assets/Art/Assets/isometric-miniature-farm/Angle/planksSideVertical_W.png
  artifactKey: Guid(609e653dd170fdc4589359c2a7911edb) Importer(2089858483,192608db42251d675da83286b1cce702)
Start importing Assets/Art/Assets/isometric-miniature-farm/Angle/planksSideVertical_W.png using Guid(609e653dd170fdc4589359c2a7911edb) Importer(2089858483,192608db42251d675da83286b1cce702) (ScriptedImporter) -> (artifact id: 'b28648286f4bfc6d574434e49d00a8b7') in 0.0464985 seconds
Number of updated asset objects reloaded before import = 0Number of asset objects unloaded after import = 3

========================================================================
Received Import Request.
  Time since last request: 0.000018 seconds.
  path: Assets/Art/Assets/isometric-miniature-farm/Angle/woodWallCross_W.png
  artifactKey: Guid(9eed0d0d8273640438bd74b442fd1e0e) Importer(2089858483,192608db42251d675da83286b1cce702)
Start importing Assets/Art/Assets/isometric-miniature-farm/Angle/woodWallCross_W.png using Guid(9eed0d0d8273640438bd74b442fd1e0e) Importer(2089858483,192608db42251d675da83286b1cce702) (ScriptedImporter) -> (artifact id: 'fec0208ff07281a38f8d92c16c687996') in 0.0508344 seconds
Number of updated asset objects reloaded before import = 0Number of asset objects unloaded after import = 3

========================================================================
Received Import Request.
  Time since last request: 0.000019 seconds.
  path: Assets/Art/Assets/isometric-miniature-farm/Angle/fenceLow_E.png
  artifactKey: Guid(154db576c43997c41a4b02ebdd070aca) Importer(2089858483,192608db42251d675da83286b1cce702)
Start importing Assets/Art/Assets/isometric-miniature-farm/Angle/fenceLow_E.png using Guid(154db576c43997c41a4b02ebdd070aca) Importer(2089858483,192608db42251d675da83286b1cce702) (ScriptedImporter) -> (artifact id: 'a30919506430a9b641be8edfbfc91f5b') in 0.0569106 seconds
Number of updated asset objects reloaded before import = 0Number of asset objects unloaded after import = 3

========================================================================
Received Import Request.
  Time since last request: 0.000025 seconds.
  path: Assets/Art/Assets/isometric-miniature-farm/Angle/fenceLow_N.png
  artifactKey: Guid(09c848bbc73d3104390bcf994133cec5) Importer(2089858483,192608db42251d675da83286b1cce702)
Start importing Assets/Art/Assets/isometric-miniature-farm/Angle/fenceLow_N.png using Guid(09c848bbc73d3104390bcf994133cec5) Importer(2089858483,192608db42251d675da83286b1cce702) (ScriptedImporter) -> (artifact id: '0bbc20763432e4d174458abbe5f937fc') in 0.0555933 seconds
Number of updated asset objects reloaded before import = 0Number of asset objects unloaded after import = 3

========================================================================
Received Import Request.
  Time since last request: 0.000016 seconds.
  path: Assets/Art/Assets/isometric-miniature-farm/Angle/roofSingle_S.png
  artifactKey: Guid(39567eb83bbd9b14ca0bdfb9b471dab5) Importer(2089858483,192608db42251d675da83286b1cce702)
Start importing Assets/Art/Assets/isometric-miniature-farm/Angle/roofSingle_S.png using Guid(39567eb83bbd9b14ca0bdfb9b471dab5) Importer(2089858483,192608db42251d675da83286b1cce702) (ScriptedImporter) -> (artifact id: '303e584bf1af6de6f1fd8b0320af8559') in 0.0513514 seconds
Number of updated asset objects reloaded before import = 0Number of asset objects unloaded after import = 3

========================================================================
Received Import Request.
  Time since last request: 0.000071 seconds.
  path: Assets/Art/Assets/isometric-miniature-farm/Angle/woodWallGateClosed_S.png
  artifactKey: Guid(c94620c0466c732428acf6ab7081d955) Importer(2089858483,192608db42251d675da83286b1cce702)
Start importing Assets/Art/Assets/isometric-miniature-farm/Angle/woodWallGateClosed_S.png using Guid(c94620c0466c732428acf6ab7081d955) Importer(2089858483,192608db42251d675da83286b1cce702) (ScriptedImporter) -> (artifact id: '31ea20b58dfd64c06d76068f6be22f9d') in 0.0486919 seconds
Number of updated asset objects reloaded before import = 0Number of asset objects unloaded after import = 3

========================================================================
Received Import Request.
  Time since last request: 0.000030 seconds.
  path: Assets/Art/Assets/isometric-miniature-farm/Angle/woodWallWindowGlass_N.png
  artifactKey: Guid(4f97156b201471c41bffa7ef1ead1b12) Importer(2089858483,192608db42251d675da83286b1cce702)
Start importing Assets/Art/Assets/isometric-miniature-farm/Angle/woodWallWindowGlass_N.png using Guid(4f97156b201471c41bffa7ef1ead1b12) Importer(2089858483,192608db42251d675da83286b1cce702) (ScriptedImporter) -> (artifact id: 'b8e4b287e5b0033129a48e041fb91bbf') in 0.0459906 seconds
Number of updated asset objects reloaded before import = 0Number of asset objects unloaded after import = 3

========================================================================
Received Import Request.
  Time since last request: 0.000016 seconds.
  path: Assets/Art/Assets/isometric-miniature-farm/Angle/woodWallEmpty_S.png
  artifactKey: Guid(d4e69f1e699de3141a58e8cc07584972) Importer(2089858483,192608db42251d675da83286b1cce702)
Start importing Assets/Art/Assets/isometric-miniature-farm/Angle/woodWallEmpty_S.png using Guid(d4e69f1e699de3141a58e8cc07584972) Importer(2089858483,192608db42251d675da83286b1cce702) (ScriptedImporter) -> (artifact id: '9a6914bda49b6cf2b71bd1a44323e733') in 0.0586944 seconds
Number of updated asset objects reloaded before import = 0Number of asset objects unloaded after import = 3

========================================================================
Received Import Request.
  Time since last request: 0.000017 seconds.
  path: Assets/Art/Assets/isometric-miniature-farm/Angle/roof_W.png
  artifactKey: Guid(51c1bb65534145c4e844ae32be31a71f) Importer(2089858483,192608db42251d675da83286b1cce702)
Start importing Assets/Art/Assets/isometric-miniature-farm/Angle/roof_W.png using Guid(51c1bb65534145c4e844ae32be31a71f) Importer(2089858483,192608db42251d675da83286b1cce702) (ScriptedImporter) -> (artifact id: '692df5090eb0b7912586e1f4ae453e2f') in 0.0477777 seconds
Number of updated asset objects reloaded before import = 0Number of asset objects unloaded after import = 3

========================================================================
Received Import Request.
  Time since last request: 0.000030 seconds.
  path: Assets/Art/Assets/isometric-miniature-farm/Angle/sacksCrate_W.png
  artifactKey: Guid(f357ee55633db33478706a69212d9213) Importer(2089858483,192608db42251d675da83286b1cce702)
Start importing Assets/Art/Assets/isometric-miniature-farm/Angle/sacksCrate_W.png using Guid(f357ee55633db33478706a69212d9213) Importer(2089858483,192608db42251d675da83286b1cce702) (ScriptedImporter) -> (artifact id: '4fca9623e0d775ef326825ee2f9085ab') in 0.0527192 seconds
Number of updated asset objects reloaded before import = 0Number of asset objects unloaded after import = 3

========================================================================
Received Import Request.
  Time since last request: 0.000015 seconds.
  path: Assets/Art/Assets/isometric-miniature-farm/Isometric/woodWallDoorway_W.png
  artifactKey: Guid(a28adb5712f5c7e4bb4b5c7fe2aba7f5) Importer(2089858483,192608db42251d675da83286b1cce702)
Start importing Assets/Art/Assets/isometric-miniature-farm/Isometric/woodWallDoorway_W.png using Guid(a28adb5712f5c7e4bb4b5c7fe2aba7f5) Importer(2089858483,192608db42251d675da83286b1cce702) (ScriptedImporter) -> (artifact id: 'a5719039de39e2dfccbe8a9b7cad75be') in 0.0532919 seconds
Number of updated asset objects reloaded before import = 0Number of asset objects unloaded after import = 3

========================================================================
Received Import Request.
  Time since last request: 0.000016 seconds.
  path: Assets/Art/Assets/isometric-miniature-farm/Isometric/planksHighSlope_W.png
  artifactKey: Guid(5b1df3112e78ce84ab9ce8fb4a75fbe0) Importer(2089858483,192608db42251d675da83286b1cce702)
Start importing Assets/Art/Assets/isometric-miniature-farm/Isometric/planksHighSlope_W.png using Guid(5b1df3112e78ce84ab9ce8fb4a75fbe0) Importer(2089858483,192608db42251d675da83286b1cce702) (ScriptedImporter) -> (artifact id: '7c0d03e5c53f23b5721c7fafe90becf8') in 0.0399934 seconds
Number of updated asset objects reloaded before import = 0Number of asset objects unloaded after import = 3

========================================================================
Received Import Request.
  Time since last request: 0.000029 seconds.
  path: Assets/Art/Assets/isometric-miniature-farm/Angle/woodWallGateway_E.png
  artifactKey: Guid(d1204924db8d91641a9af7861c8fe797) Importer(2089858483,192608db42251d675da83286b1cce702)
Start importing Assets/Art/Assets/isometric-miniature-farm/Angle/woodWallGateway_E.png using Guid(d1204924db8d91641a9af7861c8fe797) Importer(2089858483,192608db42251d675da83286b1cce702) (ScriptedImporter) -> (artifact id: 'f45cddbac8040e347871f365886bc007') in 0.0675327 seconds
Number of updated asset objects reloaded before import = 0Number of asset objects unloaded after import = 3

========================================================================
Received Import Request.
  Time since last request: 0.000015 seconds.
  path: Assets/Art/Assets/isometric-miniature-farm/Isometric/planksSideVertical_N.png
  artifactKey: Guid(98b8d0f61985f50448bbe0585fab5253) Importer(2089858483,192608db42251d675da83286b1cce702)
Start importing Assets/Art/Assets/isometric-miniature-farm/Isometric/planksSideVertical_N.png using Guid(98b8d0f61985f50448bbe0585fab5253) Importer(2089858483,192608db42251d675da83286b1cce702) (ScriptedImporter) -> (artifact id: 'c798ae70693256b03fb482354c97d64f') in 0.056752 seconds
Number of updated asset objects reloaded before import = 0Number of asset objects unloaded after import = 3

========================================================================
Received Import Request.
  Time since last request: 0.000020 seconds.
  path: Assets/Art/Assets/isometric-miniature-farm/Isometric/cornYoungDouble_E.png
  artifactKey: Guid(608a432db33839d4f962433f277ba274) Importer(2089858483,192608db42251d675da83286b1cce702)
Start importing Assets/Art/Assets/isometric-miniature-farm/Isometric/cornYoungDouble_E.png using Guid(608a432db33839d4f962433f277ba274) Importer(2089858483,192608db42251d675da83286b1cce702) (ScriptedImporter) -> (artifact id: '14b2eb24bd8999737dfe303f6269b700') in 0.0483757 seconds
Number of updated asset objects reloaded before import = 0Number of asset objects unloaded after import = 3

========================================================================
Received Import Request.
  Time since last request: 0.000027 seconds.
  path: Assets/Art/Assets/isometric-miniature-farm/Isometric/woodWallWindowGlass_S.png
  artifactKey: Guid(9945fe50e69074047a3059bbf7fa45f2) Importer(2089858483,192608db42251d675da83286b1cce702)
Start importing Assets/Art/Assets/isometric-miniature-farm/Isometric/woodWallWindowGlass_S.png using Guid(9945fe50e69074047a3059bbf7fa45f2) Importer(2089858483,192608db42251d675da83286b1cce702) (ScriptedImporter) -> (artifact id: 'e87e8d63b77dc086f8ef247a6506aa6f') in 0.0396916 seconds
Number of updated asset objects reloaded before import = 0Number of asset objects unloaded after import = 3

========================================================================
Received Import Request.
  Time since last request: 0.000023 seconds.
  path: Assets/Art/Assets/isometric-miniature-farm/Angle/roofInnerCorner_S.png
  artifactKey: Guid(853585e276a7699448c07f994a4ee9dd) Importer(2089858483,192608db42251d675da83286b1cce702)
Start importing Assets/Art/Assets/isometric-miniature-farm/Angle/roofInnerCorner_S.png using Guid(853585e276a7699448c07f994a4ee9dd) Importer(2089858483,192608db42251d675da83286b1cce702) (ScriptedImporter) -> (artifact id: '6f7c4b843456c22ab5cc5cffd0961dd5') in 0.044915 seconds
Number of updated asset objects reloaded before import = 0Number of asset objects unloaded after import = 3

========================================================================
Received Import Request.
  Time since last request: 0.000018 seconds.
  path: Assets/Art/Assets/isometric-miniature-farm/Isometric/woodWallHole_S.png
  artifactKey: Guid(ce8ef2d94f7335444aea5f7f13f146b7) Importer(2089858483,192608db42251d675da83286b1cce702)
Start importing Assets/Art/Assets/isometric-miniature-farm/Isometric/woodWallHole_S.png using Guid(ce8ef2d94f7335444aea5f7f13f146b7) Importer(2089858483,192608db42251d675da83286b1cce702) (ScriptedImporter) -> (artifact id: '934b20bf7889301a5f76a7e9f14dc72f') in 0.0393223 seconds
Number of updated asset objects reloaded before import = 0Number of asset objects unloaded after import = 3

========================================================================
Received Import Request.
  Time since last request: 0.000020 seconds.
  path: Assets/Art/Assets/isometric-miniature-farm/Angle/woodWallDoorway_W.png
  artifactKey: Guid(cbd3e68249e3c7843b2fc7471a74a890) Importer(2089858483,192608db42251d675da83286b1cce702)
Start importing Assets/Art/Assets/isometric-miniature-farm/Angle/woodWallDoorway_W.png using Guid(cbd3e68249e3c7843b2fc7471a74a890) Importer(2089858483,192608db42251d675da83286b1cce702) (ScriptedImporter) -> (artifact id: 'c083a5d5df7bb36ed2441b8b36d2a95b') in 0.0355943 seconds
Number of updated asset objects reloaded before import = 0Number of asset objects unloaded after import = 3

========================================================================
Received Import Request.
  Time since last request: 0.000030 seconds.
  path: Assets/Art/Assets/isometric-miniature-farm/Isometric/woodWallEmptyOpen_S.png
  artifactKey: Guid(46890391dd8fb3f46a96e3f37e38ebde) Importer(2089858483,192608db42251d675da83286b1cce702)
Start importing Assets/Art/Assets/isometric-miniature-farm/Isometric/woodWallEmptyOpen_S.png using Guid(46890391dd8fb3f46a96e3f37e38ebde) Importer(2089858483,192608db42251d675da83286b1cce702) (ScriptedImporter) -> (artifact id: '893c94c8b4c47baf5257a6eceb152788') in 0.0431565 seconds
Number of updated asset objects reloaded before import = 0Number of asset objects unloaded after import = 3

========================================================================
Received Import Request.
  Time since last request: 0.000023 seconds.
  path: Assets/Art/Assets/isometric-miniature-farm/Isometric/planksHighOld_S.png
  artifactKey: Guid(c7b450e680ec1fb449c820d4464b2873) Importer(2089858483,192608db42251d675da83286b1cce702)
Start importing Assets/Art/Assets/isometric-miniature-farm/Isometric/planksHighOld_S.png using Guid(c7b450e680ec1fb449c820d4464b2873) Importer(2089858483,192608db42251d675da83286b1cce702) (ScriptedImporter) -> (artifact id: '2fd1ed228def3b4d31fc6766495472b9') in 0.0316721 seconds
Number of updated asset objects reloaded before import = 0Number of asset objects unloaded after import = 3

========================================================================
Received Import Request.
  Time since last request: 0.000018 seconds.
  path: Assets/Art/Assets/isometric-miniature-farm/Isometric/woodWallCross_W.png
  artifactKey: Guid(5941c56e2e3809b469e5a86e911c771a) Importer(2089858483,192608db42251d675da83286b1cce702)
Start importing Assets/Art/Assets/isometric-miniature-farm/Isometric/woodWallCross_W.png using Guid(5941c56e2e3809b469e5a86e911c771a) Importer(2089858483,192608db42251d675da83286b1cce702) (ScriptedImporter) -> (artifact id: 'c85833ea98980a21ded8c9421f03dbb3') in 0.0409026 seconds
Number of updated asset objects reloaded before import = 0Number of asset objects unloaded after import = 3

========================================================================
Received Import Request.
  Time since last request: 0.000023 seconds.
  path: Assets/Art/Assets/isometric-miniature-farm/Isometric/dirt_W.png
  artifactKey: Guid(459caad8b49e3f04d859d353000eee28) Importer(2089858483,192608db42251d675da83286b1cce702)
Start importing Assets/Art/Assets/isometric-miniature-farm/Isometric/dirt_W.png using Guid(459caad8b49e3f04d859d353000eee28) Importer(2089858483,192608db42251d675da83286b1cce702) (ScriptedImporter) -> (artifact id: 'b48303295986ace6797ab861eba8904e') in 0.0348587 seconds
Number of updated asset objects reloaded before import = 0Number of asset objects unloaded after import = 3

========================================================================
Received Import Request.
  Time since last request: 0.000029 seconds.
  path: Assets/Art/Assets/isometric-miniature-farm/Isometric/woodWallGateOpen_E.png
  artifactKey: Guid(1cbd186333849da4fa7ff141e53ecb0a) Importer(2089858483,192608db42251d675da83286b1cce702)
Start importing Assets/Art/Assets/isometric-miniature-farm/Isometric/woodWallGateOpen_E.png using Guid(1cbd186333849da4fa7ff141e53ecb0a) Importer(2089858483,192608db42251d675da83286b1cce702) (ScriptedImporter) -> (artifact id: '8307b1482acd4bde02b7613f19ba032a') in 0.0480779 seconds
Number of updated asset objects reloaded before import = 0Number of asset objects unloaded after import = 3

========================================================================
Received Import Request.
  Time since last request: 0.000015 seconds.
  path: Assets/Art/Assets/isometric-miniature-farm/Isometric/ladderStraight_N.png
  artifactKey: Guid(9e6827a53eb34cc499423dc70af95913) Importer(2089858483,192608db42251d675da83286b1cce702)
Start importing Assets/Art/Assets/isometric-miniature-farm/Isometric/ladderStraight_N.png using Guid(9e6827a53eb34cc499423dc70af95913) Importer(2089858483,192608db42251d675da83286b1cce702) (ScriptedImporter) -> (artifact id: 'ff4dd16fee0beac4c732b7599dda1157') in 0.0525036 seconds
Number of updated asset objects reloaded before import = 0Number of asset objects unloaded after import = 3

========================================================================
Received Import Request.
  Time since last request: 0.000015 seconds.
  path: Assets/Art/Assets/isometric-miniature-farm/Isometric/woodWallHole_W.png
  artifactKey: Guid(a17c465b506276d48909abbe4fd091ef) Importer(2089858483,192608db42251d675da83286b1cce702)
Start importing Assets/Art/Assets/isometric-miniature-farm/Isometric/woodWallHole_W.png using Guid(a17c465b506276d48909abbe4fd091ef) Importer(2089858483,192608db42251d675da83286b1cce702) (ScriptedImporter) -> (artifact id: '16973ccd378a6e6e29fc46091a8daefa') in 0.0511418 seconds
Number of updated asset objects reloaded before import = 0Number of asset objects unloaded after import = 3

========================================================================
Received Import Request.
  Time since last request: 0.000019 seconds.
  path: Assets/Art/Assets/isometric-miniature-farm/Isometric/fenceLow_S.png
  artifactKey: Guid(242c1440cb2789a4c831ce523dedf6d7) Importer(2089858483,192608db42251d675da83286b1cce702)
Start importing Assets/Art/Assets/isometric-miniature-farm/Isometric/fenceLow_S.png using Guid(242c1440cb2789a4c831ce523dedf6d7) Importer(2089858483,192608db42251d675da83286b1cce702) (ScriptedImporter) -> (artifact id: '75fdc764ac8129d0a80cfec329160241') in 0.0426385 seconds
Number of updated asset objects reloaded before import = 0Number of asset objects unloaded after import = 3

========================================================================
Received Import Request.
  Time since last request: 0.000031 seconds.
  path: Assets/Art/Assets/isometric-miniature-farm/Isometric/fenceLow_E.png
  artifactKey: Guid(1d54e77a426154142b9c2fe055550c3b) Importer(2089858483,192608db42251d675da83286b1cce702)
Start importing Assets/Art/Assets/isometric-miniature-farm/Isometric/fenceLow_E.png using Guid(1d54e77a426154142b9c2fe055550c3b) Importer(2089858483,192608db42251d675da83286b1cce702) (ScriptedImporter) -> (artifact id: '19cbbda5b850eb9739ad21c8f5843c09') in 0.044736 seconds
Number of updated asset objects reloaded before import = 0Number of asset objects unloaded after import = 3

========================================================================
Received Import Request.
  Time since last request: 0.000015 seconds.
  path: Assets/Art/Assets/isometric-miniature-farm/Isometric/woodWallGateClosed_W.png
  artifactKey: Guid(13a939a4c345ebf44b379ebac68908a7) Importer(2089858483,192608db42251d675da83286b1cce702)
Start importing Assets/Art/Assets/isometric-miniature-farm/Isometric/woodWallGateClosed_W.png using Guid(13a939a4c345ebf44b379ebac68908a7) Importer(2089858483,192608db42251d675da83286b1cce702) (ScriptedImporter) -> (artifact id: '19bcd3ceb18a3b727599244076fcbaa9') in 0.0416373 seconds
Number of updated asset objects reloaded before import = 0Number of asset objects unloaded after import = 3

========================================================================
Received Import Request.
  Time since last request: 0.000024 seconds.
  path: Assets/Art/Assets/isometric-miniature-farm/Isometric/planksHole_W.png
  artifactKey: Guid(4e87a9d45aa7ce647b71fe5c2bd7f6b1) Importer(2089858483,192608db42251d675da83286b1cce702)
Start importing Assets/Art/Assets/isometric-miniature-farm/Isometric/planksHole_W.png using Guid(4e87a9d45aa7ce647b71fe5c2bd7f6b1) Importer(2089858483,192608db42251d675da83286b1cce702) (ScriptedImporter) -> (artifact id: '7edde7e377d7c7aac1f01e75eeb73d2a') in 0.0436428 seconds
Number of updated asset objects reloaded before import = 0Number of asset objects unloaded after import = 3

========================================================================
Received Import Request.
  Time since last request: 0.000021 seconds.
  path: Assets/Art/Assets/isometric-miniature-farm/Isometric/planksOld_E.png
  artifactKey: Guid(48e43e8127c3ed84194f964c08252280) Importer(2089858483,192608db42251d675da83286b1cce702)
Start importing Assets/Art/Assets/isometric-miniature-farm/Isometric/planksOld_E.png using Guid(48e43e8127c3ed84194f964c08252280) Importer(2089858483,192608db42251d675da83286b1cce702) (ScriptedImporter) -> (artifact id: 'c43aea7d107b1763aa137cf6a6def7fb') in 0.0386657 seconds
Number of updated asset objects reloaded before import = 0Number of asset objects unloaded after import = 3

========================================================================
Received Import Request.
  Time since last request: 0.000029 seconds.
  path: Assets/Art/Assets/isometric-miniature-farm/Isometric/sack_E.png
  artifactKey: Guid(5d2baad92e9ad504e83a990c2a219243) Importer(2089858483,192608db42251d675da83286b1cce702)
Start importing Assets/Art/Assets/isometric-miniature-farm/Isometric/sack_E.png using Guid(5d2baad92e9ad504e83a990c2a219243) Importer(2089858483,192608db42251d675da83286b1cce702) (ScriptedImporter) -> (artifact id: 'c770bfddb526c73096f859f354d1ac9c') in 0.0364297 seconds
Number of updated asset objects reloaded before import = 0Number of asset objects unloaded after import = 3

========================================================================
Received Import Request.
  Time since last request: 0.000018 seconds.
  path: Assets/Art/Assets/isometric-miniature-farm/Isometric/hayBalesStacked_W.png
  artifactKey: Guid(45d54643418f1d345807480f1f67c737) Importer(2089858483,192608db42251d675da83286b1cce702)
Start importing Assets/Art/Assets/isometric-miniature-farm/Isometric/hayBalesStacked_W.png using Guid(45d54643418f1d345807480f1f67c737) Importer(2089858483,192608db42251d675da83286b1cce702) (ScriptedImporter) -> (artifact id: 'e8b0ce9efa01d1c151086f92201c056d') in 0.0465729 seconds
Number of updated asset objects reloaded before import = 0Number of asset objects unloaded after import = 3

========================================================================
Received Import Request.
  Time since last request: 0.000015 seconds.
  path: Assets/Art/Assets/isometric-miniature-farm/Isometric/ladderStandBroken_S.png
  artifactKey: Guid(e394723cdc1ecba4db4c78e56b37b21e) Importer(2089858483,192608db42251d675da83286b1cce702)
Start importing Assets/Art/Assets/isometric-miniature-farm/Isometric/ladderStandBroken_S.png using Guid(e394723cdc1ecba4db4c78e56b37b21e) Importer(2089858483,192608db42251d675da83286b1cce702) (ScriptedImporter) -> (artifact id: '0840351bd28dbffdcb04e0e48370cef1') in 0.0404371 seconds
Number of updated asset objects reloaded before import = 0Number of asset objects unloaded after import = 3

========================================================================
Received Import Request.
  Time since last request: 0.000020 seconds.
  path: Assets/Art/Assets/isometric-miniature-farm/Isometric/woodWallEmptyDiagonal_W.png
  artifactKey: Guid(2c452cb33561c0543867590f0e4e5489) Importer(2089858483,192608db42251d675da83286b1cce702)
Start importing Assets/Art/Assets/isometric-miniature-farm/Isometric/woodWallEmptyDiagonal_W.png using Guid(2c452cb33561c0543867590f0e4e5489) Importer(2089858483,192608db42251d675da83286b1cce702) (ScriptedImporter) -> (artifact id: 'c6f9d8c7f3f34683fa8e23c09912c941') in 0.0368903 seconds
Number of updated asset objects reloaded before import = 0Number of asset objects unloaded after import = 3

========================================================================
Received Import Request.
  Time since last request: 0.000034 seconds.
  path: Assets/Art/Assets/isometric-miniature-farm/Isometric/fenceHigh_S.png
  artifactKey: Guid(098e2dc626524bd409482a31ae543964) Importer(2089858483,192608db42251d675da83286b1cce702)
Start importing Assets/Art/Assets/isometric-miniature-farm/Isometric/fenceHigh_S.png using Guid(098e2dc626524bd409482a31ae543964) Importer(2089858483,192608db42251d675da83286b1cce702) (ScriptedImporter) -> (artifact id: '70b51f6b930231696318890402a87aea') in 0.0333046 seconds
Number of updated asset objects reloaded before import = 0Number of asset objects unloaded after import = 3

========================================================================
Received Import Request.
  Time since last request: 0.000017 seconds.
  path: Assets/Art/Assets/isometric-miniature-farm/Isometric/woodWallSupport_S.png
  artifactKey: Guid(4c193aaa7e3609d4b94e73cd8e00cd49) Importer(2089858483,192608db42251d675da83286b1cce702)
Start importing Assets/Art/Assets/isometric-miniature-farm/Isometric/woodWallSupport_S.png using Guid(4c193aaa7e3609d4b94e73cd8e00cd49) Importer(2089858483,192608db42251d675da83286b1cce702) (ScriptedImporter) -> (artifact id: '7b06fe273dd681aab20ef07df69e3a52') in 0.0372233 seconds
Number of updated asset objects reloaded before import = 0Number of asset objects unloaded after import = 3

========================================================================
Received Import Request.
  Time since last request: 0.000018 seconds.
  path: Assets/Art/Assets/isometric-miniature-farm/Isometric/chimneyBase_E.png
  artifactKey: Guid(9e7d3f9644a937e4b94c579b5cda6068) Importer(2089858483,192608db42251d675da83286b1cce702)
Start importing Assets/Art/Assets/isometric-miniature-farm/Isometric/chimneyBase_E.png using Guid(9e7d3f9644a937e4b94c579b5cda6068) Importer(2089858483,192608db42251d675da83286b1cce702) (ScriptedImporter) -> (artifact id: '833bdad66de533c39c8c912d7d3b924b') in 0.037959 seconds
Number of updated asset objects reloaded before import = 0Number of asset objects unloaded after import = 3

========================================================================
Received Import Request.
  Time since last request: 0.000019 seconds.
  path: Assets/Art/Assets/isometric-miniature-farm/Isometric/chimneyTop_S.png
  artifactKey: Guid(748de6d469e532844a7b83020fa83c7e) Importer(2089858483,192608db42251d675da83286b1cce702)
Start importing Assets/Art/Assets/isometric-miniature-farm/Isometric/chimneyTop_S.png using Guid(748de6d469e532844a7b83020fa83c7e) Importer(2089858483,192608db42251d675da83286b1cce702) (ScriptedImporter) -> (artifact id: '665fe35ca3a964883e5e7d5bf24e1fbf') in 0.0408824 seconds
Number of updated asset objects reloaded before import = 0Number of asset objects unloaded after import = 3

========================================================================
Received Import Request.
  Time since last request: 0.000025 seconds.
  path: Assets/Art/Assets/isometric-miniature-farm/Isometric/fenceHigh_W.png
  artifactKey: Guid(01967530d4c4e124ba16c41e00ef1d16) Importer(2089858483,192608db42251d675da83286b1cce702)
Start importing Assets/Art/Assets/isometric-miniature-farm/Isometric/fenceHigh_W.png using Guid(01967530d4c4e124ba16c41e00ef1d16) Importer(2089858483,192608db42251d675da83286b1cce702) (ScriptedImporter) -> (artifact id: 'dbab5b8349b19c304d24adfc42b86f6c') in 0.0373548 seconds
Number of updated asset objects reloaded before import = 0Number of asset objects unloaded after import = 3

========================================================================
Received Import Request.
  Time since last request: 0.000016 seconds.
  path: Assets/Art/Assets/isometric-miniature-farm/Isometric/planksCornerLeft_E.png
  artifactKey: Guid(43274f6bb27611a488721f4bd96875e3) Importer(2089858483,192608db42251d675da83286b1cce702)
Start importing Assets/Art/Assets/isometric-miniature-farm/Isometric/planksCornerLeft_E.png using Guid(43274f6bb27611a488721f4bd96875e3) Importer(2089858483,192608db42251d675da83286b1cce702) (ScriptedImporter) -> (artifact id: 'caea26e2d62e487dadc6d5025020d1a8') in 0.04067 seconds
Number of updated asset objects reloaded before import = 0Number of asset objects unloaded after import = 3

========================================================================
Received Import Request.
  Time since last request: 0.000016 seconds.
  path: Assets/Art/Assets/isometric-miniature-farm/Isometric/woodWallSupport_W.png
  artifactKey: Guid(aa406619e3740614d81507768c6cf5df) Importer(2089858483,192608db42251d675da83286b1cce702)
Start importing Assets/Art/Assets/isometric-miniature-farm/Isometric/woodWallSupport_W.png using Guid(aa406619e3740614d81507768c6cf5df) Importer(2089858483,192608db42251d675da83286b1cce702) (ScriptedImporter) -> (artifact id: '711b8f5ab460bf321828a922894b04f2') in 0.0450916 seconds
Number of updated asset objects reloaded before import = 0Number of asset objects unloaded after import = 3

========================================================================
Received Import Request.
  Time since last request: 0.000025 seconds.
  path: Assets/Art/Assets/isometric-miniature-farm/Isometric/woodWallGateway_W.png
  artifactKey: Guid(74b32beafdc7b3744bee8e5c7f46baa8) Importer(2089858483,192608db42251d675da83286b1cce702)
Start importing Assets/Art/Assets/isometric-miniature-farm/Isometric/woodWallGateway_W.png using Guid(74b32beafdc7b3744bee8e5c7f46baa8) Importer(2089858483,192608db42251d675da83286b1cce702) (ScriptedImporter) -> (artifact id: '027937e3c572e8f6531d79e077eb6e06') in 0.0509678 seconds
Number of updated asset objects reloaded before import = 0Number of asset objects unloaded after import = 3

========================================================================
Received Import Request.
  Time since last request: 0.000023 seconds.
  path: Assets/Art/Assets/isometric-miniature-farm/Isometric/dirtFarmland_W.png
  artifactKey: Guid(53206fcfb8f3a0b46ab1216360284979) Importer(2089858483,192608db42251d675da83286b1cce702)
Start importing Assets/Art/Assets/isometric-miniature-farm/Isometric/dirtFarmland_W.png using Guid(53206fcfb8f3a0b46ab1216360284979) Importer(2089858483,192608db42251d675da83286b1cce702) (ScriptedImporter) -> (artifact id: '29829c5add0b136cfab481f627639617') in 0.0466723 seconds
Number of updated asset objects reloaded before import = 0Number of asset objects unloaded after import = 3

========================================================================
Received Import Request.
  Time since last request: 0.000019 seconds.
  path: Assets/Art/Assets/isometric-miniature-farm/Isometric/woodWallWindowGlass_W.png
  artifactKey: Guid(b90b43fe399a9fd43870f1294a1ad85e) Importer(2089858483,192608db42251d675da83286b1cce702)
Start importing Assets/Art/Assets/isometric-miniature-farm/Isometric/woodWallWindowGlass_W.png using Guid(b90b43fe399a9fd43870f1294a1ad85e) Importer(2089858483,192608db42251d675da83286b1cce702) (ScriptedImporter) -> (artifact id: '1b08886aff3a4247303fc89be8858034') in 0.0398482 seconds
Number of updated asset objects reloaded before import = 0Number of asset objects unloaded after import = 3

========================================================================
Received Import Request.
  Time since last request: 0.000019 seconds.
  path: Assets/Art/Assets/isometric-miniature-farm/Isometric/woodWallDiagional_W.png
  artifactKey: Guid(c60491df802334547af4718e482f6b0a) Importer(2089858483,192608db42251d675da83286b1cce702)
Start importing Assets/Art/Assets/isometric-miniature-farm/Isometric/woodWallDiagional_W.png using Guid(c60491df802334547af4718e482f6b0a) Importer(2089858483,192608db42251d675da83286b1cce702) (ScriptedImporter) -> (artifact id: '3671ee9bb0f04f118816e89fd108c458') in 0.0506353 seconds
Number of updated asset objects reloaded before import = 0Number of asset objects unloaded after import = 3

========================================================================
Received Import Request.
  Time since last request: 0.000026 seconds.
  path: Assets/Art/Assets/isometric-miniature-farm/Isometric/hay_W.png
  artifactKey: Guid(45a352181ba183d49a76c130178aaa4c) Importer(2089858483,192608db42251d675da83286b1cce702)
Start importing Assets/Art/Assets/isometric-miniature-farm/Isometric/hay_W.png using Guid(45a352181ba183d49a76c130178aaa4c) Importer(2089858483,192608db42251d675da83286b1cce702) (ScriptedImporter) -> (artifact id: '56f956c4c6bc595fe7441ac3f52e8c1f') in 0.0520281 seconds
Number of updated asset objects reloaded before import = 0Number of asset objects unloaded after import = 3

========================================================================
Received Import Request.
  Time since last request: 0.000017 seconds.
  path: Assets/Art/Assets/isometric-miniature-farm/Isometric/woodWallDoorOpen_N.png
  artifactKey: Guid(b8e833dfd0790e2478db47cb0dbc02d1) Importer(2089858483,192608db42251d675da83286b1cce702)
Start importing Assets/Art/Assets/isometric-miniature-farm/Isometric/woodWallDoorOpen_N.png using Guid(b8e833dfd0790e2478db47cb0dbc02d1) Importer(2089858483,192608db42251d675da83286b1cce702) (ScriptedImporter) -> (artifact id: 'fb35ab8e15a53b0d093f76edb4e68bc7') in 0.0505307 seconds
Number of updated asset objects reloaded before import = 0Number of asset objects unloaded after import = 3

========================================================================
Received Import Request.
  Time since last request: 0.000019 seconds.
  path: Assets/Art/Assets/isometric-miniature-farm/Isometric/planksHighOld_E.png
  artifactKey: Guid(59666950ac4e6e7428fb746912b8c585) Importer(2089858483,192608db42251d675da83286b1cce702)
Start importing Assets/Art/Assets/isometric-miniature-farm/Isometric/planksHighOld_E.png using Guid(59666950ac4e6e7428fb746912b8c585) Importer(2089858483,192608db42251d675da83286b1cce702) (ScriptedImporter) -> (artifact id: '5fad54c3052dbebfd3b635d262eacae5') in 0.0554804 seconds
Number of updated asset objects reloaded before import = 0Number of asset objects unloaded after import = 3

========================================================================
Received Import Request.
  Time since last request: 0.000028 seconds.
  path: Assets/Art/Assets/isometric-miniature-farm/Isometric/planksCornerRight_W.png
  artifactKey: Guid(d131e1e7bca31a94586a0c7e22a9aaff) Importer(2089858483,192608db42251d675da83286b1cce702)
Start importing Assets/Art/Assets/isometric-miniature-farm/Isometric/planksCornerRight_W.png using Guid(d131e1e7bca31a94586a0c7e22a9aaff) Importer(2089858483,192608db42251d675da83286b1cce702) (ScriptedImporter) -> (artifact id: '13d82835e8e8fd716e87368a218850df') in 0.0568903 seconds
Number of updated asset objects reloaded before import = 0Number of asset objects unloaded after import = 3

========================================================================
Received Import Request.
  Time since last request: 0.000021 seconds.
  path: Assets/Art/Assets/isometric-miniature-farm/Isometric/planksHigh_N.png
  artifactKey: Guid(228a61962bab3724cbcfbe3fb874a695) Importer(2089858483,192608db42251d675da83286b1cce702)
Start importing Assets/Art/Assets/isometric-miniature-farm/Isometric/planksHigh_N.png using Guid(228a61962bab3724cbcfbe3fb874a695) Importer(2089858483,192608db42251d675da83286b1cce702) (ScriptedImporter) -> (artifact id: 'a94bbd1dc04e7c69c9eb86843bc42715') in 0.0583708 seconds
Number of updated asset objects reloaded before import = 0Number of asset objects unloaded after import = 3

========================================================================
Received Import Request.
  Time since last request: 0.000022 seconds.
  path: Assets/Art/Assets/isometric-miniature-farm/Isometric/woodWallRoofLeft_S.png
  artifactKey: Guid(0fa3d7249c127af44b53acaf329c449f) Importer(2089858483,192608db42251d675da83286b1cce702)
Start importing Assets/Art/Assets/isometric-miniature-farm/Isometric/woodWallRoofLeft_S.png using Guid(0fa3d7249c127af44b53acaf329c449f) Importer(2089858483,192608db42251d675da83286b1cce702) (ScriptedImporter) -> (artifact id: '9ed8404db7507eb2219d1b4d8fbbe8db') in 0.0514317 seconds
Number of updated asset objects reloaded before import = 0Number of asset objects unloaded after import = 3

========================================================================
Received Import Request.
  Time since last request: 0.000028 seconds.
  path: Assets/Art/Assets/isometric-miniature-farm/Isometric/woodWallWindowGlass_E.png
  artifactKey: Guid(8f4efb64caa43704385b66d3944159d6) Importer(2089858483,192608db42251d675da83286b1cce702)
Start importing Assets/Art/Assets/isometric-miniature-farm/Isometric/woodWallWindowGlass_E.png using Guid(8f4efb64caa43704385b66d3944159d6) Importer(2089858483,192608db42251d675da83286b1cce702) (ScriptedImporter) -> (artifact id: '2115d9b2a117248ac0507410a68daa17') in 0.0609631 seconds
Number of updated asset objects reloaded before import = 0Number of asset objects unloaded after import = 3

========================================================================
Received Import Request.
  Time since last request: 0.000019 seconds.
  path: Assets/Art/Assets/isometric-miniature-farm/Isometric/hay_S.png
  artifactKey: Guid(62b5853b4486d094582089695458605e) Importer(2089858483,192608db42251d675da83286b1cce702)
Start importing Assets/Art/Assets/isometric-miniature-farm/Isometric/hay_S.png using Guid(62b5853b4486d094582089695458605e) Importer(2089858483,192608db42251d675da83286b1cce702) (ScriptedImporter) -> (artifact id: 'fec090eba7cd339026001dd6054533a5') in 0.0532478 seconds
Number of updated asset objects reloaded before import = 0Number of asset objects unloaded after import = 3

========================================================================
Received Import Request.
  Time since last request: 0.000016 seconds.
  path: Assets/Art/Assets/isometric-miniature-farm/Isometric/ladderStand_W.png
  artifactKey: Guid(0dc2cf3b95c72644c92d09cd0011fa22) Importer(2089858483,192608db42251d675da83286b1cce702)
Start importing Assets/Art/Assets/isometric-miniature-farm/Isometric/ladderStand_W.png using Guid(0dc2cf3b95c72644c92d09cd0011fa22) Importer(2089858483,192608db42251d675da83286b1cce702) (ScriptedImporter) -> (artifact id: '7b63e0c358d3f190524d7fd1bcfebb95') in 0.0615971 seconds
Number of updated asset objects reloaded before import = 0Number of asset objects unloaded after import = 3

========================================================================
Received Import Request.
  Time since last request: 0.000024 seconds.
  path: Assets/Art/Assets/isometric-miniature-farm/Isometric/fenceHighBroken_W.png
  artifactKey: Guid(fd52915a9f9909d44898eda027a094ff) Importer(2089858483,192608db42251d675da83286b1cce702)
Start importing Assets/Art/Assets/isometric-miniature-farm/Isometric/fenceHighBroken_W.png using Guid(fd52915a9f9909d44898eda027a094ff) Importer(2089858483,192608db42251d675da83286b1cce702) (ScriptedImporter) -> (artifact id: 'f29c0f9d7f28dcd2129d5d41b673f36c') in 0.0586712 seconds
Number of updated asset objects reloaded before import = 0Number of asset objects unloaded after import = 3

========================================================================
Received Import Request.
  Time since last request: 0.000016 seconds.
  path: Assets/Art/Assets/isometric-miniature-farm/Isometric/woodWallDoorway_E.png
  artifactKey: Guid(71a1f0acfb1237d4b98d5c743ea6fe12) Importer(2089858483,192608db42251d675da83286b1cce702)
Start importing Assets/Art/Assets/isometric-miniature-farm/Isometric/woodWallDoorway_E.png using Guid(71a1f0acfb1237d4b98d5c743ea6fe12) Importer(2089858483,192608db42251d675da83286b1cce702) (ScriptedImporter) -> (artifact id: '0dee53be8aca75ba0633b6c914ea988c') in 0.0554625 seconds
Number of updated asset objects reloaded before import = 0Number of asset objects unloaded after import = 3

========================================================================
Received Import Request.
  Time since last request: 0.000022 seconds.
  path: Assets/Art/Assets/isometric-miniature-farm/Isometric/planks_W.png
  artifactKey: Guid(4f49e26aae62420428b1f80817237ca1) Importer(2089858483,192608db42251d675da83286b1cce702)
Start importing Assets/Art/Assets/isometric-miniature-farm/Isometric/planks_W.png using Guid(4f49e26aae62420428b1f80817237ca1) Importer(2089858483,192608db42251d675da83286b1cce702) (ScriptedImporter) -> (artifact id: '590f1a169455df2ac714666e6f6c4bc6') in 0.053066 seconds
Number of updated asset objects reloaded before import = 0Number of asset objects unloaded after import = 3

========================================================================
Received Import Request.
  Time since last request: 0.000029 seconds.
  path: Assets/Art/Assets/isometric-miniature-farm/Isometric/cornYoungDouble_S.png
  artifactKey: Guid(e331591b8fe8db247bff45c57b56219d) Importer(2089858483,192608db42251d675da83286b1cce702)
Start importing Assets/Art/Assets/isometric-miniature-farm/Isometric/cornYoungDouble_S.png using Guid(e331591b8fe8db247bff45c57b56219d) Importer(2089858483,192608db42251d675da83286b1cce702) (ScriptedImporter) -> (artifact id: '2507e0b94496b11b2dd43f76a21ea94f') in 0.0589158 seconds
Number of updated asset objects reloaded before import = 0Number of asset objects unloaded after import = 3

========================================================================
Received Import Request.
  Time since last request: 0.000016 seconds.
  path: Assets/Art/Assets/isometric-miniature-farm/Isometric/roof_N.png
  artifactKey: Guid(99ddda60299e0aa478cf1077d7edb91d) Importer(2089858483,192608db42251d675da83286b1cce702)
Start importing Assets/Art/Assets/isometric-miniature-farm/Isometric/roof_N.png using Guid(99ddda60299e0aa478cf1077d7edb91d) Importer(2089858483,192608db42251d675da83286b1cce702) (ScriptedImporter) -> (artifact id: '9a2fa9ab363bdb34a91b5ec711c2364d') in 0.0489395 seconds
Number of updated asset objects reloaded before import = 0Number of asset objects unloaded after import = 3

========================================================================
Received Import Request.
  Time since last request: 0.000019 seconds.
  path: Assets/Art/Assets/isometric-miniature-farm/Isometric/fenceLowBroken_W.png
  artifactKey: Guid(b459362a3b832e644bf6b7bd736801f5) Importer(2089858483,192608db42251d675da83286b1cce702)
Start importing Assets/Art/Assets/isometric-miniature-farm/Isometric/fenceLowBroken_W.png using Guid(b459362a3b832e644bf6b7bd736801f5) Importer(2089858483,192608db42251d675da83286b1cce702) (ScriptedImporter) -> (artifact id: '6d9ae7067e188fe28f9de16ef3c74993') in 0.0582747 seconds
Number of updated asset objects reloaded before import = 0Number of asset objects unloaded after import = 3

========================================================================
Received Import Request.
  Time since last request: 0.000026 seconds.
  path: Assets/Art/Assets/isometric-miniature-farm/Isometric/dirt_E.png
  artifactKey: Guid(f94829b69eb89bd49a6be3cc6261787b) Importer(2089858483,192608db42251d675da83286b1cce702)
Start importing Assets/Art/Assets/isometric-miniature-farm/Isometric/dirt_E.png using Guid(f94829b69eb89bd49a6be3cc6261787b) Importer(2089858483,192608db42251d675da83286b1cce702) (ScriptedImporter) -> (artifact id: 'a33945f4366066a5b0247b03dffea653') in 0.0647266 seconds
Number of updated asset objects reloaded before import = 0Number of asset objects unloaded after import = 3

========================================================================
Received Import Request.
  Time since last request: 0.000016 seconds.
  path: Assets/Art/Assets/isometric-miniature-farm/Isometric/hayBalesStacked_S.png
  artifactKey: Guid(5e3e2b081315c9e4b982c8aaba8ffd96) Importer(2089858483,192608db42251d675da83286b1cce702)
Start importing Assets/Art/Assets/isometric-miniature-farm/Isometric/hayBalesStacked_S.png using Guid(5e3e2b081315c9e4b982c8aaba8ffd96) Importer(2089858483,192608db42251d675da83286b1cce702) (ScriptedImporter) -> (artifact id: 'd182e7564866ff83890e8745cacfec72') in 0.0500382 seconds
Number of updated asset objects reloaded before import = 0Number of asset objects unloaded after import = 3

========================================================================
Received Import Request.
  Time since last request: 0.000024 seconds.
  path: Assets/Art/Assets/isometric-miniature-farm/Isometric/woodWall_S.png
  artifactKey: Guid(bffe3ec8c2a24784287afbe860458f6f) Importer(2089858483,192608db42251d675da83286b1cce702)
Start importing Assets/Art/Assets/isometric-miniature-farm/Isometric/woodWall_S.png using Guid(bffe3ec8c2a24784287afbe860458f6f) Importer(2089858483,192608db42251d675da83286b1cce702) (ScriptedImporter) -> (artifact id: 'e06e25e03cdef28323978d9229b08817') in 0.0536997 seconds
Number of updated asset objects reloaded before import = 0Number of asset objects unloaded after import = 3

========================================================================
Received Import Request.
  Time since last request: 0.000029 seconds.
  path: Assets/Art/Assets/isometric-miniature-farm/Angle/planksHole_E.png
  artifactKey: Guid(12a8a1b6eee3f5342b927ae40f19b4a5) Importer(2089858483,192608db42251d675da83286b1cce702)
Start importing Assets/Art/Assets/isometric-miniature-farm/Angle/planksHole_E.png using Guid(12a8a1b6eee3f5342b927ae40f19b4a5) Importer(2089858483,192608db42251d675da83286b1cce702) (ScriptedImporter) -> (artifact id: 'dfd82fb635417707ac7e58afb22ce4d4') in 0.0419466 seconds
Number of updated asset objects reloaded before import = 0Number of asset objects unloaded after import = 3

========================================================================
Received Import Request.
  Time since last request: 0.000019 seconds.
  path: Assets/Art/Assets/isometric-miniature-dungeon/Isometric/stoneWallArchway_N.png
  artifactKey: Guid(0008f84cf4511c24eaba6b3db783ad49) Importer(2089858483,192608db42251d675da83286b1cce702)
Start importing Assets/Art/Assets/isometric-miniature-dungeon/Isometric/stoneWallArchway_N.png using Guid(0008f84cf4511c24eaba6b3db783ad49) Importer(2089858483,192608db42251d675da83286b1cce702) (ScriptedImporter) -> (artifact id: '31e8954817b0a26805623bbdadecc858') in 0.0546684 seconds
Number of updated asset objects reloaded before import = 0Number of asset objects unloaded after import = 3

========================================================================
Received Import Request.
  Time since last request: 0.000017 seconds.
  path: Assets/Art/Assets/isometric-miniature-dungeon/Isometric/stoneWallAgedLeft_N.png
  artifactKey: Guid(57e42b975f64a33429dd0d4bb4ed19f5) Importer(2089858483,192608db42251d675da83286b1cce702)
Start importing Assets/Art/Assets/isometric-miniature-dungeon/Isometric/stoneWallAgedLeft_N.png using Guid(57e42b975f64a33429dd0d4bb4ed19f5) Importer(2089858483,192608db42251d675da83286b1cce702) (ScriptedImporter) -> (artifact id: '0eb51b2b65d6606761b1d83a72e2e121') in 0.0492816 seconds
Number of updated asset objects reloaded before import = 0Number of asset objects unloaded after import = 3

========================================================================
Received Import Request.
  Time since last request: 0.000023 seconds.
  path: Assets/Art/Assets/isometric-miniature-dungeon/Isometric/stoneWallWindow_E.png
  artifactKey: Guid(219376a979d3091438b2f48f3abd6a2f) Importer(2089858483,192608db42251d675da83286b1cce702)
Start importing Assets/Art/Assets/isometric-miniature-dungeon/Isometric/stoneWallWindow_E.png using Guid(219376a979d3091438b2f48f3abd6a2f) Importer(2089858483,192608db42251d675da83286b1cce702) (ScriptedImporter) -> (artifact id: '9952ff02af5714d311a302beee51d46f') in 0.0497347 seconds
Number of updated asset objects reloaded before import = 0Number of asset objects unloaded after import = 3

========================================================================
Received Import Request.
  Time since last request: 0.000015 seconds.
  path: Assets/Art/Assets/isometric-miniature-library/Angle/longTableDecoratedChairs_E.png
  artifactKey: Guid(f3aa0d175166c9e41b033ed6be0d02ef) Importer(2089858483,192608db42251d675da83286b1cce702)
Start importing Assets/Art/Assets/isometric-miniature-library/Angle/longTableDecoratedChairs_E.png using Guid(f3aa0d175166c9e41b033ed6be0d02ef) Importer(2089858483,192608db42251d675da83286b1cce702) (ScriptedImporter) -> (artifact id: '8f7567ea41e442c34abb22bafdd180b9') in 0.0448637 seconds
Number of updated asset objects reloaded before import = 0Number of asset objects unloaded after import = 3

========================================================================
Received Import Request.
  Time since last request: 0.000021 seconds.
  path: Assets/Art/Assets/isometric-miniature-library/Angle/longTableDecoratedChairs_N.png
  artifactKey: Guid(cf3f6a305794d92418d5b11cd5980a44) Importer(2089858483,192608db42251d675da83286b1cce702)
Start importing Assets/Art/Assets/isometric-miniature-library/Angle/longTableDecoratedChairs_N.png using Guid(cf3f6a305794d92418d5b11cd5980a44) Importer(2089858483,192608db42251d675da83286b1cce702) (ScriptedImporter) -> (artifact id: '1103a5412a63b263f9690392ebfb806a') in 0.0537205 seconds
Number of updated asset objects reloaded before import = 0Number of asset objects unloaded after import = 3

========================================================================
Received Import Request.
  Time since last request: 0.000024 seconds.
  path: Assets/Art/Assets/isometric-miniature-library/Angle/bookcaseDestroyed_S.png
  artifactKey: Guid(d020d7f2d6f1d124683d6c4c3487861e) Importer(2089858483,192608db42251d675da83286b1cce702)
Start importing Assets/Art/Assets/isometric-miniature-library/Angle/bookcaseDestroyed_S.png using Guid(d020d7f2d6f1d124683d6c4c3487861e) Importer(2089858483,192608db42251d675da83286b1cce702) (ScriptedImporter) -> (artifact id: '4c70e9ac57196d937cda0dcd7639a020') in 0.0374556 seconds
Number of updated asset objects reloaded before import = 0Number of asset objects unloaded after import = 3

========================================================================
Received Import Request.
  Time since last request: 0.000015 seconds.
  path: Assets/Art/Assets/isometric-miniature-dungeon/Angle/stoneCorner_N.png
  artifactKey: Guid(d22286b7af16c884198e77c2eec1f2fa) Importer(2089858483,192608db42251d675da83286b1cce702)
Start importing Assets/Art/Assets/isometric-miniature-dungeon/Angle/stoneCorner_N.png using Guid(d22286b7af16c884198e77c2eec1f2fa) Importer(2089858483,192608db42251d675da83286b1cce702) (ScriptedImporter) -> (artifact id: '7ad3cf4eace70ab820fdaf4969f055c8') in 0.0559624 seconds
Number of updated asset objects reloaded before import = 0Number of asset objects unloaded after import = 3

========================================================================
Received Import Request.
  Time since last request: 0.000020 seconds.
  path: Assets/Art/Assets/isometric-miniature-farm/Isometric/fenceHighBroken_E.png
  artifactKey: Guid(493cf98e803a88746badaa87ba8bd858) Importer(2089858483,192608db42251d675da83286b1cce702)
Start importing Assets/Art/Assets/isometric-miniature-farm/Isometric/fenceHighBroken_E.png using Guid(493cf98e803a88746badaa87ba8bd858) Importer(2089858483,192608db42251d675da83286b1cce702) (ScriptedImporter) -> (artifact id: '7297079943635043291e77a71647e90f') in 0.0433899 seconds
Number of updated asset objects reloaded before import = 0Number of asset objects unloaded after import = 3

========================================================================
Received Import Request.
  Time since last request: 0.000034 seconds.
  path: Assets/Art/Assets/isometric-miniature-dungeon/Angle/bridge_N.png
  artifactKey: Guid(1767f1f1a764c9841ba97635fcd8902b) Importer(2089858483,192608db42251d675da83286b1cce702)
Start importing Assets/Art/Assets/isometric-miniature-dungeon/Angle/bridge_N.png using Guid(1767f1f1a764c9841ba97635fcd8902b) Importer(2089858483,192608db42251d675da83286b1cce702) (ScriptedImporter) -> (artifact id: '3f2282532854590809a13bf31e7cce4a') in 0.0495337 seconds
Number of updated asset objects reloaded before import = 0Number of asset objects unloaded after import = 3

========================================================================
Received Import Request.
  Time since last request: 0.000017 seconds.
  path: Assets/Art/Assets/isometric-miniature-library/Angle/longTableDecoratedChairs_W.png
  artifactKey: Guid(4961f53e96fd8a3408410e47fb5818b1) Importer(2089858483,192608db42251d675da83286b1cce702)
Start importing Assets/Art/Assets/isometric-miniature-library/Angle/longTableDecoratedChairs_W.png using Guid(4961f53e96fd8a3408410e47fb5818b1) Importer(2089858483,192608db42251d675da83286b1cce702) (ScriptedImporter) -> (artifact id: '59fdf5acb9eca145d2090cdc0032848c') in 0.0441051 seconds
Number of updated asset objects reloaded before import = 0Number of asset objects unloaded after import = 3

========================================================================
Received Import Request.
  Time since last request: 0.000017 seconds.
  path: Assets/Art/Assets/isometric-miniature-library/Angle/longTableChairs_E.png
  artifactKey: Guid(d48849bf58b084840b3b8384f74324e1) Importer(2089858483,192608db42251d675da83286b1cce702)
Start importing Assets/Art/Assets/isometric-miniature-library/Angle/longTableChairs_E.png using Guid(d48849bf58b084840b3b8384f74324e1) Importer(2089858483,192608db42251d675da83286b1cce702) (ScriptedImporter) -> (artifact id: '990dd4fc4570d7fdfddb04ac37c9a1f7') in 0.0483204 seconds
Number of updated asset objects reloaded before import = 0Number of asset objects unloaded after import = 3

========================================================================
Received Import Request.
  Time since last request: 0.000022 seconds.
  path: Assets/Art/Assets/isometric-miniature-library/Angle/bookcaseHalfWideEmpty_N.png
  artifactKey: Guid(d44e92033056bb4499c6cc7b8a2a2db7) Importer(2089858483,192608db42251d675da83286b1cce702)
Start importing Assets/Art/Assets/isometric-miniature-library/Angle/bookcaseHalfWideEmpty_N.png using Guid(d44e92033056bb4499c6cc7b8a2a2db7) Importer(2089858483,192608db42251d675da83286b1cce702) (ScriptedImporter) -> (artifact id: '3ef08895bb94a362522ca6b88998fb01') in 0.0491795 seconds
Number of updated asset objects reloaded before import = 0Number of asset objects unloaded after import = 3

========================================================================
Received Import Request.
  Time since last request: 0.000039 seconds.
  path: Assets/Art/Assets/isometric-miniature-library/Angle/bookStandEmpty_W.png
  artifactKey: Guid(fa44ec038864884489a14b2e9febc82e) Importer(2089858483,192608db42251d675da83286b1cce702)
Start importing Assets/Art/Assets/isometric-miniature-library/Angle/bookStandEmpty_W.png using Guid(fa44ec038864884489a14b2e9febc82e) Importer(2089858483,192608db42251d675da83286b1cce702) (ScriptedImporter) -> (artifact id: '4b029273127ef67deb9b3c12dcb83ea9') in 0.0479192 seconds
Number of updated asset objects reloaded before import = 0Number of asset objects unloaded after import = 3

========================================================================
Received Import Request.
  Time since last request: 0.000014 seconds.
  path: Assets/Art/Assets/isometric-miniature-library/Angle/displayCaseSword_W.png
  artifactKey: Guid(31914ce89263dd846853f7fe36a1ad0a) Importer(2089858483,192608db42251d675da83286b1cce702)
Start importing Assets/Art/Assets/isometric-miniature-library/Angle/displayCaseSword_W.png using Guid(31914ce89263dd846853f7fe36a1ad0a) Importer(2089858483,192608db42251d675da83286b1cce702) (ScriptedImporter) -> (artifact id: '741c6b5e80415e6ad37825ed2a56971b') in 0.05949 seconds
Number of updated asset objects reloaded before import = 0Number of asset objects unloaded after import = 3

========================================================================
Received Import Request.
  Time since last request: 0.000021 seconds.
  path: Assets/Art/Assets/isometric-miniature-library/Angle/floorCarpetSmall_S.png
  artifactKey: Guid(4e0ceac92fd0735449a402da62323fd2) Importer(2089858483,192608db42251d675da83286b1cce702)
Start importing Assets/Art/Assets/isometric-miniature-library/Angle/floorCarpetSmall_S.png using Guid(4e0ceac92fd0735449a402da62323fd2) Importer(2089858483,192608db42251d675da83286b1cce702) (ScriptedImporter) -> (artifact id: '86ea102312775890b92ced0400db3d12') in 0.0514641 seconds
Number of updated asset objects reloaded before import = 0Number of asset objects unloaded after import = 3

========================================================================
Received Import Request.
  Time since last request: 0.000030 seconds.
  path: Assets/Art/Assets/isometric-miniature-library/Angle/bookStandEmpty_N.png
  artifactKey: Guid(bb4d9357c0cc81249b9ec469da9715df) Importer(2089858483,192608db42251d675da83286b1cce702)
Start importing Assets/Art/Assets/isometric-miniature-library/Angle/bookStandEmpty_N.png using Guid(bb4d9357c0cc81249b9ec469da9715df) Importer(2089858483,192608db42251d675da83286b1cce702) (ScriptedImporter) -> (artifact id: 'a4e19447ba705f9592a60130c5b41a4e') in 0.0428626 seconds
Number of updated asset objects reloaded before import = 0Number of asset objects unloaded after import = 3

========================================================================
Received Import Request.
  Time since last request: 0.000019 seconds.
  path: Assets/Art/Assets/isometric-miniature-library/Angle/bookcaseWideBooksDesk_E.png
  artifactKey: Guid(74ef0ebd11e1b6e43abe8e112ea3b1a1) Importer(2089858483,192608db42251d675da83286b1cce702)
Start importing Assets/Art/Assets/isometric-miniature-library/Angle/bookcaseWideBooksDesk_E.png using Guid(74ef0ebd11e1b6e43abe8e112ea3b1a1) Importer(2089858483,192608db42251d675da83286b1cce702) (ScriptedImporter) -> (artifact id: '16bec4a3c50c60a1bf7d9b5e22eae06b') in 0.0448674 seconds
Number of updated asset objects reloaded before import = 0Number of asset objects unloaded after import = 3

========================================================================
Received Import Request.
  Time since last request: 0.000020 seconds.
  path: Assets/Art/Assets/isometric-miniature-library/Angle/bookcaseGlass_E.png
  artifactKey: Guid(d5becde8b2c05324b84aaf25521274cd) Importer(2089858483,192608db42251d675da83286b1cce702)
Start importing Assets/Art/Assets/isometric-miniature-library/Angle/bookcaseGlass_E.png using Guid(d5becde8b2c05324b84aaf25521274cd) Importer(2089858483,192608db42251d675da83286b1cce702) (ScriptedImporter) -> (artifact id: '43324e167fcf91582875e94a02f21809') in 0.0404244 seconds
Number of updated asset objects reloaded before import = 0Number of asset objects unloaded after import = 3

========================================================================
Received Import Request.
  Time since last request: 0.000019 seconds.
  path: Assets/Art/Assets/isometric-miniature-library/Angle/candleStandDouble_S.png
  artifactKey: Guid(7b95dcf3cce21334081d52c059abfad6) Importer(2089858483,192608db42251d675da83286b1cce702)
Start importing Assets/Art/Assets/isometric-miniature-library/Angle/candleStandDouble_S.png using Guid(7b95dcf3cce21334081d52c059abfad6) Importer(2089858483,192608db42251d675da83286b1cce702) (ScriptedImporter) -> (artifact id: '984cfa0630db761080036e12e5e55659') in 0.0531116 seconds
Number of updated asset objects reloaded before import = 0Number of asset objects unloaded after import = 3

========================================================================
Received Import Request.
  Time since last request: 0.000027 seconds.
  path: Assets/Art/Assets/isometric-miniature-library/Angle/wallDoorway_W.png
  artifactKey: Guid(08787e276ee9aaa4394b94d7a65a0010) Importer(2089858483,192608db42251d675da83286b1cce702)
Start importing Assets/Art/Assets/isometric-miniature-library/Angle/wallDoorway_W.png using Guid(08787e276ee9aaa4394b94d7a65a0010) Importer(2089858483,192608db42251d675da83286b1cce702) (ScriptedImporter) -> (artifact id: '1fabcb2782b81b3542b36d858edbb321') in 0.0584081 seconds
Number of updated asset objects reloaded before import = 0Number of asset objects unloaded after import = 3

========================================================================
Received Import Request.
  Time since last request: 0.000015 seconds.
  path: Assets/Art/Assets/isometric-miniature-farm/Isometric/dirtFarmland_S.png
  artifactKey: Guid(e64488dd0d292844782be0b6c64a2fd3) Importer(2089858483,192608db42251d675da83286b1cce702)
Start importing Assets/Art/Assets/isometric-miniature-farm/Isometric/dirtFarmland_S.png using Guid(e64488dd0d292844782be0b6c64a2fd3) Importer(2089858483,192608db42251d675da83286b1cce702) (ScriptedImporter) -> (artifact id: 'c4041f52225c4ee02e749f9bbca28099') in 0.0521695 seconds
Number of updated asset objects reloaded before import = 0Number of asset objects unloaded after import = 3

========================================================================
Received Import Request.
  Time since last request: 0.000043 seconds.
  path: Assets/Art/Assets/isometric-miniature-farm/Isometric/woodWallDoorClosed_W.png
  artifactKey: Guid(5c103fdc636378f4ebaf860e3e284ff1) Importer(2089858483,192608db42251d675da83286b1cce702)
Start importing Assets/Art/Assets/isometric-miniature-farm/Isometric/woodWallDoorClosed_W.png using Guid(5c103fdc636378f4ebaf860e3e284ff1) Importer(2089858483,192608db42251d675da83286b1cce702) (ScriptedImporter) -> (artifact id: '4742b651a653dc6b57492fc81a84e205') in 0.0553487 seconds
Number of updated asset objects reloaded before import = 0Number of asset objects unloaded after import = 3

========================================================================
Received Import Request.
  Time since last request: 0.000038 seconds.
  path: Assets/Art/Assets/isometric-miniature-library/Angle/bookcaseHalfEmpty_E.png
  artifactKey: Guid(93eef6e2c27b798489a3d47c8052370f) Importer(2089858483,192608db42251d675da83286b1cce702)
Start importing Assets/Art/Assets/isometric-miniature-library/Angle/bookcaseHalfEmpty_E.png using Guid(93eef6e2c27b798489a3d47c8052370f) Importer(2089858483,192608db42251d675da83286b1cce702) (ScriptedImporter) -> (artifact id: '6ed8e233631e039f7647249dd0562aa2') in 0.0514141 seconds
Number of updated asset objects reloaded before import = 0Number of asset objects unloaded after import = 3

========================================================================
Received Import Request.
  Time since last request: 0.000039 seconds.
  path: Assets/Art/Assets/isometric-miniature-library/Angle/bookcaseWideEmpty_E.png
  artifactKey: Guid(986a426620d43704f8ec352b08a02f79) Importer(2089858483,192608db42251d675da83286b1cce702)
Start importing Assets/Art/Assets/isometric-miniature-library/Angle/bookcaseWideEmpty_E.png using Guid(986a426620d43704f8ec352b08a02f79) Importer(2089858483,192608db42251d675da83286b1cce702) (ScriptedImporter) -> (artifact id: '5c8bb9232f9343c1b277bebce56006b8') in 0.0530954 seconds
Number of updated asset objects reloaded before import = 0Number of asset objects unloaded after import = 3

========================================================================
Received Import Request.
  Time since last request: 0.000022 seconds.
  path: Assets/Art/Assets/isometric-miniature-library/Angle/longTable_W.png
  artifactKey: Guid(c744f21256ecf2e4682f0a4c9456b663) Importer(2089858483,192608db42251d675da83286b1cce702)
Start importing Assets/Art/Assets/isometric-miniature-library/Angle/longTable_W.png using Guid(c744f21256ecf2e4682f0a4c9456b663) Importer(2089858483,192608db42251d675da83286b1cce702) (ScriptedImporter) -> (artifact id: '0bfbef405356cfa8f156002b7831df35') in 0.0401347 seconds
Number of updated asset objects reloaded before import = 0Number of asset objects unloaded after import = 3

========================================================================
Received Import Request.
  Time since last request: 0.000028 seconds.
  path: Assets/Art/Assets/isometric-miniature-library/Angle/bookStandEmpty_S.png
  artifactKey: Guid(265e3c3cfe0c61e4c977cd5a8be67c3a) Importer(2089858483,192608db42251d675da83286b1cce702)
Start importing Assets/Art/Assets/isometric-miniature-library/Angle/bookStandEmpty_S.png using Guid(265e3c3cfe0c61e4c977cd5a8be67c3a) Importer(2089858483,192608db42251d675da83286b1cce702) (ScriptedImporter) -> (artifact id: 'b50ba72bf5717d24cf6537fe6f1dbf94') in 0.0505606 seconds
Number of updated asset objects reloaded before import = 0Number of asset objects unloaded after import = 3

========================================================================
Received Import Request.
  Time since last request: 0.000017 seconds.
  path: Assets/Art/Assets/isometric-miniature-library/Angle/displayCase_E.png
  artifactKey: Guid(ffb40019228a8324fbe89b928d1b11dd) Importer(2089858483,192608db42251d675da83286b1cce702)
Start importing Assets/Art/Assets/isometric-miniature-library/Angle/displayCase_E.png using Guid(ffb40019228a8324fbe89b928d1b11dd) Importer(2089858483,192608db42251d675da83286b1cce702) (ScriptedImporter) -> (artifact id: '12b1017441f44dfca4ca8edc35915e62') in 0.054807 seconds
Number of updated asset objects reloaded before import = 0Number of asset objects unloaded after import = 3

========================================================================
Received Import Request.
  Time since last request: 0.000024 seconds.
  path: Assets/Art/Assets/isometric-miniature-library/Angle/candleStand_E.png
  artifactKey: Guid(a779d713ecac3be4c8bb970ccc69d89e) Importer(2089858483,192608db42251d675da83286b1cce702)
Start importing Assets/Art/Assets/isometric-miniature-library/Angle/candleStand_E.png using Guid(a779d713ecac3be4c8bb970ccc69d89e) Importer(2089858483,192608db42251d675da83286b1cce702) (ScriptedImporter) -> (artifact id: '921acc00abfb928d0f322dbcd4f561b5') in 0.0491938 seconds
Number of updated asset objects reloaded before import = 0Number of asset objects unloaded after import = 3

========================================================================
Received Import Request.
  Time since last request: 0.000027 seconds.
  path: Assets/Art/Assets/isometric-miniature-library/Angle/floorCarpetEnd_N.png
  artifactKey: Guid(f177c3062c683a54fb403b2e12275f5e) Importer(2089858483,192608db42251d675da83286b1cce702)
Start importing Assets/Art/Assets/isometric-miniature-library/Angle/floorCarpetEnd_N.png using Guid(f177c3062c683a54fb403b2e12275f5e) Importer(2089858483,192608db42251d675da83286b1cce702) (ScriptedImporter) -> (artifact id: '781a1daff6f00b9dc4f315207b95f941') in 0.0474859 seconds
Number of updated asset objects reloaded before import = 0Number of asset objects unloaded after import = 3

========================================================================
Received Import Request.
  Time since last request: 0.000014 seconds.
  path: Assets/Art/Assets/isometric-miniature-library/Angle/floorCarpetEnd_E.png
  artifactKey: Guid(555bddb2e61a067448c7e948cb7413a7) Importer(2089858483,192608db42251d675da83286b1cce702)
Start importing Assets/Art/Assets/isometric-miniature-library/Angle/floorCarpetEnd_E.png using Guid(555bddb2e61a067448c7e948cb7413a7) Importer(2089858483,192608db42251d675da83286b1cce702) (ScriptedImporter) -> (artifact id: '124f77d1a7b6917f08688969719cdc4f') in 0.04846 seconds
Number of updated asset objects reloaded before import = 0Number of asset objects unloaded after import = 3

========================================================================
Received Import Request.
  Time since last request: 0.000020 seconds.
  path: Assets/Art/Assets/isometric-miniature-library/Angle/bookcaseGlass_W.png
  artifactKey: Guid(dbc9bff24537b214a826546920242d4e) Importer(2089858483,192608db42251d675da83286b1cce702)
Start importing Assets/Art/Assets/isometric-miniature-library/Angle/bookcaseGlass_W.png using Guid(dbc9bff24537b214a826546920242d4e) Importer(2089858483,192608db42251d675da83286b1cce702) (ScriptedImporter) -> (artifact id: 'f4a4285c29f542b0664b77c405ca470b') in 0.038016 seconds
Number of updated asset objects reloaded before import = 0Number of asset objects unloaded after import = 3

========================================================================
Received Import Request.
  Time since last request: 0.000032 seconds.
  path: Assets/Art/Assets/isometric-miniature-library/Angle/bookcaseHalfWideBooks_E.png
  artifactKey: Guid(07160c0b7fe8e734289e2d834911280b) Importer(2089858483,192608db42251d675da83286b1cce702)
Start importing Assets/Art/Assets/isometric-miniature-library/Angle/bookcaseHalfWideBooks_E.png using Guid(07160c0b7fe8e734289e2d834911280b) Importer(2089858483,192608db42251d675da83286b1cce702) (ScriptedImporter) -> (artifact id: 'dd76aa81989561f34ef294cb01c6ed1b') in 0.0567953 seconds
Number of updated asset objects reloaded before import = 0Number of asset objects unloaded after import = 3

========================================================================
Received Import Request.
  Time since last request: 0.000016 seconds.
  path: Assets/Art/Assets/isometric-miniature-library/Angle/bookStand_N.png
  artifactKey: Guid(fc1e834e887ec5743a6d30607c88b04e) Importer(2089858483,192608db42251d675da83286b1cce702)
Start importing Assets/Art/Assets/isometric-miniature-library/Angle/bookStand_N.png using Guid(fc1e834e887ec5743a6d30607c88b04e) Importer(2089858483,192608db42251d675da83286b1cce702) (ScriptedImporter) -> (artifact id: 'c280961c02efa9262cebc8d7a4795633') in 0.0332718 seconds
Number of updated asset objects reloaded before import = 0Number of asset objects unloaded after import = 3

========================================================================
Received Import Request.
  Time since last request: 0.000035 seconds.
  path: Assets/Art/Assets/isometric-miniature-library/Angle/longTableDecorated_N.png
  artifactKey: Guid(ef9708933c2f9354aae056426353e878) Importer(2089858483,192608db42251d675da83286b1cce702)
Start importing Assets/Art/Assets/isometric-miniature-library/Angle/longTableDecorated_N.png using Guid(ef9708933c2f9354aae056426353e878) Importer(2089858483,192608db42251d675da83286b1cce702) (ScriptedImporter) -> (artifact id: '11c8ebf240e1b64ab972456d4ccd2550') in 0.0332093 seconds
Number of updated asset objects reloaded before import = 0Number of asset objects unloaded after import = 3

========================================================================
Received Import Request.
  Time since last request: 0.000020 seconds.
  path: Assets/Art/Assets/isometric-miniature-library/Angle/longTableDecorated_W.png
  artifactKey: Guid(f91ac47c23fc7254388d77455635cb02) Importer(2089858483,192608db42251d675da83286b1cce702)
Start importing Assets/Art/Assets/isometric-miniature-library/Angle/longTableDecorated_W.png using Guid(f91ac47c23fc7254388d77455635cb02) Importer(2089858483,192608db42251d675da83286b1cce702) (ScriptedImporter) -> (artifact id: 'b04ee5540108cfcb4c0eb4f96b11773e') in 0.038915 seconds
Number of updated asset objects reloaded before import = 0Number of asset objects unloaded after import = 3

========================================================================
Received Import Request.
  Time since last request: 0.000036 seconds.
  path: Assets/Art/Assets/isometric-miniature-library/Isometric/bookStandEmpty_E.png
  artifactKey: Guid(10319fadce0f436469cad5aa23763b4a) Importer(2089858483,192608db42251d675da83286b1cce702)
Start importing Assets/Art/Assets/isometric-miniature-library/Isometric/bookStandEmpty_E.png using Guid(10319fadce0f436469cad5aa23763b4a) Importer(2089858483,192608db42251d675da83286b1cce702) (ScriptedImporter) -> (artifact id: '867ec449705065f5fb20d8180857f798') in 0.0360366 seconds
Number of updated asset objects reloaded before import = 0Number of asset objects unloaded after import = 3

========================================================================
Received Import Request.
  Time since last request: 0.000015 seconds.
  path: Assets/Art/Assets/isometric-miniature-library/Isometric/libraryChair_S.png
  artifactKey: Guid(cb18a056646d08e42b9d1d8c8f1a0003) Importer(2089858483,192608db42251d675da83286b1cce702)
Start importing Assets/Art/Assets/isometric-miniature-library/Isometric/libraryChair_S.png using Guid(cb18a056646d08e42b9d1d8c8f1a0003) Importer(2089858483,192608db42251d675da83286b1cce702) (ScriptedImporter) -> (artifact id: 'f0dd73b4906dcee6acc3c9125847cb98') in 0.0346078 seconds
Number of updated asset objects reloaded before import = 0Number of asset objects unloaded after import = 3

========================================================================
Received Import Request.
  Time since last request: 0.000019 seconds.
  path: Assets/Art/Assets/isometric-miniature-library/Isometric/bookStand_W.png
  artifactKey: Guid(743455f58d9df54429d74455ce601312) Importer(2089858483,192608db42251d675da83286b1cce702)
Start importing Assets/Art/Assets/isometric-miniature-library/Isometric/bookStand_W.png using Guid(743455f58d9df54429d74455ce601312) Importer(2089858483,192608db42251d675da83286b1cce702) (ScriptedImporter) -> (artifact id: '05dc6e66dc06f0484d64ed46f7426004') in 0.0403989 seconds
Number of updated asset objects reloaded before import = 0Number of asset objects unloaded after import = 3

========================================================================
Received Import Request.
  Time since last request: 0.000018 seconds.
  path: Assets/Art/Assets/isometric-miniature-library/Angle/bookcaseHalfEmpty_N.png
  artifactKey: Guid(4b79e192fc5fd344091175936f01ddde) Importer(2089858483,192608db42251d675da83286b1cce702)
Start importing Assets/Art/Assets/isometric-miniature-library/Angle/bookcaseHalfEmpty_N.png using Guid(4b79e192fc5fd344091175936f01ddde) Importer(2089858483,192608db42251d675da83286b1cce702) (ScriptedImporter) -> (artifact id: '3e23d268274bdea90aef0338910ce225') in 0.0456257 seconds
Number of updated asset objects reloaded before import = 0Number of asset objects unloaded after import = 3

========================================================================
Received Import Request.
  Time since last request: 0.000027 seconds.
  path: Assets/Art/Assets/isometric-miniature-library/Isometric/bookcaseWideBooksLadder_E.png
  artifactKey: Guid(01dcb8198917c3443900fbef64a7c640) Importer(2089858483,192608db42251d675da83286b1cce702)
Start importing Assets/Art/Assets/isometric-miniature-library/Isometric/bookcaseWideBooksLadder_E.png using Guid(01dcb8198917c3443900fbef64a7c640) Importer(2089858483,192608db42251d675da83286b1cce702) (ScriptedImporter) -> (artifact id: '0afee75f7e9a022c51e9120a68b3cb3f') in 0.0404825 seconds
Number of updated asset objects reloaded before import = 0Number of asset objects unloaded after import = 3

========================================================================
Received Import Request.
  Time since last request: 0.000018 seconds.
  path: Assets/Art/Assets/isometric-miniature-library/Angle/floorCarpet_N.png
  artifactKey: Guid(a2224f0b67ccf034ebeff9bd7bdc4d97) Importer(2089858483,192608db42251d675da83286b1cce702)
Start importing Assets/Art/Assets/isometric-miniature-library/Angle/floorCarpet_N.png using Guid(a2224f0b67ccf034ebeff9bd7bdc4d97) Importer(2089858483,192608db42251d675da83286b1cce702) (ScriptedImporter) -> (artifact id: '186370fcd5d4c34153f1e5b15683a1e2') in 0.0489912 seconds
Number of updated asset objects reloaded before import = 0Number of asset objects unloaded after import = 3

========================================================================
Received Import Request.
  Time since last request: 0.000023 seconds.
  path: Assets/Art/Assets/isometric-miniature-library/Isometric/bookcaseGlass_W.png
  artifactKey: Guid(f10eafed9905dd14f971652e6c39189f) Importer(2089858483,192608db42251d675da83286b1cce702)
Start importing Assets/Art/Assets/isometric-miniature-library/Isometric/bookcaseGlass_W.png using Guid(f10eafed9905dd14f971652e6c39189f) Importer(2089858483,192608db42251d675da83286b1cce702) (ScriptedImporter) -> (artifact id: 'cce58359ed1a832b66ba1adc1368b0ca') in 0.048523 seconds
Number of updated asset objects reloaded before import = 0Number of asset objects unloaded after import = 3

========================================================================
Received Import Request.
  Time since last request: 0.000029 seconds.
  path: Assets/Art/Assets/isometric-miniature-library/Isometric/bookcaseHalfWideEmpty_N.png
  artifactKey: Guid(e02ffa800ddce3c4f862474f37234053) Importer(2089858483,192608db42251d675da83286b1cce702)
Start importing Assets/Art/Assets/isometric-miniature-library/Isometric/bookcaseHalfWideEmpty_N.png using Guid(e02ffa800ddce3c4f862474f37234053) Importer(2089858483,192608db42251d675da83286b1cce702) (ScriptedImporter) -> (artifact id: '09ffccceb033f84ff752ab2e71bfa59b') in 0.0408143 seconds
Number of updated asset objects reloaded before import = 0Number of asset objects unloaded after import = 3

========================================================================
Received Import Request.
  Time since last request: 0.000016 seconds.
  path: Assets/Art/Assets/isometric-miniature-library/Isometric/bookcaseGlass_E.png
  artifactKey: Guid(a547bce8c4370cd46b1f4b52c67a43a6) Importer(2089858483,192608db42251d675da83286b1cce702)
Start importing Assets/Art/Assets/isometric-miniature-library/Isometric/bookcaseGlass_E.png using Guid(a547bce8c4370cd46b1f4b52c67a43a6) Importer(2089858483,192608db42251d675da83286b1cce702) (ScriptedImporter) -> (artifact id: 'a4636e4e84996387e01d2dcfb7c748ed') in 0.0458679 seconds
Number of updated asset objects reloaded before import = 0Number of asset objects unloaded after import = 3

========================================================================
Received Import Request.
  Time since last request: 0.000015 seconds.
  path: Assets/Art/Assets/isometric-miniature-library/Isometric/displayCaseSword_E.png
  artifactKey: Guid(a870af050d66dfa48a3c4a139cff273e) Importer(2089858483,192608db42251d675da83286b1cce702)
Start importing Assets/Art/Assets/isometric-miniature-library/Isometric/displayCaseSword_E.png using Guid(a870af050d66dfa48a3c4a139cff273e) Importer(2089858483,192608db42251d675da83286b1cce702) (ScriptedImporter) -> (artifact id: '82f79355800df71ee7e36b72ecd4fec6') in 0.0470356 seconds
Number of updated asset objects reloaded before import = 0Number of asset objects unloaded after import = 3

========================================================================
Received Import Request.
  Time since last request: 0.000018 seconds.
  path: Assets/Art/Assets/isometric-miniature-library/Isometric/bookcaseWideBooksLadder_S.png
  artifactKey: Guid(11f71aa8410533446a7f5c6b1adadc0f) Importer(2089858483,192608db42251d675da83286b1cce702)
Start importing Assets/Art/Assets/isometric-miniature-library/Isometric/bookcaseWideBooksLadder_S.png using Guid(11f71aa8410533446a7f5c6b1adadc0f) Importer(2089858483,192608db42251d675da83286b1cce702) (ScriptedImporter) -> (artifact id: '8e439ef1684143278aa905083ad733f3') in 0.0554004 seconds
Number of updated asset objects reloaded before import = 0Number of asset objects unloaded after import = 3

========================================================================
Received Import Request.
  Time since last request: 0.000023 seconds.
  path: Assets/Art/Assets/isometric-miniature-library/Isometric/bookcaseEmpty_N.png
  artifactKey: Guid(992ac98ac41d48d488dde2e94d2dc93c) Importer(2089858483,192608db42251d675da83286b1cce702)
Start importing Assets/Art/Assets/isometric-miniature-library/Isometric/bookcaseEmpty_N.png using Guid(992ac98ac41d48d488dde2e94d2dc93c) Importer(2089858483,192608db42251d675da83286b1cce702) (ScriptedImporter) -> (artifact id: 'abbd67ccf8e900f6bb635bb7cfbad5dd') in 0.0445729 seconds
Number of updated asset objects reloaded before import = 0Number of asset objects unloaded after import = 3

========================================================================
Received Import Request.
  Time since last request: 0.000016 seconds.
  path: Assets/Art/Assets/isometric-miniature-library/Isometric/candleStand_N.png
  artifactKey: Guid(5e92ae90b14b16d43ba00ed0679a42da) Importer(2089858483,192608db42251d675da83286b1cce702)
Start importing Assets/Art/Assets/isometric-miniature-library/Isometric/candleStand_N.png using Guid(5e92ae90b14b16d43ba00ed0679a42da) Importer(2089858483,192608db42251d675da83286b1cce702) (ScriptedImporter) -> (artifact id: '3a26fb5af66802c503402687ae1de842') in 0.0506275 seconds
Number of updated asset objects reloaded before import = 0Number of asset objects unloaded after import = 3

========================================================================
Received Import Request.
  Time since last request: 0.000022 seconds.
  path: Assets/Art/Assets/isometric-miniature-library/Isometric/bookcaseHalfEmpty_W.png
  artifactKey: Guid(875059b7e4de14e468aaf1d0a0c1a536) Importer(2089858483,192608db42251d675da83286b1cce702)
Start importing Assets/Art/Assets/isometric-miniature-library/Isometric/bookcaseHalfEmpty_W.png using Guid(875059b7e4de14e468aaf1d0a0c1a536) Importer(2089858483,192608db42251d675da83286b1cce702) (ScriptedImporter) -> (artifact id: '6499f6f5079c1b6899f70a2fe4b7ede6') in 0.0532987 seconds
Number of updated asset objects reloaded before import = 0Number of asset objects unloaded after import = 3

========================================================================
Received Import Request.
  Time since last request: 0.000034 seconds.
  path: Assets/Art/Assets/isometric-miniature-library/Isometric/bookcaseWideEmptyLadder_S.png
  artifactKey: Guid(474cc7f26b6810046b6172f1b463ba5e) Importer(2089858483,192608db42251d675da83286b1cce702)
Start importing Assets/Art/Assets/isometric-miniature-library/Isometric/bookcaseWideEmptyLadder_S.png using Guid(474cc7f26b6810046b6172f1b463ba5e) Importer(2089858483,192608db42251d675da83286b1cce702) (ScriptedImporter) -> (artifact id: '2a8d52a928f779a809c9f0c5d04f94ac') in 0.0577545 seconds
Number of updated asset objects reloaded before import = 0Number of asset objects unloaded after import = 3

========================================================================
Received Import Request.
  Time since last request: 0.000021 seconds.
  path: Assets/Art/Assets/isometric-miniature-library/Isometric/bookcaseWideEmptyLadder_W.png
  artifactKey: Guid(5dc41b20f06d3024c926b0aa2c745042) Importer(2089858483,192608db42251d675da83286b1cce702)
Start importing Assets/Art/Assets/isometric-miniature-library/Isometric/bookcaseWideEmptyLadder_W.png using Guid(5dc41b20f06d3024c926b0aa2c745042) Importer(2089858483,192608db42251d675da83286b1cce702) (ScriptedImporter) -> (artifact id: 'eb10984a7e31f5d5106ac455d45e0565') in 0.0543259 seconds
Number of updated asset objects reloaded before import = 0Number of asset objects unloaded after import = 3

========================================================================
Received Import Request.
  Time since last request: 0.000023 seconds.
  path: Assets/Art/Assets/isometric-miniature-library/Isometric/floorCarpetSmall_W.png
  artifactKey: Guid(90911c1b9c96557448b6673c3b447931) Importer(2089858483,192608db42251d675da83286b1cce702)
Start importing Assets/Art/Assets/isometric-miniature-library/Isometric/floorCarpetSmall_W.png using Guid(90911c1b9c96557448b6673c3b447931) Importer(2089858483,192608db42251d675da83286b1cce702) (ScriptedImporter) -> (artifact id: 'eed8185b1d291e11a95c1c46d5fd6d98') in 0.0590924 seconds
Number of updated asset objects reloaded before import = 0Number of asset objects unloaded after import = 3

========================================================================
Received Import Request.
  Time since last request: 0.000047 seconds.
  path: Assets/Art/Assets/isometric-miniature-library/Isometric/candleStandDouble_E.png
  artifactKey: Guid(08b94ba59034ce94aa646ef69f1cb308) Importer(2089858483,192608db42251d675da83286b1cce702)
Start importing Assets/Art/Assets/isometric-miniature-library/Isometric/candleStandDouble_E.png using Guid(08b94ba59034ce94aa646ef69f1cb308) Importer(2089858483,192608db42251d675da83286b1cce702) (ScriptedImporter) -> (artifact id: 'dd122abd166d9c6b522534f4caf9690d') in 0.0592504 seconds
Number of updated asset objects reloaded before import = 0Number of asset objects unloaded after import = 3

========================================================================
Received Import Request.
  Time since last request: 0.000015 seconds.
  path: Assets/Art/Assets/isometric-miniature-library/Isometric/bookcaseBooksLadder_S.png
  artifactKey: Guid(ee87e901b72a503489ffc55f1f6abb66) Importer(2089858483,192608db42251d675da83286b1cce702)
Start importing Assets/Art/Assets/isometric-miniature-library/Isometric/bookcaseBooksLadder_S.png using Guid(ee87e901b72a503489ffc55f1f6abb66) Importer(2089858483,192608db42251d675da83286b1cce702) (ScriptedImporter) -> (artifact id: 'fa975bba6855ea2f2139d3e48e131aca') in 0.053764 seconds
Number of updated asset objects reloaded before import = 0Number of asset objects unloaded after import = 3

========================================================================
Received Import Request.
  Time since last request: 0.000016 seconds.
  path: Assets/Art/Assets/isometric-miniature-library/Isometric/candleStandDouble_S.png
  artifactKey: Guid(1b012414cefa3e94a810ffeace4f915d) Importer(2089858483,192608db42251d675da83286b1cce702)
Start importing Assets/Art/Assets/isometric-miniature-library/Isometric/candleStandDouble_S.png using Guid(1b012414cefa3e94a810ffeace4f915d) Importer(2089858483,192608db42251d675da83286b1cce702) (ScriptedImporter) -> (artifact id: '2db161adbe0aa81b5ab38a8958698261') in 0.0534638 seconds
Number of updated asset objects reloaded before import = 0Number of asset objects unloaded after import = 3

========================================================================
Received Import Request.
  Time since last request: 0.000026 seconds.
  path: Assets/Art/Assets/isometric-miniature-library/Isometric/longTable_E.png
  artifactKey: Guid(778bdc0c75bcb534986414afc48aaf44) Importer(2089858483,192608db42251d675da83286b1cce702)
Start importing Assets/Art/Assets/isometric-miniature-library/Isometric/longTable_E.png using Guid(778bdc0c75bcb534986414afc48aaf44) Importer(2089858483,192608db42251d675da83286b1cce702) (ScriptedImporter) -> (artifact id: 'f2288483586a39164faf23af34ad540a') in 0.0564284 seconds
Number of updated asset objects reloaded before import = 0Number of asset objects unloaded after import = 3

========================================================================
Received Import Request.
  Time since last request: 0.000019 seconds.
  path: Assets/Art/Assets/isometric-miniature-library/Isometric/longTableDecorated_S.png
  artifactKey: Guid(a54951cd38852c1459d1df8c3164070f) Importer(2089858483,192608db42251d675da83286b1cce702)
Start importing Assets/Art/Assets/isometric-miniature-library/Isometric/longTableDecorated_S.png using Guid(a54951cd38852c1459d1df8c3164070f) Importer(2089858483,192608db42251d675da83286b1cce702) (ScriptedImporter) -> (artifact id: '92e183e5f345c4ff5672b5f8b5a81fae') in 0.0561576 seconds
Number of updated asset objects reloaded before import = 0Number of asset objects unloaded after import = 3

========================================================================
Received Import Request.
  Time since last request: 0.000021 seconds.
  path: Assets/Art/Assets/isometric-miniature-library/Isometric/displayCaseOpen_W.png
  artifactKey: Guid(9ec0f8ffaffb4de4c9d7dad370dc863e) Importer(2089858483,192608db42251d675da83286b1cce702)
Start importing Assets/Art/Assets/isometric-miniature-library/Isometric/displayCaseOpen_W.png using Guid(9ec0f8ffaffb4de4c9d7dad370dc863e) Importer(2089858483,192608db42251d675da83286b1cce702) (ScriptedImporter) -> (artifact id: '13d7bb9b86524badeef78429d1d739c2') in 0.0530814 seconds
Number of updated asset objects reloaded before import = 0Number of asset objects unloaded after import = 3

========================================================================
Received Import Request.
  Time since last request: 0.000024 seconds.
  path: Assets/Art/Assets/isometric-miniature-library/Isometric/longTableDecorated_N.png
  artifactKey: Guid(93cf820025b54f34c98fdfef34988ea9) Importer(2089858483,192608db42251d675da83286b1cce702)
Start importing Assets/Art/Assets/isometric-miniature-library/Isometric/longTableDecorated_N.png using Guid(93cf820025b54f34c98fdfef34988ea9) Importer(2089858483,192608db42251d675da83286b1cce702) (ScriptedImporter) -> (artifact id: 'ee932e296cc54be65be2f6a5effc18b3') in 0.0641908 seconds
Number of updated asset objects reloaded before import = 0Number of asset objects unloaded after import = 3

========================================================================
Received Import Request.
  Time since last request: 0.000015 seconds.
  path: Assets/Art/Assets/isometric-miniature-library/Isometric/bookcaseHalfWideEmpty_W.png
  artifactKey: Guid(893656c7912d12f4e93c19a6c28e88d9) Importer(2089858483,192608db42251d675da83286b1cce702)
Start importing Assets/Art/Assets/isometric-miniature-library/Isometric/bookcaseHalfWideEmpty_W.png using Guid(893656c7912d12f4e93c19a6c28e88d9) Importer(2089858483,192608db42251d675da83286b1cce702) (ScriptedImporter) -> (artifact id: '09f9df2b8fdda9f41665265a96e7e5ca') in 0.0563864 seconds
Number of updated asset objects reloaded before import = 0Number of asset objects unloaded after import = 3

========================================================================
Received Import Request.
  Time since last request: 0.000018 seconds.
  path: Assets/Art/Assets/isometric-miniature-library/Isometric/bookcaseBooks_N.png
  artifactKey: Guid(9e062971e30059c4ea4ac37f35e2302f) Importer(2089858483,192608db42251d675da83286b1cce702)
Start importing Assets/Art/Assets/isometric-miniature-library/Isometric/bookcaseBooks_N.png using Guid(9e062971e30059c4ea4ac37f35e2302f) Importer(2089858483,192608db42251d675da83286b1cce702) (ScriptedImporter) -> (artifact id: 'a18a01cd29e06b7d5ce58a06c40d0883') in 0.0517491 seconds
Number of updated asset objects reloaded before import = 0Number of asset objects unloaded after import = 3

========================================================================
Received Import Request.
  Time since last request: 0.000027 seconds.
  path: Assets/Art/Assets/isometric-miniature-library/Isometric/displayCaseBooks_N.png
  artifactKey: Guid(f762cd29f10b7294597b68378427ff52) Importer(2089858483,192608db42251d675da83286b1cce702)
Start importing Assets/Art/Assets/isometric-miniature-library/Isometric/displayCaseBooks_N.png using Guid(f762cd29f10b7294597b68378427ff52) Importer(2089858483,192608db42251d675da83286b1cce702) (ScriptedImporter) -> (artifact id: 'f2bedf24649136d665d838d60a0dc249') in 0.0472613 seconds
Number of updated asset objects reloaded before import = 0Number of asset objects unloaded after import = 3

========================================================================
Received Import Request.
  Time since last request: 0.000018 seconds.
  path: Assets/Art/Assets/isometric-miniature-library/Isometric/displayCaseOpen_N.png
  artifactKey: Guid(14160cee83a63304e8961079e0cddb1f) Importer(2089858483,192608db42251d675da83286b1cce702)
Start importing Assets/Art/Assets/isometric-miniature-library/Isometric/displayCaseOpen_N.png using Guid(14160cee83a63304e8961079e0cddb1f) Importer(2089858483,192608db42251d675da83286b1cce702) (ScriptedImporter) -> (artifact id: '9e57be091e64ea85cc2828ca7805feb3') in 0.0559403 seconds
Number of updated asset objects reloaded before import = 0Number of asset objects unloaded after import = 3

========================================================================
Received Import Request.
  Time since last request: 0.000016 seconds.
  path: Assets/Art/Assets/isometric-miniature-library/Isometric/bookcaseEmptyLadder_N.png
  artifactKey: Guid(1cff3fe2ed4521b47be451b5abd284be) Importer(2089858483,192608db42251d675da83286b1cce702)
Start importing Assets/Art/Assets/isometric-miniature-library/Isometric/bookcaseEmptyLadder_N.png using Guid(1cff3fe2ed4521b47be451b5abd284be) Importer(2089858483,192608db42251d675da83286b1cce702) (ScriptedImporter) -> (artifact id: 'b665598871e011e787576b9e7bd3a49b') in 0.0504582 seconds
Number of updated asset objects reloaded before import = 0Number of asset objects unloaded after import = 3

========================================================================
Received Import Request.
  Time since last request: 0.000034 seconds.
  path: Assets/Art/Assets/isometric-miniature-library/Isometric/longTableDecoratedChairs_E.png
  artifactKey: Guid(b4fb797a7111fb0488ea7005282f5f50) Importer(2089858483,192608db42251d675da83286b1cce702)
Start importing Assets/Art/Assets/isometric-miniature-library/Isometric/longTableDecoratedChairs_E.png using Guid(b4fb797a7111fb0488ea7005282f5f50) Importer(2089858483,192608db42251d675da83286b1cce702) (ScriptedImporter) -> (artifact id: 'b79267a58a1a56aacbedf4fbe39273c5') in 0.0539522 seconds
Number of updated asset objects reloaded before import = 0Number of asset objects unloaded after import = 3

========================================================================
Received Import Request.
  Time since last request: 0.000015 seconds.
  path: Assets/Art/Assets/isometric-miniature-library/Isometric/longTable_S.png
  artifactKey: Guid(6e13e42c35b2c0a4e970889d2481ef65) Importer(2089858483,192608db42251d675da83286b1cce702)
Start importing Assets/Art/Assets/isometric-miniature-library/Isometric/longTable_S.png using Guid(6e13e42c35b2c0a4e970889d2481ef65) Importer(2089858483,192608db42251d675da83286b1cce702) (ScriptedImporter) -> (artifact id: 'e5e980c2509f0b25eae924d4625713aa') in 0.058524 seconds
Number of updated asset objects reloaded before import = 0Number of asset objects unloaded after import = 3

========================================================================
Received Import Request.
  Time since last request: 0.000019 seconds.
  path: Assets/Art/Assets/isometric-miniature-library/Isometric/bookcaseHalfWideBooks_E.png
  artifactKey: Guid(bd994e0746fa79c45a59c5194fd19c0a) Importer(2089858483,192608db42251d675da83286b1cce702)
Start importing Assets/Art/Assets/isometric-miniature-library/Isometric/bookcaseHalfWideBooks_E.png using Guid(bd994e0746fa79c45a59c5194fd19c0a) Importer(2089858483,192608db42251d675da83286b1cce702) (ScriptedImporter) -> (artifact id: 'e6b8813948f5dc64f610bbe29202bea8') in 0.0561252 seconds
Number of updated asset objects reloaded before import = 0Number of asset objects unloaded after import = 3

========================================================================
Received Import Request.
  Time since last request: 0.000028 seconds.
  path: Assets/Art/Assets/isometric-miniature-library/Isometric/bookcaseHalfWideBooks_W.png
  artifactKey: Guid(95782cb6dff783b4e87b076495592b52) Importer(2089858483,192608db42251d675da83286b1cce702)
Start importing Assets/Art/Assets/isometric-miniature-library/Isometric/bookcaseHalfWideBooks_W.png using Guid(95782cb6dff783b4e87b076495592b52) Importer(2089858483,192608db42251d675da83286b1cce702) (ScriptedImporter) -> (artifact id: '12bd132767d718b054ebea008e076357') in 0.0597218 seconds
Number of updated asset objects reloaded before import = 0Number of asset objects unloaded after import = 3

========================================================================
Received Import Request.
  Time since last request: 0.000018 seconds.
  path: Assets/Art/Assets/isometric-miniature-library/Isometric/bookcaseHalfBooks_S.png
  artifactKey: Guid(e642f6d8453a46a4c85706807f5fb25c) Importer(2089858483,192608db42251d675da83286b1cce702)
Start importing Assets/Art/Assets/isometric-miniature-library/Isometric/bookcaseHalfBooks_S.png using Guid(e642f6d8453a46a4c85706807f5fb25c) Importer(2089858483,192608db42251d675da83286b1cce702) (ScriptedImporter) -> (artifact id: '0eb47a57106f0e2a34b71fd5e16a3daf') in 0.0590025 seconds
Number of updated asset objects reloaded before import = 0Number of asset objects unloaded after import = 3

========================================================================
Received Import Request.
  Time since last request: 0.000016 seconds.
  path: Assets/Art/Assets/isometric-miniature-bases/Angle/square_snow_detail_N.png
  artifactKey: Guid(549cb74bb95131f4ca25f62340f7b97a) Importer(2089858483,192608db42251d675da83286b1cce702)
Start importing Assets/Art/Assets/isometric-miniature-bases/Angle/square_snow_detail_N.png using Guid(549cb74bb95131f4ca25f62340f7b97a) Importer(2089858483,192608db42251d675da83286b1cce702) (ScriptedImporter) -> (artifact id: '9300c4a9e26f0dbb486735fda20b5e35') in 0.0452418 seconds
Number of updated asset objects reloaded before import = 0Number of asset objects unloaded after import = 3

========================================================================
Received Import Request.
  Time since last request: 0.000025 seconds.
  path: Assets/Art/Assets/isometric-miniature-library/Isometric/longTable_N.png
  artifactKey: Guid(baab2ffd6bde0ff42b3c0f6c6cd1b418) Importer(2089858483,192608db42251d675da83286b1cce702)
Start importing Assets/Art/Assets/isometric-miniature-library/Isometric/longTable_N.png using Guid(baab2ffd6bde0ff42b3c0f6c6cd1b418) Importer(2089858483,192608db42251d675da83286b1cce702) (ScriptedImporter) -> (artifact id: '09c60f7ecf688192132423e7c84481fc') in 0.0479035 seconds
Number of updated asset objects reloaded before import = 0Number of asset objects unloaded after import = 3

========================================================================
Received Import Request.
  Time since last request: 0.000017 seconds.
  path: Assets/Art/Assets/isometric-miniature-bases/Angle/square_wood_high_detail_W.png
  artifactKey: Guid(0971957c97e082d469d2624ee4b2c24a) Importer(2089858483,192608db42251d675da83286b1cce702)
Start importing Assets/Art/Assets/isometric-miniature-bases/Angle/square_wood_high_detail_W.png using Guid(0971957c97e082d469d2624ee4b2c24a) Importer(2089858483,192608db42251d675da83286b1cce702) (ScriptedImporter) -> (artifact id: '3309d4eb91c8f3ebb557c070c48b7bd6') in 0.0345039 seconds
Number of updated asset objects reloaded before import = 0Number of asset objects unloaded after import = 3

========================================================================
Received Import Request.
  Time since last request: 0.000018 seconds.
  path: Assets/Art/Assets/isometric-miniature-bases/Angle/base_stone_high_detail_S.png
  artifactKey: Guid(b715319460fb094408d21b0a823fb9fd) Importer(2089858483,192608db42251d675da83286b1cce702)
Start importing Assets/Art/Assets/isometric-miniature-bases/Angle/base_stone_high_detail_S.png using Guid(b715319460fb094408d21b0a823fb9fd) Importer(2089858483,192608db42251d675da83286b1cce702) (ScriptedImporter) -> (artifact id: '2f4e6028b9ba3504cffb3d98b86e708f') in 0.0403391 seconds
Number of updated asset objects reloaded before import = 0Number of asset objects unloaded after import = 3

========================================================================
Received Import Request.
  Time since last request: 0.000017 seconds.
  path: Assets/Art/Assets/isometric-miniature-library/Isometric/floorCarpetSmall_N.png
  artifactKey: Guid(0f9e716165c51af42809ec12880a3fae) Importer(2089858483,192608db42251d675da83286b1cce702)
Start importing Assets/Art/Assets/isometric-miniature-library/Isometric/floorCarpetSmall_N.png using Guid(0f9e716165c51af42809ec12880a3fae) Importer(2089858483,192608db42251d675da83286b1cce702) (ScriptedImporter) -> (artifact id: '30869e984d6cfe4491a00e62c434846d') in 0.0456716 seconds
Number of updated asset objects reloaded before import = 0Number of asset objects unloaded after import = 3

========================================================================
Received Import Request.
  Time since last request: 0.000026 seconds.
  path: Assets/Art/Assets/isometric-miniature-bases/Angle/square_wood_high_S.png
  artifactKey: Guid(4602dba07e42bc44fa2b265fa469b068) Importer(2089858483,192608db42251d675da83286b1cce702)
Start importing Assets/Art/Assets/isometric-miniature-bases/Angle/square_wood_high_S.png using Guid(4602dba07e42bc44fa2b265fa469b068) Importer(2089858483,192608db42251d675da83286b1cce702) (ScriptedImporter) -> (artifact id: '4ed74851b0e329699d4decdf01c8e3c8') in 0.0446878 seconds
Number of updated asset objects reloaded before import = 0Number of asset objects unloaded after import = 3

========================================================================
Received Import Request.
  Time since last request: 0.000019 seconds.
  path: Assets/Art/Assets/isometric-miniature-bases/Angle/base_stone_flat_E.png
  artifactKey: Guid(36e37d1732fcaa1488f511e876c9097b) Importer(2089858483,192608db42251d675da83286b1cce702)
Start importing Assets/Art/Assets/isometric-miniature-bases/Angle/base_stone_flat_E.png using Guid(36e37d1732fcaa1488f511e876c9097b) Importer(2089858483,192608db42251d675da83286b1cce702) (ScriptedImporter) -> (artifact id: '0143f00c0386b1e05504fc2c1e27ee2c') in 0.0462153 seconds
Number of updated asset objects reloaded before import = 0Number of asset objects unloaded after import = 3

========================================================================
Received Import Request.
  Time since last request: 0.000016 seconds.
  path: Assets/Art/Assets/isometric-miniature-bases/Angle/base_grass_detail_W.png
  artifactKey: Guid(5afb9da8d29c4884294afc5b93fac27f) Importer(2089858483,192608db42251d675da83286b1cce702)
Start importing Assets/Art/Assets/isometric-miniature-bases/Angle/base_grass_detail_W.png using Guid(5afb9da8d29c4884294afc5b93fac27f) Importer(2089858483,192608db42251d675da83286b1cce702) (ScriptedImporter) -> (artifact id: 'b218959451b5c99fa466e3d13181a0b3') in 0.045912 seconds
Number of updated asset objects reloaded before import = 0Number of asset objects unloaded after import = 3

========================================================================
Received Import Request.
  Time since last request: 0.000019 seconds.
  path: Assets/Art/Assets/isometric-miniature-bases/Angle/square_stone_high_detail_N.png
  artifactKey: Guid(a58c801ef8aded3429c87fcbd0123021) Importer(2089858483,192608db42251d675da83286b1cce702)
Start importing Assets/Art/Assets/isometric-miniature-bases/Angle/square_stone_high_detail_N.png using Guid(a58c801ef8aded3429c87fcbd0123021) Importer(2089858483,192608db42251d675da83286b1cce702) (ScriptedImporter) -> (artifact id: 'ec094ddc28cf26b2fdbdb1cf1d8cbafd') in 0.0658532 seconds
Number of updated asset objects reloaded before import = 0Number of asset objects unloaded after import = 3

========================================================================
Received Import Request.
  Time since last request: 0.000030 seconds.
  path: Assets/Art/Assets/isometric-miniature-bases/Angle/base_snow_high_detail_E.png
  artifactKey: Guid(5404408cefaca2a4ba6386f8dd8cdc98) Importer(2089858483,192608db42251d675da83286b1cce702)
Start importing Assets/Art/Assets/isometric-miniature-bases/Angle/base_snow_high_detail_E.png using Guid(5404408cefaca2a4ba6386f8dd8cdc98) Importer(2089858483,192608db42251d675da83286b1cce702) (ScriptedImporter) -> (artifact id: '67a7aae6ebbb07076ecc7e4afad344f6') in 0.0519135 seconds
Number of updated asset objects reloaded before import = 0Number of asset objects unloaded after import = 3

========================================================================
Received Import Request.
  Time since last request: 0.000015 seconds.
  path: Assets/Art/Assets/isometric-miniature-bases/Angle/square_snow_high_W.png
  artifactKey: Guid(748176b318f639f428cd2ecf7901dcc6) Importer(2089858483,192608db42251d675da83286b1cce702)
Start importing Assets/Art/Assets/isometric-miniature-bases/Angle/square_snow_high_W.png using Guid(748176b318f639f428cd2ecf7901dcc6) Importer(2089858483,192608db42251d675da83286b1cce702) (ScriptedImporter) -> (artifact id: '7a4258965ff4cc064448b2a1ff6dce0f') in 0.0518677 seconds
Number of updated asset objects reloaded before import = 0Number of asset objects unloaded after import = 3

========================================================================
Received Import Request.
  Time since last request: 0.000023 seconds.
  path: Assets/Art/Assets/isometric-miniature-bases/Angle/base_snow_flat_W.png
  artifactKey: Guid(5ab1b9e196f565f48a970f98e190ecb2) Importer(2089858483,192608db42251d675da83286b1cce702)
Start importing Assets/Art/Assets/isometric-miniature-bases/Angle/base_snow_flat_W.png using Guid(5ab1b9e196f565f48a970f98e190ecb2) Importer(2089858483,192608db42251d675da83286b1cce702) (ScriptedImporter) -> (artifact id: 'acadb2f42b188f4b6fcccbf5bdbfee55') in 0.0431474 seconds
Number of updated asset objects reloaded before import = 0Number of asset objects unloaded after import = 3

========================================================================
Received Import Request.
  Time since last request: 0.000034 seconds.
  path: Assets/Art/Assets/isometric-miniature-bases/Angle/base_snow_high_E.png
  artifactKey: Guid(9005949e97532464188704031ffb8204) Importer(2089858483,192608db42251d675da83286b1cce702)
Start importing Assets/Art/Assets/isometric-miniature-bases/Angle/base_snow_high_E.png using Guid(9005949e97532464188704031ffb8204) Importer(2089858483,192608db42251d675da83286b1cce702) (ScriptedImporter) -> (artifact id: '19a3e88234ec4e8231c52561beb16c92') in 0.0399825 seconds
Number of updated asset objects reloaded before import = 0Number of asset objects unloaded after import = 3

========================================================================
Received Import Request.
  Time since last request: 0.000015 seconds.
  path: Assets/Art/Assets/isometric-miniature-bases/Angle/base_wood_high_detail_W.png
  artifactKey: Guid(62596eba222b79c4388c9ed25f70632c) Importer(2089858483,192608db42251d675da83286b1cce702)
Start importing Assets/Art/Assets/isometric-miniature-bases/Angle/base_wood_high_detail_W.png using Guid(62596eba222b79c4388c9ed25f70632c) Importer(2089858483,192608db42251d675da83286b1cce702) (ScriptedImporter) -> (artifact id: '75d02026d00de5fcfd00b5f4ec6d8ba6') in 0.0550598 seconds
Number of updated asset objects reloaded before import = 0Number of asset objects unloaded after import = 3

========================================================================
Received Import Request.
  Time since last request: 0.000022 seconds.
  path: Assets/Art/Assets/isometric-miniature-bases/Angle/square_grass_high_detail_S.png
  artifactKey: Guid(6dc8460315aba904cb89fb7933f5a03f) Importer(2089858483,192608db42251d675da83286b1cce702)
Start importing Assets/Art/Assets/isometric-miniature-bases/Angle/square_grass_high_detail_S.png using Guid(6dc8460315aba904cb89fb7933f5a03f) Importer(2089858483,192608db42251d675da83286b1cce702) (ScriptedImporter) -> (artifact id: 'f96e8d82761ca77bb97e0358a9a75283') in 0.0478973 seconds
Number of updated asset objects reloaded before import = 0Number of asset objects unloaded after import = 3

========================================================================
Received Import Request.
  Time since last request: 0.000025 seconds.
  path: Assets/Art/Assets/isometric-miniature-bases/Angle/base_dirt_high_detail_W.png
  artifactKey: Guid(a59e65a5ea25a8b4aadb7f068108477b) Importer(2089858483,192608db42251d675da83286b1cce702)
Start importing Assets/Art/Assets/isometric-miniature-bases/Angle/base_dirt_high_detail_W.png using Guid(a59e65a5ea25a8b4aadb7f068108477b) Importer(2089858483,192608db42251d675da83286b1cce702) (ScriptedImporter) -> (artifact id: 'f0c21a42bd2f274d78f5ee118e51d929') in 0.0407681 seconds
Number of updated asset objects reloaded before import = 0Number of asset objects unloaded after import = 3

========================================================================
Received Import Request.
  Time since last request: 0.000017 seconds.
  path: Assets/Art/Assets/isometric-miniature-bases/Angle/base_stone_detail_N.png
  artifactKey: Guid(bb3fe798cc0eb7645b2bcfab68fb144a) Importer(2089858483,192608db42251d675da83286b1cce702)
Start importing Assets/Art/Assets/isometric-miniature-bases/Angle/base_stone_detail_N.png using Guid(bb3fe798cc0eb7645b2bcfab68fb144a) Importer(2089858483,192608db42251d675da83286b1cce702) (ScriptedImporter) -> (artifact id: 'e04e54ee5dcbd8aa4a0f358d6e0e2084') in 0.0516674 seconds
Number of updated asset objects reloaded before import = 0Number of asset objects unloaded after import = 3

========================================================================
Received Import Request.
  Time since last request: 0.000018 seconds.
  path: Assets/Art/Assets/isometric-miniature-bases/Angle/square_dirt_high_detail_S.png
  artifactKey: Guid(382cc5df8dbd3af4892ab65612642645) Importer(2089858483,192608db42251d675da83286b1cce702)
Start importing Assets/Art/Assets/isometric-miniature-bases/Angle/square_dirt_high_detail_S.png using Guid(382cc5df8dbd3af4892ab65612642645) Importer(2089858483,192608db42251d675da83286b1cce702) (ScriptedImporter) -> (artifact id: 'd312394d00758884c87b2f0e8964bca9') in 0.0473083 seconds
Number of updated asset objects reloaded before import = 0Number of asset objects unloaded after import = 3

========================================================================
Received Import Request.
  Time since last request: 0.000032 seconds.
  path: Assets/Art/Assets/isometric-miniature-bases/Angle/square_snow_high_detail_S.png
  artifactKey: Guid(5d6424a155f9187458969f83823bd93f) Importer(2089858483,192608db42251d675da83286b1cce702)
Start importing Assets/Art/Assets/isometric-miniature-bases/Angle/square_snow_high_detail_S.png using Guid(5d6424a155f9187458969f83823bd93f) Importer(2089858483,192608db42251d675da83286b1cce702) (ScriptedImporter) -> (artifact id: 'e08cebcf1376c2fc108de14fac52ea6e') in 0.0380538 seconds
Number of updated asset objects reloaded before import = 0Number of asset objects unloaded after import = 3

========================================================================
Received Import Request.
  Time since last request: 0.000020 seconds.
  path: Assets/Art/Assets/isometric-miniature-bases/Angle/base_dirt_high_S.png
  artifactKey: Guid(840e1878ec4cf5b40b4c819b7212f9eb) Importer(2089858483,192608db42251d675da83286b1cce702)
Start importing Assets/Art/Assets/isometric-miniature-bases/Angle/base_dirt_high_S.png using Guid(840e1878ec4cf5b40b4c819b7212f9eb) Importer(2089858483,192608db42251d675da83286b1cce702) (ScriptedImporter) -> (artifact id: 'aa5a472fe7a2944558d7f388fb3da923') in 0.0349803 seconds
Number of updated asset objects reloaded before import = 0Number of asset objects unloaded after import = 3

========================================================================
Received Import Request.
  Time since last request: 0.000017 seconds.
  path: Assets/Art/Assets/isometric-miniature-bases/Angle/square_stone_high_W.png
  artifactKey: Guid(584deedcad91f2046b7f6b2b0cd47e0e) Importer(2089858483,192608db42251d675da83286b1cce702)
Start importing Assets/Art/Assets/isometric-miniature-bases/Angle/square_stone_high_W.png using Guid(584deedcad91f2046b7f6b2b0cd47e0e) Importer(2089858483,192608db42251d675da83286b1cce702) (ScriptedImporter) -> (artifact id: 'a856fd4b296f8fd4788c62698f4b9033') in 0.0311037 seconds
Number of updated asset objects reloaded before import = 0Number of asset objects unloaded after import = 3

========================================================================
Received Import Request.
  Time since last request: 0.000020 seconds.
  path: Assets/Art/Assets/isometric-miniature-bases/Angle/base_stone_high_detail_E.png
  artifactKey: Guid(33cfd77ac5362034c8f3e26de0aff860) Importer(2089858483,192608db42251d675da83286b1cce702)
Start importing Assets/Art/Assets/isometric-miniature-bases/Angle/base_stone_high_detail_E.png using Guid(33cfd77ac5362034c8f3e26de0aff860) Importer(2089858483,192608db42251d675da83286b1cce702) (ScriptedImporter) -> (artifact id: '28c1ca360577e8d93bb36f9605b5c64a') in 0.0402634 seconds
Number of updated asset objects reloaded before import = 0Number of asset objects unloaded after import = 3

========================================================================
Received Import Request.
  Time since last request: 0.000074 seconds.
  path: Assets/Art/Assets/isometric-miniature-bases/Angle/base_dirt_detail_S.png
  artifactKey: Guid(ba096f8a90255b64b97ee2df2d7da28b) Importer(2089858483,192608db42251d675da83286b1cce702)
Start importing Assets/Art/Assets/isometric-miniature-bases/Angle/base_dirt_detail_S.png using Guid(ba096f8a90255b64b97ee2df2d7da28b) Importer(2089858483,192608db42251d675da83286b1cce702) (ScriptedImporter) -> (artifact id: '6f2d18b361b1abe4360cb803546c7a1b') in 0.031457 seconds
Number of updated asset objects reloaded before import = 0Number of asset objects unloaded after import = 3

========================================================================
Received Import Request.
  Time since last request: 0.000017 seconds.
  path: Assets/Art/Assets/isometric-miniature-bases/Angle/square_grass_detail_E.png
  artifactKey: Guid(d656cd1a30098334194660595adfceb7) Importer(2089858483,192608db42251d675da83286b1cce702)
Start importing Assets/Art/Assets/isometric-miniature-bases/Angle/square_grass_detail_E.png using Guid(d656cd1a30098334194660595adfceb7) Importer(2089858483,192608db42251d675da83286b1cce702) (ScriptedImporter) -> (artifact id: '8e98fc4e45d8f40c3972879af2e7de00') in 0.0334188 seconds
Number of updated asset objects reloaded before import = 0Number of asset objects unloaded after import = 3

========================================================================
Received Import Request.
  Time since last request: 0.000047 seconds.
  path: Assets/Art/Assets/isometric-miniature-library/Angle/bookcaseWideEmpty_S.png
  artifactKey: Guid(516490933da8ce041b4fd6636a8d9783) Importer(2089858483,192608db42251d675da83286b1cce702)
Start importing Assets/Art/Assets/isometric-miniature-library/Angle/bookcaseWideEmpty_S.png using Guid(516490933da8ce041b4fd6636a8d9783) Importer(2089858483,192608db42251d675da83286b1cce702) (ScriptedImporter) -> (artifact id: '4c9a9448ee19182193c7204991455384') in 0.0355244 seconds
Number of updated asset objects reloaded before import = 0Number of asset objects unloaded after import = 3

========================================================================
Received Import Request.
  Time since last request: 0.000019 seconds.
  path: Assets/Art/Assets/isometric-miniature-bases/Angle/base_wood_detail_N.png
  artifactKey: Guid(a5e922164eb8038428c2e69142eec515) Importer(2089858483,192608db42251d675da83286b1cce702)
Start importing Assets/Art/Assets/isometric-miniature-bases/Angle/base_wood_detail_N.png using Guid(a5e922164eb8038428c2e69142eec515) Importer(2089858483,192608db42251d675da83286b1cce702) (ScriptedImporter) -> (artifact id: '94df7f75bf3dbce0960f5650c08a9439') in 0.0378343 seconds
Number of updated asset objects reloaded before import = 0Number of asset objects unloaded after import = 3

========================================================================
Received Import Request.
  Time since last request: 0.000027 seconds.
  path: Assets/Art/Assets/isometric-miniature-bases/Angle/base_grass_high_detail_W.png
  artifactKey: Guid(535de04e9eba41543a53a820cea73428) Importer(2089858483,192608db42251d675da83286b1cce702)
Start importing Assets/Art/Assets/isometric-miniature-bases/Angle/base_grass_high_detail_W.png using Guid(535de04e9eba41543a53a820cea73428) Importer(2089858483,192608db42251d675da83286b1cce702) (ScriptedImporter) -> (artifact id: 'f5526e1d8f11987dd2550ae7072e112b') in 0.0429971 seconds
Number of updated asset objects reloaded before import = 0Number of asset objects unloaded after import = 3

========================================================================
Received Import Request.
  Time since last request: 0.000019 seconds.
  path: Assets/Art/Assets/isometric-miniature-bases/Angle/square_dirt_high_detail_E.png
  artifactKey: Guid(81506949721a6654da51011d3f33f90f) Importer(2089858483,192608db42251d675da83286b1cce702)
Start importing Assets/Art/Assets/isometric-miniature-bases/Angle/square_dirt_high_detail_E.png using Guid(81506949721a6654da51011d3f33f90f) Importer(2089858483,192608db42251d675da83286b1cce702) (ScriptedImporter) -> (artifact id: '1c3aa35f9f0f43db8e501fe72c0bbb99') in 0.0465887 seconds
Number of updated asset objects reloaded before import = 0Number of asset objects unloaded after import = 3

========================================================================
Received Import Request.
  Time since last request: 0.000014 seconds.
  path: Assets/Art/Assets/isometric-miniature-bases/Angle/base_stone_high_S.png
  artifactKey: Guid(305db4a0e84150a49867e3277c77138d) Importer(2089858483,192608db42251d675da83286b1cce702)
Start importing Assets/Art/Assets/isometric-miniature-bases/Angle/base_stone_high_S.png using Guid(305db4a0e84150a49867e3277c77138d) Importer(2089858483,192608db42251d675da83286b1cce702) (ScriptedImporter) -> (artifact id: '800b7ddb628e93e75f39cb1bf021da5a') in 0.0442591 seconds
Number of updated asset objects reloaded before import = 0Number of asset objects unloaded after import = 3

========================================================================
Received Import Request.
  Time since last request: 0.000025 seconds.
  path: Assets/Art/Assets/isometric-miniature-bases/Angle/base_stone_high_detail_W.png
  artifactKey: Guid(b20d08fd724f9fa468b8e03534557c6d) Importer(2089858483,192608db42251d675da83286b1cce702)
Start importing Assets/Art/Assets/isometric-miniature-bases/Angle/base_stone_high_detail_W.png using Guid(b20d08fd724f9fa468b8e03534557c6d) Importer(2089858483,192608db42251d675da83286b1cce702) (ScriptedImporter) -> (artifact id: '2971369667c1f24fb449fb25cec17500') in 0.048156 seconds
Number of updated asset objects reloaded before import = 0Number of asset objects unloaded after import = 3

========================================================================
Received Import Request.
  Time since last request: 0.000029 seconds.
  path: Assets/Art/Assets/isometric-miniature-bases/Angle/square_dirt_detail_S.png
  artifactKey: Guid(bc5bf02b6c3e14e489ffc1082a845a9e) Importer(2089858483,192608db42251d675da83286b1cce702)
Start importing Assets/Art/Assets/isometric-miniature-bases/Angle/square_dirt_detail_S.png using Guid(bc5bf02b6c3e14e489ffc1082a845a9e) Importer(2089858483,192608db42251d675da83286b1cce702) (ScriptedImporter) -> (artifact id: '335c6dc4ee5ebd0a9dd8fe7371214144') in 0.0461598 seconds
Number of updated asset objects reloaded before import = 0Number of asset objects unloaded after import = 3

========================================================================
Received Import Request.
  Time since last request: 0.000019 seconds.
  path: Assets/Art/Assets/isometric-miniature-bases/Angle/square_stone_high_S.png
  artifactKey: Guid(2e447a00e942e4a478863d5ae9427b5a) Importer(2089858483,192608db42251d675da83286b1cce702)
Start importing Assets/Art/Assets/isometric-miniature-bases/Angle/square_stone_high_S.png using Guid(2e447a00e942e4a478863d5ae9427b5a) Importer(2089858483,192608db42251d675da83286b1cce702) (ScriptedImporter) -> (artifact id: '42cf1a9c1f6bf2f837dc9acc89c89433') in 0.0605798 seconds
Number of updated asset objects reloaded before import = 0Number of asset objects unloaded after import = 3

========================================================================
Received Import Request.
  Time since last request: 0.000017 seconds.
  path: Assets/Art/Assets/isometric-miniature-bases/Angle/base_wood_high_detail_N.png
  artifactKey: Guid(b86ce279f68db6d45bcbd7c6d2bcb7b7) Importer(2089858483,192608db42251d675da83286b1cce702)
Start importing Assets/Art/Assets/isometric-miniature-bases/Angle/base_wood_high_detail_N.png using Guid(b86ce279f68db6d45bcbd7c6d2bcb7b7) Importer(2089858483,192608db42251d675da83286b1cce702) (ScriptedImporter) -> (artifact id: '2e0ac7600cfcc0b5b969cb07cf8c7e90') in 0.052872 seconds
Number of updated asset objects reloaded before import = 0Number of asset objects unloaded after import = 3

========================================================================
Received Import Request.
  Time since last request: 0.000028 seconds.
  path: Assets/Art/Assets/isometric-miniature-bases/Angle/base_dirt_float_W.png
  artifactKey: Guid(66da385ced5c0594e8444f9cd2955cc2) Importer(2089858483,192608db42251d675da83286b1cce702)
Start importing Assets/Art/Assets/isometric-miniature-bases/Angle/base_dirt_float_W.png using Guid(66da385ced5c0594e8444f9cd2955cc2) Importer(2089858483,192608db42251d675da83286b1cce702) (ScriptedImporter) -> (artifact id: '7bb666c7d2a479b8d45b987f1b857da8') in 0.0505054 seconds
Number of updated asset objects reloaded before import = 0Number of asset objects unloaded after import = 3

========================================================================
Received Import Request.
  Time since last request: 0.000015 seconds.
  path: Assets/Art/Assets/isometric-miniature-bases/Angle/square_snow_high_E.png
  artifactKey: Guid(debfcf62f2e03b6429eda6fcd59e1735) Importer(2089858483,192608db42251d675da83286b1cce702)
Start importing Assets/Art/Assets/isometric-miniature-bases/Angle/square_snow_high_E.png using Guid(debfcf62f2e03b6429eda6fcd59e1735) Importer(2089858483,192608db42251d675da83286b1cce702) (ScriptedImporter) -> (artifact id: '86a5d7cc38825fab0a04c7b6f28d84cd') in 0.0507692 seconds
Number of updated asset objects reloaded before import = 0Number of asset objects unloaded after import = 3

========================================================================
Received Import Request.
  Time since last request: 0.000074 seconds.
  path: Assets/Art/Assets/isometric-miniature-bases/Angle/square_wood_flat_E.png
  artifactKey: Guid(cbe82d0e85173dc4ea8fb356513bd1a5) Importer(2089858483,192608db42251d675da83286b1cce702)
Start importing Assets/Art/Assets/isometric-miniature-bases/Angle/square_wood_flat_E.png using Guid(cbe82d0e85173dc4ea8fb356513bd1a5) Importer(2089858483,192608db42251d675da83286b1cce702) (ScriptedImporter) -> (artifact id: '24e82f641b0bf9ceadd92f286900c45a') in 0.0501844 seconds
Number of updated asset objects reloaded before import = 0Number of asset objects unloaded after import = 3

========================================================================
Received Import Request.
  Time since last request: 0.000029 seconds.
  path: Assets/Art/Assets/isometric-miniature-bases/Angle/base_grass_flat_N.png
  artifactKey: Guid(ee51a4dde9a2a3e4cbd5234ac17dc18d) Importer(2089858483,192608db42251d675da83286b1cce702)
Start importing Assets/Art/Assets/isometric-miniature-bases/Angle/base_grass_flat_N.png using Guid(ee51a4dde9a2a3e4cbd5234ac17dc18d) Importer(2089858483,192608db42251d675da83286b1cce702) (ScriptedImporter) -> (artifact id: '9150b5e9cd3e7d5d890304b490e9684f') in 0.0554225 seconds
Number of updated asset objects reloaded before import = 0Number of asset objects unloaded after import = 3

========================================================================
Received Import Request.
  Time since last request: 0.000016 seconds.
  path: Assets/Art/Assets/isometric-miniature-bases/Angle/base_grass_high_W.png
  artifactKey: Guid(32f104f6995815e47a3e414138efd8be) Importer(2089858483,192608db42251d675da83286b1cce702)
Start importing Assets/Art/Assets/isometric-miniature-bases/Angle/base_grass_high_W.png using Guid(32f104f6995815e47a3e414138efd8be) Importer(2089858483,192608db42251d675da83286b1cce702) (ScriptedImporter) -> (artifact id: '48e2405b5ad7c5e6693a9d40f9464881') in 0.044117 seconds
Number of updated asset objects reloaded before import = 0Number of asset objects unloaded after import = 3

========================================================================
Received Import Request.
  Time since last request: 0.000016 seconds.
  path: Assets/Art/Assets/isometric-miniature-dungeon/Isometric/stoneWallDoorOpen_E.png
  artifactKey: Guid(5257d4dae2abaa747aacb027a151e269) Importer(815301076,1909f56bfc062723c751e8b465ee728b)
Start importing Assets/Art/Assets/isometric-miniature-dungeon/Isometric/stoneWallDoorOpen_E.png using Guid(5257d4dae2abaa747aacb027a151e269) Importer(815301076,1909f56bfc062723c751e8b465ee728b) (PreviewImporter) -> (artifact id: '3e9cb5174eba96c87627326b5be8bbad') in 0.1274569 seconds
Number of updated asset objects reloaded before import = 0Number of asset objects unloaded after import = 3

========================================================================
Received Import Request.
  Time since last request: 0.000032 seconds.
  path: Assets/Art/Assets/isometric-miniature-bases/Angle/base_wood_high_detail_S.png
  artifactKey: Guid(58366e9e508330b4388ce56cafc51ec7) Importer(2089858483,192608db42251d675da83286b1cce702)
Start importing Assets/Art/Assets/isometric-miniature-bases/Angle/base_wood_high_detail_S.png using Guid(58366e9e508330b4388ce56cafc51ec7) Importer(2089858483,192608db42251d675da83286b1cce702) (ScriptedImporter) -> (artifact id: '1365c7d4a4a5ed5ed025ba599e4da11a') in 0.0486178 seconds
Number of updated asset objects reloaded before import = 0Number of asset objects unloaded after import = 3

========================================================================
Received Import Request.
  Time since last request: 0.000020 seconds.
  path: Assets/Art/Assets/isometric-miniature-bases/Angle/square_snow_detail_S.png
  artifactKey: Guid(0cfe36bef4088b343b9064fb2ebd4390) Importer(2089858483,192608db42251d675da83286b1cce702)
Start importing Assets/Art/Assets/isometric-miniature-bases/Angle/square_snow_detail_S.png using Guid(0cfe36bef4088b343b9064fb2ebd4390) Importer(2089858483,192608db42251d675da83286b1cce702) (ScriptedImporter) -> (artifact id: '3614790886ed3f0cf6a84e230a2fd0a1') in 0.0516795 seconds
Number of updated asset objects reloaded before import = 0Number of asset objects unloaded after import = 3

========================================================================
Received Import Request.
  Time since last request: 0.000019 seconds.
  path: Assets/Art/Assets/isometric-miniature-bases/Angle/base_snow_high_detail_W.png
  artifactKey: Guid(7964d75ce06595944b0d3989e560866e) Importer(2089858483,192608db42251d675da83286b1cce702)
Start importing Assets/Art/Assets/isometric-miniature-bases/Angle/base_snow_high_detail_W.png using Guid(7964d75ce06595944b0d3989e560866e) Importer(2089858483,192608db42251d675da83286b1cce702) (ScriptedImporter) -> (artifact id: 'a4bde1622bae38213e8c6401141ea065') in 0.0458489 seconds
Number of updated asset objects reloaded before import = 0Number of asset objects unloaded after import = 3

========================================================================
Received Import Request.
  Time since last request: 0.000028 seconds.
  path: Assets/Art/Assets/isometric-miniature-bases/Angle/base_stone_high_N.png
  artifactKey: Guid(f4e3c8a75a2918d4d897ce69665c5d4f) Importer(2089858483,192608db42251d675da83286b1cce702)
Start importing Assets/Art/Assets/isometric-miniature-bases/Angle/base_stone_high_N.png using Guid(f4e3c8a75a2918d4d897ce69665c5d4f) Importer(2089858483,192608db42251d675da83286b1cce702) (ScriptedImporter) -> (artifact id: '1869c95d59ffe3622ad0c32b9d054a88') in 0.0508574 seconds
Number of updated asset objects reloaded before import = 0Number of asset objects unloaded after import = 3

========================================================================
Received Import Request.
  Time since last request: 0.000018 seconds.
  path: Assets/Art/Assets/isometric-miniature-bases/Isometric/base_snow_high_detail_W.png
  artifactKey: Guid(28fbf19f7765db645a612fb827fe9b7d) Importer(2089858483,192608db42251d675da83286b1cce702)
Start importing Assets/Art/Assets/isometric-miniature-bases/Isometric/base_snow_high_detail_W.png using Guid(28fbf19f7765db645a612fb827fe9b7d) Importer(2089858483,192608db42251d675da83286b1cce702) (ScriptedImporter) -> (artifact id: '2d9f7d5461be6ec0f2e287cf6f3b58b3') in 0.0599125 seconds
Number of updated asset objects reloaded before import = 0Number of asset objects unloaded after import = 3

========================================================================
Received Import Request.
  Time since last request: 0.000018 seconds.
  path: Assets/Art/Assets/isometric-miniature-bases/Isometric/square_grass_high_detail_E.png
  artifactKey: Guid(776096343a5a0014e8616238c97f7ad2) Importer(2089858483,192608db42251d675da83286b1cce702)
Start importing Assets/Art/Assets/isometric-miniature-bases/Isometric/square_grass_high_detail_E.png using Guid(776096343a5a0014e8616238c97f7ad2) Importer(2089858483,192608db42251d675da83286b1cce702) (ScriptedImporter) -> (artifact id: '0e4722076d05bec8a619518111cb3c89') in 0.0492834 seconds
Number of updated asset objects reloaded before import = 0Number of asset objects unloaded after import = 3

========================================================================
Received Import Request.
  Time since last request: 0.000035 seconds.
  path: Assets/Art/Assets/isometric-miniature-bases/Isometric/square_dirt_high_detail_E.png
  artifactKey: Guid(aa88bcd56273c5541aaddb00fd4659c5) Importer(2089858483,192608db42251d675da83286b1cce702)
Start importing Assets/Art/Assets/isometric-miniature-bases/Isometric/square_dirt_high_detail_E.png using Guid(aa88bcd56273c5541aaddb00fd4659c5) Importer(2089858483,192608db42251d675da83286b1cce702) (ScriptedImporter) -> (artifact id: '69d7990f518897564bfaa82e5af651b3') in 0.0578256 seconds
Number of updated asset objects reloaded before import = 0Number of asset objects unloaded after import = 3

========================================================================
Received Import Request.
  Time since last request: 0.000016 seconds.
  path: Assets/Art/Assets/isometric-miniature-bases/Angle/square_snow_float_N.png
  artifactKey: Guid(1989801fcf4cc97468df9f3fb7a0984c) Importer(2089858483,192608db42251d675da83286b1cce702)
Start importing Assets/Art/Assets/isometric-miniature-bases/Angle/square_snow_float_N.png using Guid(1989801fcf4cc97468df9f3fb7a0984c) Importer(2089858483,192608db42251d675da83286b1cce702) (ScriptedImporter) -> (artifact id: 'c476d3a4786dc76b104b5fa4f4c6e8bc') in 0.0459419 seconds
Number of updated asset objects reloaded before import = 0Number of asset objects unloaded after import = 3

========================================================================
Received Import Request.
  Time since last request: 0.000020 seconds.
  path: Assets/Art/Assets/isometric-miniature-bases/Angle/square_grass_high_S.png
  artifactKey: Guid(d62ca8b973fbe4c41a9f36de98b53aba) Importer(2089858483,192608db42251d675da83286b1cce702)
Start importing Assets/Art/Assets/isometric-miniature-bases/Angle/square_grass_high_S.png using Guid(d62ca8b973fbe4c41a9f36de98b53aba) Importer(2089858483,192608db42251d675da83286b1cce702) (ScriptedImporter) -> (artifact id: '338ab99452550534a018fa72205b00c0') in 0.0423989 seconds
Number of updated asset objects reloaded before import = 0Number of asset objects unloaded after import = 3

========================================================================
Received Import Request.
  Time since last request: 0.000034 seconds.
  path: Assets/Art/Assets/isometric-miniature-bases/Isometric/base_snow_flat_S.png
  artifactKey: Guid(32639fe9ea5e61945a41e3b5b872d8a9) Importer(2089858483,192608db42251d675da83286b1cce702)
Start importing Assets/Art/Assets/isometric-miniature-bases/Isometric/base_snow_flat_S.png using Guid(32639fe9ea5e61945a41e3b5b872d8a9) Importer(2089858483,192608db42251d675da83286b1cce702) (ScriptedImporter) -> (artifact id: '86265ca47cc9307c826ca8ff2a8b49f5') in 0.0698019 seconds
Number of updated asset objects reloaded before import = 0Number of asset objects unloaded after import = 3

========================================================================
Received Import Request.
  Time since last request: 0.000017 seconds.
  path: Assets/Art/Assets/isometric-miniature-bases/Isometric/base_wood_high_detail_E.png
  artifactKey: Guid(36c9fa003ef203c4fa7a986497d41090) Importer(2089858483,192608db42251d675da83286b1cce702)
Start importing Assets/Art/Assets/isometric-miniature-bases/Isometric/base_wood_high_detail_E.png using Guid(36c9fa003ef203c4fa7a986497d41090) Importer(2089858483,192608db42251d675da83286b1cce702) (ScriptedImporter) -> (artifact id: 'a7bc5dc95e30d9c8aa0110fc93145a4c') in 0.0566485 seconds
Number of updated asset objects reloaded before import = 0Number of asset objects unloaded after import = 3

========================================================================
Received Import Request.
  Time since last request: 0.000020 seconds.
  path: Assets/Art/Assets/isometric-miniature-bases/Isometric/base_snow_flat_N.png
  artifactKey: Guid(3d1c0b31168ac7c42ae3c50361f88a27) Importer(2089858483,192608db42251d675da83286b1cce702)
Start importing Assets/Art/Assets/isometric-miniature-bases/Isometric/base_snow_flat_N.png using Guid(3d1c0b31168ac7c42ae3c50361f88a27) Importer(2089858483,192608db42251d675da83286b1cce702) (ScriptedImporter) -> (artifact id: 'a229ce3d3fc070024e5e6a8b736f7d38') in 0.0535366 seconds
Number of updated asset objects reloaded before import = 0Number of asset objects unloaded after import = 3

========================================================================
Received Import Request.
  Time since last request: 0.000026 seconds.
  path: Assets/Art/Assets/isometric-miniature-bases/Isometric/square_stone_flat_N.png
  artifactKey: Guid(514e364ffe2a56b4d8bb2188c34855c9) Importer(2089858483,192608db42251d675da83286b1cce702)
Start importing Assets/Art/Assets/isometric-miniature-bases/Isometric/square_stone_flat_N.png using Guid(514e364ffe2a56b4d8bb2188c34855c9) Importer(2089858483,192608db42251d675da83286b1cce702) (ScriptedImporter) -> (artifact id: 'a6a190860d4ee0f39d19d38f38f6dd66') in 0.0545754 seconds
Number of updated asset objects reloaded before import = 0Number of asset objects unloaded after import = 3

========================================================================
Received Import Request.
  Time since last request: 0.000018 seconds.
  path: Assets/Art/Assets/isometric-miniature-bases/Isometric/base_grass_flat_S.png
  artifactKey: Guid(d70f48facbc21964394ca0e0fbb11a4a) Importer(2089858483,192608db42251d675da83286b1cce702)
Start importing Assets/Art/Assets/isometric-miniature-bases/Isometric/base_grass_flat_S.png using Guid(d70f48facbc21964394ca0e0fbb11a4a) Importer(2089858483,192608db42251d675da83286b1cce702) (ScriptedImporter) -> (artifact id: '4702e28eea8f22e3dab3e4de042f4f93') in 0.0577966 seconds
Number of updated asset objects reloaded before import = 0Number of asset objects unloaded after import = 3

========================================================================
Received Import Request.
  Time since last request: 0.000017 seconds.
  path: Assets/Art/Assets/isometric-miniature-bases/Isometric/square_stone_high_N.png
  artifactKey: Guid(63c8d322e1bcc0148b57f47d607d1da4) Importer(2089858483,192608db42251d675da83286b1cce702)
Start importing Assets/Art/Assets/isometric-miniature-bases/Isometric/square_stone_high_N.png using Guid(63c8d322e1bcc0148b57f47d607d1da4) Importer(2089858483,192608db42251d675da83286b1cce702) (ScriptedImporter) -> (artifact id: '15be7f0bf1d8414a45d266e16eb12200') in 0.0529121 seconds
Number of updated asset objects reloaded before import = 0Number of asset objects unloaded after import = 3

========================================================================
Received Import Request.
  Time since last request: 0.000028 seconds.
  path: Assets/Art/Assets/isometric-miniature-bases/Isometric/square_stone_high_detail_N.png
  artifactKey: Guid(5c30e07724fe8af4ca0e4e071cef591f) Importer(2089858483,192608db42251d675da83286b1cce702)
Start importing Assets/Art/Assets/isometric-miniature-bases/Isometric/square_stone_high_detail_N.png using Guid(5c30e07724fe8af4ca0e4e071cef591f) Importer(2089858483,192608db42251d675da83286b1cce702) (ScriptedImporter) -> (artifact id: 'de0fbb9cdb0d27f78cd61e393945adbd') in 0.0591653 seconds
Number of updated asset objects reloaded before import = 0Number of asset objects unloaded after import = 3

========================================================================
Received Import Request.
  Time since last request: 0.000020 seconds.
  path: Assets/Art/Assets/isometric-miniature-bases/Isometric/square_wood_high_E.png
  artifactKey: Guid(c072cf86ed4465546bad1af880520a54) Importer(2089858483,192608db42251d675da83286b1cce702)
Start importing Assets/Art/Assets/isometric-miniature-bases/Isometric/square_wood_high_E.png using Guid(c072cf86ed4465546bad1af880520a54) Importer(2089858483,192608db42251d675da83286b1cce702) (ScriptedImporter) -> (artifact id: '5623873f16693b1aa105c6ec3a0c8a21') in 0.0463621 seconds
Number of updated asset objects reloaded before import = 0Number of asset objects unloaded after import = 3

========================================================================
Received Import Request.
  Time since last request: 0.000019 seconds.
  path: Assets/Art/Assets/isometric-miniature-bases/Angle/square_snow_high_N.png
  artifactKey: Guid(e10de3a229ae1e940bc7634f3b2ba952) Importer(2089858483,192608db42251d675da83286b1cce702)
Start importing Assets/Art/Assets/isometric-miniature-bases/Angle/square_snow_high_N.png using Guid(e10de3a229ae1e940bc7634f3b2ba952) Importer(2089858483,192608db42251d675da83286b1cce702) (ScriptedImporter) -> (artifact id: '3e95123e128f45663810c59dc0a258e4') in 0.0419999 seconds
Number of updated asset objects reloaded before import = 0Number of asset objects unloaded after import = 3

========================================================================
Received Import Request.
  Time since last request: 0.000038 seconds.
  path: Assets/Art/Assets/isometric-miniature-bases/Isometric/square_grass_high_detail_N.png
  artifactKey: Guid(a7021711e16bfd949831724d6304bc0e) Importer(2089858483,192608db42251d675da83286b1cce702)
Start importing Assets/Art/Assets/isometric-miniature-bases/Isometric/square_grass_high_detail_N.png using Guid(a7021711e16bfd949831724d6304bc0e) Importer(2089858483,192608db42251d675da83286b1cce702) (ScriptedImporter) -> (artifact id: '749fe9f8fe72ccb6b81fdf1acb766766') in 0.0516044 seconds
Number of updated asset objects reloaded before import = 0Number of asset objects unloaded after import = 3

========================================================================
Received Import Request.
  Time since last request: 0.000015 seconds.
  path: Assets/Art/Assets/isometric-miniature-bases/Isometric/square_snow_high_E.png
  artifactKey: Guid(b46c57d39b263f948b80f35c75b4b673) Importer(2089858483,192608db42251d675da83286b1cce702)
Start importing Assets/Art/Assets/isometric-miniature-bases/Isometric/square_snow_high_E.png using Guid(b46c57d39b263f948b80f35c75b4b673) Importer(2089858483,192608db42251d675da83286b1cce702) (ScriptedImporter) -> (artifact id: '603a7073a804839b9ea77cb85c0d12f2') in 0.0422965 seconds
Number of updated asset objects reloaded before import = 0Number of asset objects unloaded after import = 3

========================================================================
Received Import Request.
  Time since last request: 0.000017 seconds.
  path: Assets/Art/Assets/isometric-miniature-bases/Isometric/square_dirt_high_detail_S.png
  artifactKey: Guid(f900f0e0278d73b42b2ba28d0c4ade8a) Importer(2089858483,192608db42251d675da83286b1cce702)
Start importing Assets/Art/Assets/isometric-miniature-bases/Isometric/square_dirt_high_detail_S.png using Guid(f900f0e0278d73b42b2ba28d0c4ade8a) Importer(2089858483,192608db42251d675da83286b1cce702) (ScriptedImporter) -> (artifact id: '01dad1a75db80a90d326ae677c33bcd6') in 0.0367933 seconds
Number of updated asset objects reloaded before import = 0Number of asset objects unloaded after import = 3

========================================================================
Received Import Request.
  Time since last request: 0.000019 seconds.
  path: Assets/Art/Assets/isometric-miniature-bases/Isometric/base_dirt_high_W.png
  artifactKey: Guid(8474dd49783d44b47b6d38fe1944720d) Importer(2089858483,192608db42251d675da83286b1cce702)
Start importing Assets/Art/Assets/isometric-miniature-bases/Isometric/base_dirt_high_W.png using Guid(8474dd49783d44b47b6d38fe1944720d) Importer(2089858483,192608db42251d675da83286b1cce702) (ScriptedImporter) -> (artifact id: 'fe7fec96f0fc3c6e91e7b0a9fba6ca91') in 0.0388966 seconds
Number of updated asset objects reloaded before import = 0Number of asset objects unloaded after import = 3

========================================================================
Received Import Request.
  Time since last request: 0.000025 seconds.
  path: Assets/Art/Assets/isometric-miniature-bases/Isometric/base_stone_high_S.png
  artifactKey: Guid(1fe13162e4e7cf24caac711d324b8476) Importer(2089858483,192608db42251d675da83286b1cce702)
Start importing Assets/Art/Assets/isometric-miniature-bases/Isometric/base_stone_high_S.png using Guid(1fe13162e4e7cf24caac711d324b8476) Importer(2089858483,192608db42251d675da83286b1cce702) (ScriptedImporter) -> (artifact id: '2abd40bb0b87093806feef6251351322') in 0.0447869 seconds
Number of updated asset objects reloaded before import = 0Number of asset objects unloaded after import = 3

========================================================================
Received Import Request.
  Time since last request: 0.000016 seconds.
  path: Assets/Art/Assets/isometric-miniature-bases/Isometric/base_stone_detail_S.png
  artifactKey: Guid(45c86a8fb9d387a4fb5c9fcd9dab3e96) Importer(2089858483,192608db42251d675da83286b1cce702)
Start importing Assets/Art/Assets/isometric-miniature-bases/Isometric/base_stone_detail_S.png using Guid(45c86a8fb9d387a4fb5c9fcd9dab3e96) Importer(2089858483,192608db42251d675da83286b1cce702) (ScriptedImporter) -> (artifact id: '6d75e19f1f6937c63db86e8749e990b0') in 0.0532495 seconds
Number of updated asset objects reloaded before import = 0Number of asset objects unloaded after import = 3

========================================================================
Received Import Request.
  Time since last request: 0.000017 seconds.
  path: Assets/Art/Assets/isometric-miniature-bases/Isometric/square_grass_high_E.png
  artifactKey: Guid(b46f612d82a745540b8ca465cd4c3544) Importer(2089858483,192608db42251d675da83286b1cce702)
Start importing Assets/Art/Assets/isometric-miniature-bases/Isometric/square_grass_high_E.png using Guid(b46f612d82a745540b8ca465cd4c3544) Importer(2089858483,192608db42251d675da83286b1cce702) (ScriptedImporter) -> (artifact id: '97f40558839ed7907892e4bec30030f0') in 0.0575194 seconds
Number of updated asset objects reloaded before import = 0Number of asset objects unloaded after import = 3

========================================================================
Received Import Request.
  Time since last request: 0.000025 seconds.
  path: Assets/Art/Assets/isometric-miniature-bases/Isometric/square_grass_detail_N.png
  artifactKey: Guid(28bd1bf4bda1a174198e400f62b74152) Importer(2089858483,192608db42251d675da83286b1cce702)
Start importing Assets/Art/Assets/isometric-miniature-bases/Isometric/square_grass_detail_N.png using Guid(28bd1bf4bda1a174198e400f62b74152) Importer(2089858483,192608db42251d675da83286b1cce702) (ScriptedImporter) -> (artifact id: 'bbfacb81022fe46150b6f8b7a09536d2') in 0.0505316 seconds
Number of updated asset objects reloaded before import = 0Number of asset objects unloaded after import = 3

========================================================================
Received Import Request.
  Time since last request: 0.000017 seconds.
  path: Assets/Art/Assets/isometric-miniature-bases/Isometric/base_snow_high_W.png
  artifactKey: Guid(2db498ed09004a14c9fc18b6a4ddde73) Importer(2089858483,192608db42251d675da83286b1cce702)
Start importing Assets/Art/Assets/isometric-miniature-bases/Isometric/base_snow_high_W.png using Guid(2db498ed09004a14c9fc18b6a4ddde73) Importer(2089858483,192608db42251d675da83286b1cce702) (ScriptedImporter) -> (artifact id: '717775d2bf196ced5a5dac407f0ef254') in 0.0389392 seconds
Number of updated asset objects reloaded before import = 0Number of asset objects unloaded after import = 3

========================================================================
Received Import Request.
  Time since last request: 0.000016 seconds.
  path: Assets/Art/Assets/isometric-miniature-bases/Isometric/square_wood_high_W.png
  artifactKey: Guid(e384efc01888cec49b8842e698cb571a) Importer(2089858483,192608db42251d675da83286b1cce702)
Start importing Assets/Art/Assets/isometric-miniature-bases/Isometric/square_wood_high_W.png using Guid(e384efc01888cec49b8842e698cb571a) Importer(2089858483,192608db42251d675da83286b1cce702) (ScriptedImporter) -> (artifact id: '623818c9eeefe66a07c20a7bf54db8c6') in 0.0624129 seconds
Number of updated asset objects reloaded before import = 0Number of asset objects unloaded after import = 3

========================================================================
Received Import Request.
  Time since last request: 0.000024 seconds.
  path: Assets/Art/Assets/isometric-miniature-bases/Isometric/base_grass_high_detail_W.png
  artifactKey: Guid(a218ab5501bd0b942b0fbb09bc73b9f8) Importer(2089858483,192608db42251d675da83286b1cce702)
Start importing Assets/Art/Assets/isometric-miniature-bases/Isometric/base_grass_high_detail_W.png using Guid(a218ab5501bd0b942b0fbb09bc73b9f8) Importer(2089858483,192608db42251d675da83286b1cce702) (ScriptedImporter) -> (artifact id: '7c379db7aece81a49e9051179e7cbb74') in 0.0619277 seconds
Number of updated asset objects reloaded before import = 0Number of asset objects unloaded after import = 3

========================================================================
Received Import Request.
  Time since last request: 0.000022 seconds.
  path: Assets/Art/Assets/isometric-miniature-bases/Isometric/base_stone_detail_N.png
  artifactKey: Guid(103274db96b2ce245923f02f477c58fe) Importer(2089858483,192608db42251d675da83286b1cce702)
Start importing Assets/Art/Assets/isometric-miniature-bases/Isometric/base_stone_detail_N.png using Guid(103274db96b2ce245923f02f477c58fe) Importer(2089858483,192608db42251d675da83286b1cce702) (ScriptedImporter) -> (artifact id: '331580519dc74f616585622657694562') in 0.0518681 seconds
Number of updated asset objects reloaded before import = 0Number of asset objects unloaded after import = 3

========================================================================
Received Import Request.
  Time since last request: 0.000017 seconds.
  path: Assets/Art/Assets/isometric-miniature-bases/Isometric/square_snow_detail_S.png
  artifactKey: Guid(d049b9742128a0544a55754dea85315a) Importer(2089858483,192608db42251d675da83286b1cce702)
Start importing Assets/Art/Assets/isometric-miniature-bases/Isometric/square_snow_detail_S.png using Guid(d049b9742128a0544a55754dea85315a) Importer(2089858483,192608db42251d675da83286b1cce702) (ScriptedImporter) -> (artifact id: '71ec7acaa75ebdb20a1a4c377d5590d6') in 0.0503529 seconds
Number of updated asset objects reloaded before import = 0Number of asset objects unloaded after import = 3

========================================================================
Received Import Request.
  Time since last request: 0.000074 seconds.
  path: Assets/Art/Assets/isometric-miniature-bases/Isometric/base_dirt_high_detail_N.png
  artifactKey: Guid(8f54f77efd9d8924ea971cf894be3b39) Importer(2089858483,192608db42251d675da83286b1cce702)
Start importing Assets/Art/Assets/isometric-miniature-bases/Isometric/base_dirt_high_detail_N.png using Guid(8f54f77efd9d8924ea971cf894be3b39) Importer(2089858483,192608db42251d675da83286b1cce702) (ScriptedImporter) -> (artifact id: 'fb129c311017487f894d0362e6e67a0b') in 0.0606348 seconds
Number of updated asset objects reloaded before import = 0Number of asset objects unloaded after import = 3

========================================================================
Received Import Request.
  Time since last request: 0.000014 seconds.
  path: Assets/Art/Assets/isometric-miniature-bases/Isometric/square_wood_flat_S.png
  artifactKey: Guid(dc845e741d02db14b84d7ad3e8038363) Importer(2089858483,192608db42251d675da83286b1cce702)
Start importing Assets/Art/Assets/isometric-miniature-bases/Isometric/square_wood_flat_S.png using Guid(dc845e741d02db14b84d7ad3e8038363) Importer(2089858483,192608db42251d675da83286b1cce702) (ScriptedImporter) -> (artifact id: '38a518346a1cde9e7fde7b81083d5d40') in 0.0490663 seconds
Number of updated asset objects reloaded before import = 0Number of asset objects unloaded after import = 3

========================================================================
Received Import Request.
  Time since last request: 0.000022 seconds.
  path: Assets/Art/Assets/isometric-miniature-bases/Isometric/square_grass_flat_W.png
  artifactKey: Guid(4aa1092039aba974a80d2ebe95fa87dd) Importer(2089858483,192608db42251d675da83286b1cce702)
Start importing Assets/Art/Assets/isometric-miniature-bases/Isometric/square_grass_flat_W.png using Guid(4aa1092039aba974a80d2ebe95fa87dd) Importer(2089858483,192608db42251d675da83286b1cce702) (ScriptedImporter) -> (artifact id: '9e565acde63b84218051aaf7200917cf') in 0.0494335 seconds
Number of updated asset objects reloaded before import = 0Number of asset objects unloaded after import = 3

========================================================================
Received Import Request.
  Time since last request: 0.000032 seconds.
  path: Assets/Art/Assets/isometric-miniature-bases/Isometric/square_stone_flat_E.png
  artifactKey: Guid(fa8bc1a74309887479c97548fc425da1) Importer(2089858483,192608db42251d675da83286b1cce702)
Start importing Assets/Art/Assets/isometric-miniature-bases/Isometric/square_stone_flat_E.png using Guid(fa8bc1a74309887479c97548fc425da1) Importer(2089858483,192608db42251d675da83286b1cce702) (ScriptedImporter) -> (artifact id: '83a4b7c1d0dc1e757c2c7bd4fd6a8adb') in 0.0558531 seconds
Number of updated asset objects reloaded before import = 0Number of asset objects unloaded after import = 3

========================================================================
Received Import Request.
  Time since last request: 0.000017 seconds.
  path: Assets/Art/Assets/isometric-miniature-bases/Isometric/base_wood_high_detail_N.png
  artifactKey: Guid(ffb478944d57a1b4b841706357b25efb) Importer(2089858483,192608db42251d675da83286b1cce702)
Start importing Assets/Art/Assets/isometric-miniature-bases/Isometric/base_wood_high_detail_N.png using Guid(ffb478944d57a1b4b841706357b25efb) Importer(2089858483,192608db42251d675da83286b1cce702) (ScriptedImporter) -> (artifact id: '12be66f6e347ea80094210c60890902d') in 0.0459229 seconds
Number of updated asset objects reloaded before import = 0Number of asset objects unloaded after import = 3

========================================================================
Received Import Request.
  Time since last request: 0.000021 seconds.
  path: Assets/Art/Assets/isometric-miniature-bases/Isometric/base_stone_flat_W.png
  artifactKey: Guid(24f7e07f121277545888527e213ef8fd) Importer(2089858483,192608db42251d675da83286b1cce702)
Start importing Assets/Art/Assets/isometric-miniature-bases/Isometric/base_stone_flat_W.png using Guid(24f7e07f121277545888527e213ef8fd) Importer(2089858483,192608db42251d675da83286b1cce702) (ScriptedImporter) -> (artifact id: '8e28182a082ed79f76ea27104c4e726a') in 0.051461 seconds
Number of updated asset objects reloaded before import = 0Number of asset objects unloaded after import = 3

========================================================================
Received Import Request.
  Time since last request: 0.000029 seconds.
  path: Assets/Art/Assets/isometric-miniature-bases/Isometric/base_stone_flat_N.png
  artifactKey: Guid(1ae24b8d821d9da41a193caf95a3d969) Importer(2089858483,192608db42251d675da83286b1cce702)
Start importing Assets/Art/Assets/isometric-miniature-bases/Isometric/base_stone_flat_N.png using Guid(1ae24b8d821d9da41a193caf95a3d969) Importer(2089858483,192608db42251d675da83286b1cce702) (ScriptedImporter) -> (artifact id: '0d0e08df36fc169e042c2226fc8335cd') in 0.0492503 seconds
Number of updated asset objects reloaded before import = 0Number of asset objects unloaded after import = 3

========================================================================
Received Import Request.
  Time since last request: 0.000052 seconds.
  path: Assets/Art/Assets/isometric-miniature-bases/Isometric/square_stone_flat_S.png
  artifactKey: Guid(97948d1e7c381224186e808867ebc95c) Importer(2089858483,192608db42251d675da83286b1cce702)
Start importing Assets/Art/Assets/isometric-miniature-bases/Isometric/square_stone_flat_S.png using Guid(97948d1e7c381224186e808867ebc95c) Importer(2089858483,192608db42251d675da83286b1cce702) (ScriptedImporter) -> (artifact id: 'd8a21676a195a9a303669bd01fc14eb1') in 0.0431308 seconds
Number of updated asset objects reloaded before import = 0Number of asset objects unloaded after import = 3

========================================================================
Received Import Request.
  Time since last request: 0.000046 seconds.
  path: Assets/Art/Assets/isometric-miniature-bases/Isometric/square_wood_high_detail_N.png
  artifactKey: Guid(f30f99afa518cec45b061f2a4c44b890) Importer(2089858483,192608db42251d675da83286b1cce702)
Start importing Assets/Art/Assets/isometric-miniature-bases/Isometric/square_wood_high_detail_N.png using Guid(f30f99afa518cec45b061f2a4c44b890) Importer(2089858483,192608db42251d675da83286b1cce702) (ScriptedImporter) -> (artifact id: '949b756b18b574959e33fc2eb8d0830d') in 0.045788 seconds
Number of updated asset objects reloaded before import = 0Number of asset objects unloaded after import = 3

========================================================================
Received Import Request.
  Time since last request: 0.000051 seconds.
  path: Assets/Art/Assets/isometric-miniature-bases/Isometric/base_grass_high_detail_S.png
  artifactKey: Guid(451d738f62c795c4ebc07dd83e0df1a8) Importer(2089858483,192608db42251d675da83286b1cce702)
Start importing Assets/Art/Assets/isometric-miniature-bases/Isometric/base_grass_high_detail_S.png using Guid(451d738f62c795c4ebc07dd83e0df1a8) Importer(2089858483,192608db42251d675da83286b1cce702) (ScriptedImporter) -> (artifact id: '0faf85358d5575fe64285c3538d1617d') in 0.0406112 seconds
Number of updated asset objects reloaded before import = 0Number of asset objects unloaded after import = 3

========================================================================
Received Import Request.
  Time since last request: 0.000029 seconds.
  path: Assets/Art/Assets/isometric-miniature-farm/Isometric/ladderStandBroken_W.png
  artifactKey: Guid(20c9fc8d38448b848965895d99a04e56) Importer(2089858483,192608db42251d675da83286b1cce702)
Start importing Assets/Art/Assets/isometric-miniature-farm/Isometric/ladderStandBroken_W.png using Guid(20c9fc8d38448b848965895d99a04e56) Importer(2089858483,192608db42251d675da83286b1cce702) (ScriptedImporter) -> (artifact id: '71595def2cc4d20dddcba499cc92dd12') in 0.0474724 seconds
Number of updated asset objects reloaded before import = 0Number of asset objects unloaded after import = 3

========================================================================
Received Import Request.
  Time since last request: 0.000015 seconds.
  path: Assets/Art/Assets/isometric-miniature-bases/Isometric/base_wood_high_W.png
  artifactKey: Guid(4f45114244dc88141b27977bff9c3dd1) Importer(2089858483,192608db42251d675da83286b1cce702)
Start importing Assets/Art/Assets/isometric-miniature-bases/Isometric/base_wood_high_W.png using Guid(4f45114244dc88141b27977bff9c3dd1) Importer(2089858483,192608db42251d675da83286b1cce702) (ScriptedImporter) -> (artifact id: '8afd107febf3f1ddb7691ccaed15d7f7') in 0.0462837 seconds
Number of updated asset objects reloaded before import = 0Number of asset objects unloaded after import = 3

========================================================================
Received Import Request.
  Time since last request: 0.000023 seconds.
  path: Assets/Art/Assets/isometric-miniature-bases/Isometric/base_grass_high_detail_N.png
  artifactKey: Guid(985c425687ddd294da223a41eadba15e) Importer(2089858483,192608db42251d675da83286b1cce702)
Start importing Assets/Art/Assets/isometric-miniature-bases/Isometric/base_grass_high_detail_N.png using Guid(985c425687ddd294da223a41eadba15e) Importer(2089858483,192608db42251d675da83286b1cce702) (ScriptedImporter) -> (artifact id: 'c0d676057a30260862fd8412e8bad00a') in 0.0404902 seconds
Number of updated asset objects reloaded before import = 0Number of asset objects unloaded after import = 3

========================================================================
Received Import Request.
  Time since last request: 0.000031 seconds.
  path: Assets/Art/Assets/isometric-miniature-bases/Isometric/square_grass_high_S.png
  artifactKey: Guid(e07ea68bab0c4c04aa282f01e01fffd9) Importer(2089858483,192608db42251d675da83286b1cce702)
Start importing Assets/Art/Assets/isometric-miniature-bases/Isometric/square_grass_high_S.png using Guid(e07ea68bab0c4c04aa282f01e01fffd9) Importer(2089858483,192608db42251d675da83286b1cce702) (ScriptedImporter) -> (artifact id: '110eca836ded3e982bf1c86ec7f33f25') in 0.0421756 seconds
Number of updated asset objects reloaded before import = 0Number of asset objects unloaded after import = 3

========================================================================
Received Import Request.
  Time since last request: 0.000017 seconds.
  path: Assets/Art/Assets/isometric-miniature-bases/Isometric/square_wood_high_detail_W.png
  artifactKey: Guid(94ff1ef4ccc2a79449314c773c95f179) Importer(2089858483,192608db42251d675da83286b1cce702)
Start importing Assets/Art/Assets/isometric-miniature-bases/Isometric/square_wood_high_detail_W.png using Guid(94ff1ef4ccc2a79449314c773c95f179) Importer(2089858483,192608db42251d675da83286b1cce702) (ScriptedImporter) -> (artifact id: '7b18f19c57a1c5bd2d1912c28335c669') in 0.0415087 seconds
Number of updated asset objects reloaded before import = 0Number of asset objects unloaded after import = 3

========================================================================
Received Import Request.
  Time since last request: 0.000021 seconds.
  path: Assets/Art/Assets/isometric-miniature-bases/Isometric/base_grass_detail_N.png
  artifactKey: Guid(4d47a3f41cec37d44bd29fb566d50d0a) Importer(2089858483,192608db42251d675da83286b1cce702)
Start importing Assets/Art/Assets/isometric-miniature-bases/Isometric/base_grass_detail_N.png using Guid(4d47a3f41cec37d44bd29fb566d50d0a) Importer(2089858483,192608db42251d675da83286b1cce702) (ScriptedImporter) -> (artifact id: '7910b322e2cabfe654425b980c96202a') in 0.0372396 seconds
Number of updated asset objects reloaded before import = 0Number of asset objects unloaded after import = 3

========================================================================
Received Import Request.
  Time since last request: 0.000017 seconds.
  path: Assets/Art/Assets/isometric-miniature-dungeon/Samples/Tiled Sample/Sprites/wallCurve_S.png
  artifactKey: Guid(9a4275c0705469e4e9afe84744d66e7a) Importer(2089858483,192608db42251d675da83286b1cce702)
Start importing Assets/Art/Assets/isometric-miniature-dungeon/Samples/Tiled Sample/Sprites/wallCurve_S.png using Guid(9a4275c0705469e4e9afe84744d66e7a) Importer(2089858483,192608db42251d675da83286b1cce702) (ScriptedImporter) -> (artifact id: '7f89995dea4f329824150463054a4139') in 0.04485 seconds
Number of updated asset objects reloaded before import = 0Number of asset objects unloaded after import = 1

========================================================================
Received Import Request.
  Time since last request: 0.000029 seconds.
  path: Assets/Art/Assets/isometric-miniature-farm/Samples/Tiled Sample/Sprites/stairsCornerOuter_S.png
  artifactKey: Guid(9e5fd8d7ea17cea4fb35a107e222e466) Importer(2089858483,192608db42251d675da83286b1cce702)
Start importing Assets/Art/Assets/isometric-miniature-farm/Samples/Tiled Sample/Sprites/stairsCornerOuter_S.png using Guid(9e5fd8d7ea17cea4fb35a107e222e466) Importer(2089858483,192608db42251d675da83286b1cce702) (ScriptedImporter) -> (artifact id: '901098a3426b51c507c56dc706bab8ce') in 0.0383162 seconds
Number of updated asset objects reloaded before import = 0Number of asset objects unloaded after import = 1

========================================================================
Received Import Request.
  Time since last request: 0.000024 seconds.
  path: Assets/Art/Assets/isometric-miniature-dungeon/Samples/Tiled Sample/Sprites/fence_W.png
  artifactKey: Guid(b1ff8394dfd9db141aad4a7586305fb8) Importer(2089858483,192608db42251d675da83286b1cce702)
Start importing Assets/Art/Assets/isometric-miniature-dungeon/Samples/Tiled Sample/Sprites/fence_W.png using Guid(b1ff8394dfd9db141aad4a7586305fb8) Importer(2089858483,192608db42251d675da83286b1cce702) (ScriptedImporter) -> (artifact id: 'c5e44a98a3671583a6ad04b31803d660') in 0.0437396 seconds
Number of updated asset objects reloaded before import = 0Number of asset objects unloaded after import = 1

========================================================================
Received Import Request.
  Time since last request: 0.000015 seconds.
  path: Assets/Art/Assets/isometric-miniature-dungeon/Samples/Tiled Sample/Sprites/crate_E.png
  artifactKey: Guid(41adc1cb3f35e2345b37b7bd6738caab) Importer(2089858483,192608db42251d675da83286b1cce702)
Start importing Assets/Art/Assets/isometric-miniature-dungeon/Samples/Tiled Sample/Sprites/crate_E.png using Guid(41adc1cb3f35e2345b37b7bd6738caab) Importer(2089858483,192608db42251d675da83286b1cce702) (ScriptedImporter) -> (artifact id: '7e980657e5f662ab613190e80f36e015') in 0.0446091 seconds
Number of updated asset objects reloaded before import = 0Number of asset objects unloaded after import = 1

========================================================================
Received Import Request.
  Time since last request: 0.000030 seconds.
  path: Assets/Art/Assets/isometric-miniature-library/Samples/Tiled Sample/Sample.tsx
  artifactKey: Guid(4f282a90a7084024abbcdbcc3f519754) Importer(2089858483,192608db42251d675da83286b1cce702)
Start importing Assets/Art/Assets/isometric-miniature-library/Samples/Tiled Sample/Sample.tsx using Guid(4f282a90a7084024abbcdbcc3f519754) Importer(2089858483,192608db42251d675da83286b1cce702) (ScriptedImporter) -> (artifact id: '0151a2d37589d4896b73c9fd18e861c7') in 0.0203588 seconds
Number of updated asset objects reloaded before import = 0Number of asset objects unloaded after import = 1

========================================================================
Received Import Request.
  Time since last request: 0.000031 seconds.
  path: Assets/Art/Assets/isometric-miniature-bases/Samples/Tiled Sample/Sprites/wall_E.png
  artifactKey: Guid(36a6b4a39e56f114a8b43ebf1e50f8bb) Importer(2089858483,192608db42251d675da83286b1cce702)
Start importing Assets/Art/Assets/isometric-miniature-bases/Samples/Tiled Sample/Sprites/wall_E.png using Guid(36a6b4a39e56f114a8b43ebf1e50f8bb) Importer(2089858483,192608db42251d675da83286b1cce702) (ScriptedImporter) -> (artifact id: '8992195164536236a9818e9a1f096728') in 0.0423678 seconds
Number of updated asset objects reloaded before import = 0Number of asset objects unloaded after import = 1

========================================================================
Received Import Request.
  Time since last request: 0.000021 seconds.
  path: Assets/Art/Assets/isometric-miniature-library/Samples/Tiled Sample/Sprites/window_S.png
  artifactKey: Guid(a7ea7ec635c37bf44b4ec8622f7836d5) Importer(2089858483,192608db42251d675da83286b1cce702)
Start importing Assets/Art/Assets/isometric-miniature-library/Samples/Tiled Sample/Sprites/window_S.png using Guid(a7ea7ec635c37bf44b4ec8622f7836d5) Importer(2089858483,192608db42251d675da83286b1cce702) (ScriptedImporter) -> (artifact id: '6518858a13ee73278ad2e161e5bd313d') in 0.0531737 seconds
Number of updated asset objects reloaded before import = 0Number of asset objects unloaded after import = 1

========================================================================
Received Import Request.
  Time since last request: 0.000024 seconds.
  path: Assets/Art/Assets/isometric-miniature-farm/Samples/Tiled Sample/Sprites/doorway_E.png
  artifactKey: Guid(742ebf313b30c8e4a9f092ccab34cc45) Importer(2089858483,192608db42251d675da83286b1cce702)
Start importing Assets/Art/Assets/isometric-miniature-farm/Samples/Tiled Sample/Sprites/doorway_E.png using Guid(742ebf313b30c8e4a9f092ccab34cc45) Importer(2089858483,192608db42251d675da83286b1cce702) (ScriptedImporter) -> (artifact id: '4524c0873f4bf796523dc91afc595fb9') in 0.0398523 seconds
Number of updated asset objects reloaded before import = 0Number of asset objects unloaded after import = 1

========================================================================
Received Import Request.
  Time since last request: 0.000028 seconds.
  path: Assets/Art/Assets/isometric-miniature-library/Samples/Tiled Sample/Sprites/crate_E.png
  artifactKey: Guid(e7a3c72c27eca5e4a9826f386d50e788) Importer(2089858483,192608db42251d675da83286b1cce702)
Start importing Assets/Art/Assets/isometric-miniature-library/Samples/Tiled Sample/Sprites/crate_E.png using Guid(e7a3c72c27eca5e4a9826f386d50e788) Importer(2089858483,192608db42251d675da83286b1cce702) (ScriptedImporter) -> (artifact id: 'fedb3a0739a9961fcf58efcb73a680cd') in 0.0463877 seconds
Number of updated asset objects reloaded before import = 0Number of asset objects unloaded after import = 1

========================================================================
Received Import Request.
  Time since last request: 0.000019 seconds.
  path: Assets/Art/Assets/isometric-miniature-library/Samples/Tiled Sample/Sprites/stairsCornerOuter_S.png
  artifactKey: Guid(5c665eedd88caa440be0714139baab3b) Importer(2089858483,192608db42251d675da83286b1cce702)
Start importing Assets/Art/Assets/isometric-miniature-library/Samples/Tiled Sample/Sprites/stairsCornerOuter_S.png using Guid(5c665eedd88caa440be0714139baab3b) Importer(2089858483,192608db42251d675da83286b1cce702) (ScriptedImporter) -> (artifact id: 'bb284996a7c5deac3137fe159ac9caeb') in 0.0537234 seconds
Number of updated asset objects reloaded before import = 0Number of asset objects unloaded after import = 1

========================================================================
Received Import Request.
  Time since last request: 0.000016 seconds.
  path: Assets/Art/Assets/isometric-miniature-bases/Samples/Tiled Sample/Sprites/window_S.png
  artifactKey: Guid(15a9403b2f9edae4fbc825233470d292) Importer(2089858483,192608db42251d675da83286b1cce702)
Start importing Assets/Art/Assets/isometric-miniature-bases/Samples/Tiled Sample/Sprites/window_S.png using Guid(15a9403b2f9edae4fbc825233470d292) Importer(2089858483,192608db42251d675da83286b1cce702) (ScriptedImporter) -> (artifact id: 'b9b79eed735ea288067a02853147babf') in 0.0581275 seconds
Number of updated asset objects reloaded before import = 0Number of asset objects unloaded after import = 1

========================================================================
Received Import Request.
  Time since last request: 0.000030 seconds.
  path: Assets/Art/Assets/isometric-miniature-bases/Samples/Tiled Sample/Sprites/switchFloorOn_E.png
  artifactKey: Guid(704b5ce72e26d9c45a1a6387917a9d66) Importer(2089858483,192608db42251d675da83286b1cce702)
Start importing Assets/Art/Assets/isometric-miniature-bases/Samples/Tiled Sample/Sprites/switchFloorOn_E.png using Guid(704b5ce72e26d9c45a1a6387917a9d66) Importer(2089858483,192608db42251d675da83286b1cce702) (ScriptedImporter) -> (artifact id: '19c09a44a72696ed45d6e4f48704c41b') in 0.038331 seconds
Number of updated asset objects reloaded before import = 0Number of asset objects unloaded after import = 1

========================================================================
Received Import Request.
  Time since last request: 0.000021 seconds.
  path: Assets/Art/Assets/isometric-miniature-bases/Samples/Tiled Sample/Sprites/stairsCornerOuter_S.png
  artifactKey: Guid(b915475a11e347243b48d0fdf38db9f8) Importer(2089858483,192608db42251d675da83286b1cce702)
Start importing Assets/Art/Assets/isometric-miniature-bases/Samples/Tiled Sample/Sprites/stairsCornerOuter_S.png using Guid(b915475a11e347243b48d0fdf38db9f8) Importer(2089858483,192608db42251d675da83286b1cce702) (ScriptedImporter) -> (artifact id: '5cdba06802f85b262736304b866b2957') in 0.0532323 seconds
Number of updated asset objects reloaded before import = 0Number of asset objects unloaded after import = 1

========================================================================
Received Import Request.
  Time since last request: 0.000019 seconds.
  path: Assets/Art/Assets/isometric-miniature-farm/Isometric/ladderStandBroken_N.png
  artifactKey: Guid(6b6a8e09fcc43b74f91686a5c70d9fa9) Importer(2089858483,192608db42251d675da83286b1cce702)
Start importing Assets/Art/Assets/isometric-miniature-farm/Isometric/ladderStandBroken_N.png using Guid(6b6a8e09fcc43b74f91686a5c70d9fa9) Importer(2089858483,192608db42251d675da83286b1cce702) (ScriptedImporter) -> (artifact id: '8136840b5979f45e6b6370a268652991') in 0.0372411 seconds
Number of updated asset objects reloaded before import = 0Number of asset objects unloaded after import = 3

========================================================================
Received Import Request.
  Time since last request: 0.000029 seconds.
  path: Assets/Art/Assets/isometric-miniature-bases/Angle/base_grass_flat_W.png
  artifactKey: Guid(b1dc7bbce23e84a4287d64d48cb2ce13) Importer(2089858483,192608db42251d675da83286b1cce702)
Start importing Assets/Art/Assets/isometric-miniature-bases/Angle/base_grass_flat_W.png using Guid(b1dc7bbce23e84a4287d64d48cb2ce13) Importer(2089858483,192608db42251d675da83286b1cce702) (ScriptedImporter) -> (artifact id: 'a5719a8bc08806bd0ef368a48f3829ba') in 0.0358815 seconds
Number of updated asset objects reloaded before import = 0Number of asset objects unloaded after import = 3

========================================================================
Received Import Request.
  Time since last request: 0.000056 seconds.
  path: Assets/Art/Assets/isometric-miniature-library/Isometric/bookcaseHalfEmpty_S.png
  artifactKey: Guid(06df154bab414be4698424adcc5660aa) Importer(2089858483,192608db42251d675da83286b1cce702)
Start importing Assets/Art/Assets/isometric-miniature-library/Isometric/bookcaseHalfEmpty_S.png using Guid(06df154bab414be4698424adcc5660aa) Importer(2089858483,192608db42251d675da83286b1cce702) (ScriptedImporter) -> (artifact id: '38a71bc25068aa4ba89e7694750181fd') in 0.0564289 seconds
Number of updated asset objects reloaded before import = 0Number of asset objects unloaded after import = 3

========================================================================
Received Import Request.
  Time since last request: 0.000017 seconds.
  path: Assets/Art/Assets/isometric-miniature-farm/Isometric/dirt_S.png
  artifactKey: Guid(8e9632330f762b24089d8ef844c3f0f0) Importer(2089858483,192608db42251d675da83286b1cce702)
Start importing Assets/Art/Assets/isometric-miniature-farm/Isometric/dirt_S.png using Guid(8e9632330f762b24089d8ef844c3f0f0) Importer(2089858483,192608db42251d675da83286b1cce702) (ScriptedImporter) -> (artifact id: '080b4b02f5f1d4bf40ff5610ed7d2274') in 0.0661631 seconds
Number of updated asset objects reloaded before import = 0Number of asset objects unloaded after import = 3

========================================================================
Received Import Request.
  Time since last request: 0.000030 seconds.
  path: Assets/Art/Assets/isometric-miniature-farm/Angle/planksSide_S.png
  artifactKey: Guid(ebd749a39f8d6f247a13f80e870a254d) Importer(2089858483,192608db42251d675da83286b1cce702)
Start importing Assets/Art/Assets/isometric-miniature-farm/Angle/planksSide_S.png using Guid(ebd749a39f8d6f247a13f80e870a254d) Importer(2089858483,192608db42251d675da83286b1cce702) (ScriptedImporter) -> (artifact id: '80267a7c2a9e3395d2a9972e416b72be') in 0.0492748 seconds
Number of updated asset objects reloaded before import = 0Number of asset objects unloaded after import = 3

========================================================================
Received Import Request.
  Time since last request: 0.000018 seconds.
  path: Assets/Art/Assets/isometric-miniature-dungeon/Isometric/stairs_N.png
  artifactKey: Guid(07df5bd280a3bb544a968fb305bcbe45) Importer(2089858483,192608db42251d675da83286b1cce702)
Start importing Assets/Art/Assets/isometric-miniature-dungeon/Isometric/stairs_N.png using Guid(07df5bd280a3bb544a968fb305bcbe45) Importer(2089858483,192608db42251d675da83286b1cce702) (ScriptedImporter) -> (artifact id: 'e2fe205c96efaccf037208e0e26956fe') in 0.0432247 seconds
Number of updated asset objects reloaded before import = 0Number of asset objects unloaded after import = 3

========================================================================
Received Import Request.
  Time since last request: 0.000018 seconds.
  path: Assets/Art/Assets/isometric-miniature-farm/Angle/woodWall_W.png
  artifactKey: Guid(7c8affd9289421b4ba91ae0a5734d527) Importer(2089858483,192608db42251d675da83286b1cce702)
Start importing Assets/Art/Assets/isometric-miniature-farm/Angle/woodWall_W.png using Guid(7c8affd9289421b4ba91ae0a5734d527) Importer(2089858483,192608db42251d675da83286b1cce702) (ScriptedImporter) -> (artifact id: 'b7f9f02a9cccb492bd157ea6e8897eb4') in 0.0368875 seconds
Number of updated asset objects reloaded before import = 0Number of asset objects unloaded after import = 3

========================================================================
Received Import Request.
  Time since last request: 0.000022 seconds.
  path: Assets/Art/Assets/isometric-miniature-library/Angle/floorCarpet_S.png
  artifactKey: Guid(f941f90cf401ca44b820fb89d7e23817) Importer(2089858483,192608db42251d675da83286b1cce702)
Start importing Assets/Art/Assets/isometric-miniature-library/Angle/floorCarpet_S.png using Guid(f941f90cf401ca44b820fb89d7e23817) Importer(2089858483,192608db42251d675da83286b1cce702) (ScriptedImporter) -> (artifact id: '3cb6b04760d0a3098885ad6d9a54ce27') in 0.0458538 seconds
Number of updated asset objects reloaded before import = 0Number of asset objects unloaded after import = 3

========================================================================
Received Import Request.
  Time since last request: 0.000026 seconds.
  path: Assets/Art/Assets/isometric-miniature-dungeon/Isometric/stoneWallGateClosed_E.png
  artifactKey: Guid(aa8995c71e103444ebdca11c17cabf15) Importer(2089858483,192608db42251d675da83286b1cce702)
Start importing Assets/Art/Assets/isometric-miniature-dungeon/Isometric/stoneWallGateClosed_E.png using Guid(aa8995c71e103444ebdca11c17cabf15) Importer(2089858483,192608db42251d675da83286b1cce702) (ScriptedImporter) -> (artifact id: 'c38d5c064c94b6ba8b0c2c185aae7c6a') in 0.0385744 seconds
Number of updated asset objects reloaded before import = 0Number of asset objects unloaded after import = 3

========================================================================
Received Import Request.
  Time since last request: 0.000017 seconds.
  path: Assets/Art/Assets/isometric-miniature-dungeon/Angle/stoneUneven_W.png
  artifactKey: Guid(c137ee06c61cfc54c99de5e0227949f2) Importer(2089858483,192608db42251d675da83286b1cce702)
Start importing Assets/Art/Assets/isometric-miniature-dungeon/Angle/stoneUneven_W.png using Guid(c137ee06c61cfc54c99de5e0227949f2) Importer(2089858483,192608db42251d675da83286b1cce702) (ScriptedImporter) -> (artifact id: 'c7ae2e9c6815015f815cc08bd7594dcc') in 0.0431576 seconds
Number of updated asset objects reloaded before import = 0Number of asset objects unloaded after import = 3

========================================================================
Received Import Request.
  Time since last request: 0.000017 seconds.
  path: Assets/Art/Assets/isometric-miniature-farm/Angle/planksHigh_E.png
  artifactKey: Guid(e0d0b939412bf7e4bb052d7d7b54e2a3) Importer(2089858483,192608db42251d675da83286b1cce702)
Start importing Assets/Art/Assets/isometric-miniature-farm/Angle/planksHigh_E.png using Guid(e0d0b939412bf7e4bb052d7d7b54e2a3) Importer(2089858483,192608db42251d675da83286b1cce702) (ScriptedImporter) -> (artifact id: 'a5216457236ed44ff31e4a244b79f2a9') in 0.0460642 seconds
Number of updated asset objects reloaded before import = 0Number of asset objects unloaded after import = 3

========================================================================
Received Import Request.
  Time since last request: 0.000020 seconds.
  path: Assets/Art/Assets/isometric-miniature-dungeon/Angle/woodenPile_W.png
  artifactKey: Guid(73fe2e1e8a6e7754bad60e6893195db8) Importer(2089858483,192608db42251d675da83286b1cce702)
Start importing Assets/Art/Assets/isometric-miniature-dungeon/Angle/woodenPile_W.png using Guid(73fe2e1e8a6e7754bad60e6893195db8) Importer(2089858483,192608db42251d675da83286b1cce702) (ScriptedImporter) -> (artifact id: '3b15743ae1b5fbb0b3ebdf64bf8c2218') in 0.0499865 seconds
Number of updated asset objects reloaded before import = 0Number of asset objects unloaded after import = 3

========================================================================
Received Import Request.
  Time since last request: 0.000028 seconds.
  path: Assets/Art/Assets/isometric-miniature-library/Isometric/displayCaseSword_W.png
  artifactKey: Guid(cf0f19004e215794dae3a28487dba826) Importer(2089858483,192608db42251d675da83286b1cce702)
Start importing Assets/Art/Assets/isometric-miniature-library/Isometric/displayCaseSword_W.png using Guid(cf0f19004e215794dae3a28487dba826) Importer(2089858483,192608db42251d675da83286b1cce702) (ScriptedImporter) -> (artifact id: 'f876e52ea3c048e573fceea8d580f3c7') in 0.0441053 seconds
Number of updated asset objects reloaded before import = 0Number of asset objects unloaded after import = 3

========================================================================
Received Import Request.
  Time since last request: 0.000016 seconds.
  path: Assets/Art/Assets/isometric-miniature-library/Angle/libraryChair_S.png
  artifactKey: Guid(cefd69d5f071a414c8b088e15b1b4e3d) Importer(2089858483,192608db42251d675da83286b1cce702)
Start importing Assets/Art/Assets/isometric-miniature-library/Angle/libraryChair_S.png using Guid(cefd69d5f071a414c8b088e15b1b4e3d) Importer(2089858483,192608db42251d675da83286b1cce702) (ScriptedImporter) -> (artifact id: 'eba26fd99098138b4cafca5bbf07149c') in 0.037767 seconds
Number of updated asset objects reloaded before import = 0Number of asset objects unloaded after import = 3

========================================================================
Received Import Request.
  Time since last request: 0.000016 seconds.
  path: Assets/Art/Assets/isometric-miniature-library/Angle/displayCaseSword_E.png
  artifactKey: Guid(35760a21213ec6e41b505b597a976e71) Importer(2089858483,192608db42251d675da83286b1cce702)
Start importing Assets/Art/Assets/isometric-miniature-library/Angle/displayCaseSword_E.png using Guid(35760a21213ec6e41b505b597a976e71) Importer(2089858483,192608db42251d675da83286b1cce702) (ScriptedImporter) -> (artifact id: '570e3b2ea463cf7295b8dc55f6a4ea62') in 0.0479955 seconds
Number of updated asset objects reloaded before import = 0Number of asset objects unloaded after import = 3

========================================================================
Received Import Request.
  Time since last request: 0.000019 seconds.
  path: Assets/Art/Assets/isometric-miniature-dungeon/Angle/tableShort_N.png
  artifactKey: Guid(d5f82698d06b4f64ab7790e87d4c0e20) Importer(2089858483,192608db42251d675da83286b1cce702)
Start importing Assets/Art/Assets/isometric-miniature-dungeon/Angle/tableShort_N.png using Guid(d5f82698d06b4f64ab7790e87d4c0e20) Importer(2089858483,192608db42251d675da83286b1cce702) (ScriptedImporter) -> (artifact id: 'c744d1ba8d23fe81135e8d7653622380') in 0.0477149 seconds
Number of updated asset objects reloaded before import = 0Number of asset objects unloaded after import = 3

========================================================================
Received Import Request.
  Time since last request: 0.000026 seconds.
  path: Assets/Art/Assets/isometric-miniature-library/Angle/displayCaseOpen_N.png
  artifactKey: Guid(29d4bbcd1dc2b4441ab5d877ebb80929) Importer(2089858483,192608db42251d675da83286b1cce702)
Start importing Assets/Art/Assets/isometric-miniature-library/Angle/displayCaseOpen_N.png using Guid(29d4bbcd1dc2b4441ab5d877ebb80929) Importer(2089858483,192608db42251d675da83286b1cce702) (ScriptedImporter) -> (artifact id: 'fed7ffe41497990edc928ee67989930f') in 0.0428841 seconds
Number of updated asset objects reloaded before import = 0Number of asset objects unloaded after import = 3

========================================================================
Received Import Request.
  Time since last request: 0.000017 seconds.
  path: Assets/Art/Assets/isometric-miniature-dungeon/Angle/chair_S.png
  artifactKey: Guid(4e7b4c0452b4f234688af5afdfa42d7e) Importer(2089858483,192608db42251d675da83286b1cce702)
Start importing Assets/Art/Assets/isometric-miniature-dungeon/Angle/chair_S.png using Guid(4e7b4c0452b4f234688af5afdfa42d7e) Importer(2089858483,192608db42251d675da83286b1cce702) (ScriptedImporter) -> (artifact id: '941f48326495ee230e5a828c8d85a652') in 0.0509012 seconds
Number of updated asset objects reloaded before import = 0Number of asset objects unloaded after import = 3

========================================================================
Received Import Request.
  Time since last request: 0.000017 seconds.
  path: Assets/Art/Assets/isometric-miniature-library/Angle/longTableDecoratedChairsBooks_W.png
  artifactKey: Guid(2e5e20c0388c0be4089d7cfa07e33ef3) Importer(2089858483,192608db42251d675da83286b1cce702)
Start importing Assets/Art/Assets/isometric-miniature-library/Angle/longTableDecoratedChairsBooks_W.png using Guid(2e5e20c0388c0be4089d7cfa07e33ef3) Importer(2089858483,192608db42251d675da83286b1cce702) (ScriptedImporter) -> (artifact id: 'd8123ad8379bcd860f075cbe0c22df98') in 0.0401681 seconds
Number of updated asset objects reloaded before import = 0Number of asset objects unloaded after import = 3

========================================================================
Received Import Request.
  Time since last request: 5.350721 seconds.
  path: Assets/Art/Assets/isometric-miniature-dungeon/Angle/barrel_N.png
  artifactKey: Guid(a6f9389cae48d4b4c9d1b8a5e50127ac) Importer(815301076,1909f56bfc062723c751e8b465ee728b)
Start importing Assets/Art/Assets/isometric-miniature-dungeon/Angle/barrel_N.png using Guid(a6f9389cae48d4b4c9d1b8a5e50127ac) Importer(815301076,1909f56bfc062723c751e8b465ee728b) (PreviewImporter) -> (artifact id: '3274e838b60ce1b49ff1c6291e13c326') in 0.0402401 seconds
Number of updated asset objects reloaded before import = 0Number of asset objects unloaded after import = 3

========================================================================
Received Import Request.
  Time since last request: 0.000015 seconds.
  path: Assets/Art/Assets/isometric-miniature-dungeon/Angle/chair_S.png
  artifactKey: Guid(4e7b4c0452b4f234688af5afdfa42d7e) Importer(815301076,1909f56bfc062723c751e8b465ee728b)
Start importing Assets/Art/Assets/isometric-miniature-dungeon/Angle/chair_S.png using Guid(4e7b4c0452b4f234688af5afdfa42d7e) Importer(815301076,1909f56bfc062723c751e8b465ee728b) (PreviewImporter) -> (artifact id: 'af58f9cda963a48457e221f68727a37a') in 0.0395503 seconds
Number of updated asset objects reloaded before import = 0Number of asset objects unloaded after import = 3

========================================================================
Received Import Request.
  Time since last request: 0.000017 seconds.
  path: Assets/Art/Assets/isometric-miniature-dungeon/Angle/bridgeBroken_N.png
  artifactKey: Guid(398e8db8fd9063c45b3de4a4f8f9e538) Importer(815301076,1909f56bfc062723c751e8b465ee728b)
Start importing Assets/Art/Assets/isometric-miniature-dungeon/Angle/bridgeBroken_N.png using Guid(398e8db8fd9063c45b3de4a4f8f9e538) Importer(815301076,1909f56bfc062723c751e8b465ee728b) (PreviewImporter) -> (artifact id: '1534d385676da2e38dbd530392a0fb01') in 0.0431721 seconds
Number of updated asset objects reloaded before import = 0Number of asset objects unloaded after import = 3

========================================================================
Received Import Request.
  Time since last request: 0.000029 seconds.
  path: Assets/Art/Assets/isometric-miniature-dungeon/Angle/bridge_W.png
  artifactKey: Guid(2d82bf72f1b8db04b83368b0cf855156) Importer(815301076,1909f56bfc062723c751e8b465ee728b)
Start importing Assets/Art/Assets/isometric-miniature-dungeon/Angle/bridge_W.png using Guid(2d82bf72f1b8db04b83368b0cf855156) Importer(815301076,1909f56bfc062723c751e8b465ee728b) (PreviewImporter) -> (artifact id: 'ebefefa9873a4596793fa3b7d6c7ea4c') in 0.0481232 seconds
Number of updated asset objects reloaded before import = 0Number of asset objects unloaded after import = 3

========================================================================
Received Import Request.
  Time since last request: 0.000015 seconds.
  path: Assets/Art/Assets/isometric-miniature-dungeon/Angle/chair_E.png
  artifactKey: Guid(463a7e8a958b3664c85b49138ca27063) Importer(815301076,1909f56bfc062723c751e8b465ee728b)
Start importing Assets/Art/Assets/isometric-miniature-dungeon/Angle/chair_E.png using Guid(463a7e8a958b3664c85b49138ca27063) Importer(815301076,1909f56bfc062723c751e8b465ee728b) (PreviewImporter) -> (artifact id: '500bb31ff0eda271ed63c2b297ac4390') in 0.0349618 seconds
Number of updated asset objects reloaded before import = 0Number of asset objects unloaded after import = 3

========================================================================
Received Import Request.
  Time since last request: 0.000015 seconds.
  path: Assets/Art/Assets/isometric-miniature-dungeon/Angle/bridge_S.png
  artifactKey: Guid(7dc46a9b52680b844a5a70e7987d0cdf) Importer(815301076,1909f56bfc062723c751e8b465ee728b)
Start importing Assets/Art/Assets/isometric-miniature-dungeon/Angle/bridge_S.png using Guid(7dc46a9b52680b844a5a70e7987d0cdf) Importer(815301076,1909f56bfc062723c751e8b465ee728b) (PreviewImporter) -> (artifact id: '23585230d4f34259d284bd08b16227cb') in 0.0407693 seconds
Number of updated asset objects reloaded before import = 0Number of asset objects unloaded after import = 3

========================================================================
Received Import Request.
  Time since last request: 0.000017 seconds.
  path: Assets/Art/Assets/isometric-miniature-dungeon/Angle/bridge_E.png
  artifactKey: Guid(3236ea9f663d37a4bb81c119fcd6be8b) Importer(815301076,1909f56bfc062723c751e8b465ee728b)
Start importing Assets/Art/Assets/isometric-miniature-dungeon/Angle/bridge_E.png using Guid(3236ea9f663d37a4bb81c119fcd6be8b) Importer(815301076,1909f56bfc062723c751e8b465ee728b) (PreviewImporter) -> (artifact id: 'e5103dff28b4f17434ebdc7a5a5ca7f0') in 0.0425941 seconds
Number of updated asset objects reloaded before import = 0Number of asset objects unloaded after import = 3

========================================================================
Received Import Request.
  Time since last request: 0.000033 seconds.
  path: Assets/Art/Assets/isometric-miniature-dungeon/Angle/chestClosed_S.png
  artifactKey: Guid(13209ed121ab9aa4b9c875bf7c453449) Importer(815301076,1909f56bfc062723c751e8b465ee728b)
Start importing Assets/Art/Assets/isometric-miniature-dungeon/Angle/chestClosed_S.png using Guid(13209ed121ab9aa4b9c875bf7c453449) Importer(815301076,1909f56bfc062723c751e8b465ee728b) (PreviewImporter) -> (artifact id: '902c88ea0ddd6f687934356bfa9cb9b5') in 0.0309025 seconds
Number of updated asset objects reloaded before import = 0Number of asset objects unloaded after import = 3

========================================================================
Received Import Request.
  Time since last request: 1.205070 seconds.
  path: Assets/Art/Assets/isometric-miniature-dungeon/Angle/dirt_S.png
  artifactKey: Guid(83bbb2435fb9abb408af6801bd8a3adf) Importer(815301076,1909f56bfc062723c751e8b465ee728b)
Start importing Assets/Art/Assets/isometric-miniature-dungeon/Angle/dirt_S.png using Guid(83bbb2435fb9abb408af6801bd8a3adf) Importer(815301076,1909f56bfc062723c751e8b465ee728b) (PreviewImporter) -> (artifact id: '70b42cbd528dd5aff9e1814f6ea53406') in 0.0502937 seconds
Number of updated asset objects reloaded before import = 0Number of asset objects unloaded after import = 3

========================================================================
Received Import Request.
  Time since last request: 0.000020 seconds.
  path: Assets/Art/Assets/isometric-miniature-dungeon/Angle/planksBroken_N.png
  artifactKey: Guid(848e7026a54d8c745b39160569be748e) Importer(815301076,1909f56bfc062723c751e8b465ee728b)
Start importing Assets/Art/Assets/isometric-miniature-dungeon/Angle/planksBroken_N.png using Guid(848e7026a54d8c745b39160569be748e) Importer(815301076,1909f56bfc062723c751e8b465ee728b) (PreviewImporter) -> (artifact id: '9b86253e27d7292f6b390f1d60c876a4') in 0.0410425 seconds
Number of updated asset objects reloaded before import = 0Number of asset objects unloaded after import = 3

========================================================================
Received Import Request.
  Time since last request: 0.000017 seconds.
  path: Assets/Art/Assets/isometric-miniature-dungeon/Angle/stoneInset_E.png
  artifactKey: Guid(2eb0f62368068484cb9b212d086c04d1) Importer(815301076,1909f56bfc062723c751e8b465ee728b)
Start importing Assets/Art/Assets/isometric-miniature-dungeon/Angle/stoneInset_E.png using Guid(2eb0f62368068484cb9b212d086c04d1) Importer(815301076,1909f56bfc062723c751e8b465ee728b) (PreviewImporter) -> (artifact id: '5835262fe657d60abe68fbf04f783bf9') in 0.0465192 seconds
Number of updated asset objects reloaded before import = 0Number of asset objects unloaded after import = 3

========================================================================
Received Import Request.
  Time since last request: 0.000024 seconds.
  path: Assets/Art/Assets/isometric-miniature-dungeon/Angle/stoneColumnWood_N.png
  artifactKey: Guid(2dec8f11675260c4e9d492a1f7e4614c) Importer(815301076,1909f56bfc062723c751e8b465ee728b)
Start importing Assets/Art/Assets/isometric-miniature-dungeon/Angle/stoneColumnWood_N.png using Guid(2dec8f11675260c4e9d492a1f7e4614c) Importer(815301076,1909f56bfc062723c751e8b465ee728b) (PreviewImporter) -> (artifact id: '2b83f27fb803113bd3aee3271daaa085') in 0.0362139 seconds
Number of updated asset objects reloaded before import = 0Number of asset objects unloaded after import = 3

========================================================================
Received Import Request.
  Time since last request: 0.000015 seconds.
  path: Assets/Art/Assets/isometric-miniature-dungeon/Angle/stoneLeft_N.png
  artifactKey: Guid(ea2cdb9091d0e32479472d71161b7278) Importer(815301076,1909f56bfc062723c751e8b465ee728b)
Start importing Assets/Art/Assets/isometric-miniature-dungeon/Angle/stoneLeft_N.png using Guid(ea2cdb9091d0e32479472d71161b7278) Importer(815301076,1909f56bfc062723c751e8b465ee728b) (PreviewImporter) -> (artifact id: '2488b1eb94031da52484631826386fd4') in 0.0420562 seconds
Number of updated asset objects reloaded before import = 0Number of asset objects unloaded after import = 3

========================================================================
Received Import Request.
  Time since last request: 0.000020 seconds.
  path: Assets/Art/Assets/isometric-miniature-dungeon/Angle/stoneWallBrokenLeft_W.png
  artifactKey: Guid(26ef06e54cddcf440a8774642911afac) Importer(815301076,1909f56bfc062723c751e8b465ee728b)
Start importing Assets/Art/Assets/isometric-miniature-dungeon/Angle/stoneWallBrokenLeft_W.png using Guid(26ef06e54cddcf440a8774642911afac) Importer(815301076,1909f56bfc062723c751e8b465ee728b) (PreviewImporter) -> (artifact id: 'ac691c16d4af7e40fddef7d92ea46712') in 0.0417234 seconds
Number of updated asset objects reloaded before import = 0Number of asset objects unloaded after import = 3

========================================================================
Received Import Request.
  Time since last request: 0.000018 seconds.
  path: Assets/Art/Assets/isometric-miniature-dungeon/Angle/stoneWallRoundWindow_N.png
  artifactKey: Guid(f3859fa9b6ac2e14dad1281262d7913a) Importer(815301076,1909f56bfc062723c751e8b465ee728b)
Start importing Assets/Art/Assets/isometric-miniature-dungeon/Angle/stoneWallRoundWindow_N.png using Guid(f3859fa9b6ac2e14dad1281262d7913a) Importer(815301076,1909f56bfc062723c751e8b465ee728b) (PreviewImporter) -> (artifact id: '11f024dd9d7d54744f82e5b2c73b3280') in 0.0420555 seconds
Number of updated asset objects reloaded before import = 0Number of asset objects unloaded after import = 3

========================================================================
Received Import Request.
  Time since last request: 0.000023 seconds.
  path: Assets/Art/Assets/isometric-miniature-dungeon/Angle/stoneWallStructure_S.png
  artifactKey: Guid(fc4426f533f54994897d8dc931333afa) Importer(815301076,1909f56bfc062723c751e8b465ee728b)
Start importing Assets/Art/Assets/isometric-miniature-dungeon/Angle/stoneWallStructure_S.png using Guid(fc4426f533f54994897d8dc931333afa) Importer(815301076,1909f56bfc062723c751e8b465ee728b) (PreviewImporter) -> (artifact id: '64f11a9b1e1baa47ca7cc45a8e1acd2f') in 0.045211 seconds
Number of updated asset objects reloaded before import = 0Number of asset objects unloaded after import = 3

========================================================================
Received Import Request.
  Time since last request: 0.000019 seconds.
  path: Assets/Art/Assets/isometric-miniature-dungeon/Angle/woodenCrate_E.png
  artifactKey: Guid(fb0c094bb0daf5f4294c7adc606805cf) Importer(815301076,1909f56bfc062723c751e8b465ee728b)
Start importing Assets/Art/Assets/isometric-miniature-dungeon/Angle/woodenCrate_E.png using Guid(fb0c094bb0daf5f4294c7adc606805cf) Importer(815301076,1909f56bfc062723c751e8b465ee728b) (PreviewImporter) -> (artifact id: 'a5dc1c8903666c19261622909f757180') in 0.0361172 seconds
Number of updated asset objects reloaded before import = 0Number of asset objects unloaded after import = 3

========================================================================
Received Import Request.
  Time since last request: 0.000015 seconds.
  path: Assets/Art/Assets/isometric-miniature-dungeon/Angle/tableChairsBroken_W.png
  artifactKey: Guid(e788a6c4e9003604a9b46f5c93c56747) Importer(815301076,1909f56bfc062723c751e8b465ee728b)
Start importing Assets/Art/Assets/isometric-miniature-dungeon/Angle/tableChairsBroken_W.png using Guid(e788a6c4e9003604a9b46f5c93c56747) Importer(815301076,1909f56bfc062723c751e8b465ee728b) (PreviewImporter) -> (artifact id: '1e8cf51dab714607da00fbf0b98da1f2') in 0.0397647 seconds
Number of updated asset objects reloaded before import = 0Number of asset objects unloaded after import = 3

========================================================================
Received Import Request.
  Time since last request: 0.000021 seconds.
  path: Assets/Art/Assets/isometric-miniature-dungeon/Angle/stoneWallGateClosed_E.png
  artifactKey: Guid(f6dee281298808d459a33c301df013bc) Importer(815301076,1909f56bfc062723c751e8b465ee728b)
Start importing Assets/Art/Assets/isometric-miniature-dungeon/Angle/stoneWallGateClosed_E.png using Guid(f6dee281298808d459a33c301df013bc) Importer(815301076,1909f56bfc062723c751e8b465ee728b) (PreviewImporter) -> (artifact id: '7cd6718832cc1ee488e6b6cd04f82daf') in 0.0397152 seconds
Number of updated asset objects reloaded before import = 0Number of asset objects unloaded after import = 3

========================================================================
Received Import Request.
  Time since last request: 0.000061 seconds.
  path: Assets/Art/Assets/isometric-miniature-dungeon/Angle/tableRoundItemsChairs_N.png
  artifactKey: Guid(7a600c469c8001e4db866a90dc00e521) Importer(815301076,1909f56bfc062723c751e8b465ee728b)
Start importing Assets/Art/Assets/isometric-miniature-dungeon/Angle/tableRoundItemsChairs_N.png using Guid(7a600c469c8001e4db866a90dc00e521) Importer(815301076,1909f56bfc062723c751e8b465ee728b) (PreviewImporter) -> (artifact id: 'e6ceeb099498dd39f20fa8c8a3dd1bdf') in 0.0424309 seconds
Number of updated asset objects reloaded before import = 0Number of asset objects unloaded after import = 3

========================================================================
Received Import Request.
  Time since last request: 0.000015 seconds.
  path: Assets/Art/Assets/isometric-miniature-dungeon/Angle/stoneTile_W.png
  artifactKey: Guid(b55af834f0300b64797ba3ebe612b3bf) Importer(815301076,1909f56bfc062723c751e8b465ee728b)
Start importing Assets/Art/Assets/isometric-miniature-dungeon/Angle/stoneTile_W.png using Guid(b55af834f0300b64797ba3ebe612b3bf) Importer(815301076,1909f56bfc062723c751e8b465ee728b) (PreviewImporter) -> (artifact id: '97ec3fdb920f415133bc5c7fb577fdd4') in 0.0418909 seconds
Number of updated asset objects reloaded before import = 0Number of asset objects unloaded after import = 3

========================================================================
Received Import Request.
  Time since last request: 0.000019 seconds.
  path: Assets/Art/Assets/isometric-miniature-dungeon/Angle/stoneWallGate_E.png
  artifactKey: Guid(4d97fbf0a281e3841af48cb0c6e5008f) Importer(815301076,1909f56bfc062723c751e8b465ee728b)
Start importing Assets/Art/Assets/isometric-miniature-dungeon/Angle/stoneWallGate_E.png using Guid(4d97fbf0a281e3841af48cb0c6e5008f) Importer(815301076,1909f56bfc062723c751e8b465ee728b) (PreviewImporter) -> (artifact id: 'e05bf51c5d8536ff4b2b752b54a8395f') in 0.0429702 seconds
Number of updated asset objects reloaded before import = 0Number of asset objects unloaded after import = 3

========================================================================
Received Import Request.
  Time since last request: 0.000023 seconds.
  path: Assets/Art/Assets/isometric-miniature-dungeon/Angle/stoneWallColumnIn_W.png
  artifactKey: Guid(744a83342bf49b444bd2cea9206f664b) Importer(815301076,1909f56bfc062723c751e8b465ee728b)
Start importing Assets/Art/Assets/isometric-miniature-dungeon/Angle/stoneWallColumnIn_W.png using Guid(744a83342bf49b444bd2cea9206f664b) Importer(815301076,1909f56bfc062723c751e8b465ee728b) (PreviewImporter) -> (artifact id: 'bfde29cde19782fa1fb23fc9e48b2e39') in 0.041418 seconds
Number of updated asset objects reloaded before import = 0Number of asset objects unloaded after import = 3

========================================================================
Received Import Request.
  Time since last request: 0.000027 seconds.
  path: Assets/Art/Assets/isometric-miniature-dungeon/Angle/stairsAged_S.png
  artifactKey: Guid(417595048e94a8e439a03dac783707eb) Importer(815301076,1909f56bfc062723c751e8b465ee728b)
Start importing Assets/Art/Assets/isometric-miniature-dungeon/Angle/stairsAged_S.png using Guid(417595048e94a8e439a03dac783707eb) Importer(815301076,1909f56bfc062723c751e8b465ee728b) (PreviewImporter) -> (artifact id: '6f2328b0131b5ceaec74a09015482ab3') in 0.0424953 seconds
Number of updated asset objects reloaded before import = 0Number of asset objects unloaded after import = 3

========================================================================
Received Import Request.
  Time since last request: 0.000025 seconds.
  path: Assets/Art/Assets/isometric-miniature-dungeon/Angle/woodenSupports_E.png
  artifactKey: Guid(ba735fff6fbd3f74e804f42029bc5d45) Importer(815301076,1909f56bfc062723c751e8b465ee728b)
Start importing Assets/Art/Assets/isometric-miniature-dungeon/Angle/woodenSupports_E.png using Guid(ba735fff6fbd3f74e804f42029bc5d45) Importer(815301076,1909f56bfc062723c751e8b465ee728b) (PreviewImporter) -> (artifact id: 'd477613c59771934c5ca7a0e78700ede') in 0.0358488 seconds
Number of updated asset objects reloaded before import = 0Number of asset objects unloaded after import = 3

========================================================================
Received Import Request.
  Time since last request: 0.000080 seconds.
  path: Assets/Art/Assets/isometric-miniature-dungeon/Angle/stoneWallDoor_E.png
  artifactKey: Guid(8902c332559deee4cbde02e187291c1b) Importer(815301076,1909f56bfc062723c751e8b465ee728b)
Start importing Assets/Art/Assets/isometric-miniature-dungeon/Angle/stoneWallDoor_E.png using Guid(8902c332559deee4cbde02e187291c1b) Importer(815301076,1909f56bfc062723c751e8b465ee728b) (PreviewImporter) -> (artifact id: 'a97412edca65475e11de86a1b6415931') in 0.0358954 seconds
Number of updated asset objects reloaded before import = 0Number of asset objects unloaded after import = 3

========================================================================
Received Import Request.
  Time since last request: 0.000023 seconds.
  path: Assets/Art/Assets/isometric-miniature-dungeon/Angle/tableChairsBroken_N.png
  artifactKey: Guid(0ba24372a043a2242af458cb637fbcd3) Importer(815301076,1909f56bfc062723c751e8b465ee728b)
Start importing Assets/Art/Assets/isometric-miniature-dungeon/Angle/tableChairsBroken_N.png using Guid(0ba24372a043a2242af458cb637fbcd3) Importer(815301076,1909f56bfc062723c751e8b465ee728b) (PreviewImporter) -> (artifact id: 'b412e60cdef84699f06fdfeab19afc8b') in 0.0358674 seconds
Number of updated asset objects reloaded before import = 0Number of asset objects unloaded after import = 3

========================================================================
Received Import Request.
  Time since last request: 0.000024 seconds.
  path: Assets/Art/Assets/isometric-miniature-dungeon/Angle/stoneWallGateClosed_S.png
  artifactKey: Guid(dadb4b3b74474f544a55bc94d02043e9) Importer(815301076,1909f56bfc062723c751e8b465ee728b)
Start importing Assets/Art/Assets/isometric-miniature-dungeon/Angle/stoneWallGateClosed_S.png using Guid(dadb4b3b74474f544a55bc94d02043e9) Importer(815301076,1909f56bfc062723c751e8b465ee728b) (PreviewImporter) -> (artifact id: 'af1f18db363de82fefc3558880019e49') in 0.0384296 seconds
Number of updated asset objects reloaded before import = 0Number of asset objects unloaded after import = 3

========================================================================
Received Import Request.
  Time since last request: 0.000017 seconds.
  path: Assets/Art/Assets/isometric-miniature-dungeon/Angle/woodenSupports_N.png
  artifactKey: Guid(0efbb5d318a3ca846a0e2aa3e98523bc) Importer(815301076,1909f56bfc062723c751e8b465ee728b)
Start importing Assets/Art/Assets/isometric-miniature-dungeon/Angle/woodenSupports_N.png using Guid(0efbb5d318a3ca846a0e2aa3e98523bc) Importer(815301076,1909f56bfc062723c751e8b465ee728b) (PreviewImporter) -> (artifact id: 'd308ef164466edb51a5a7d01eb31b2b8') in 0.0377622 seconds
Number of updated asset objects reloaded before import = 0Number of asset objects unloaded after import = 3

========================================================================
Received Import Request.
  Time since last request: 0.000016 seconds.
  path: Assets/Art/Assets/isometric-miniature-dungeon/Angle/planks_S.png
  artifactKey: Guid(211a2a20bcf2b5847af59b07ccbc1206) Importer(815301076,1909f56bfc062723c751e8b465ee728b)
Start importing Assets/Art/Assets/isometric-miniature-dungeon/Angle/planks_S.png using Guid(211a2a20bcf2b5847af59b07ccbc1206) Importer(815301076,1909f56bfc062723c751e8b465ee728b) (PreviewImporter) -> (artifact id: '4e47b6a7c670c737837d9c04cb4590c4') in 0.0499112 seconds
Number of updated asset objects reloaded before import = 0Number of asset objects unloaded after import = 3

========================================================================
Received Import Request.
  Time since last request: 0.000020 seconds.
  path: Assets/Art/Assets/isometric-miniature-dungeon/Angle/planks_E.png
  artifactKey: Guid(bb490488aee6a8248ba443bc8a66667c) Importer(815301076,1909f56bfc062723c751e8b465ee728b)
Start importing Assets/Art/Assets/isometric-miniature-dungeon/Angle/planks_E.png using Guid(bb490488aee6a8248ba443bc8a66667c) Importer(815301076,1909f56bfc062723c751e8b465ee728b) (PreviewImporter) -> (artifact id: 'faf62182e8be26a9dc479b8605858f66') in 0.0407387 seconds
Number of updated asset objects reloaded before import = 0Number of asset objects unloaded after import = 3

========================================================================
Received Import Request.
  Time since last request: 0.000029 seconds.
  path: Assets/Art/Assets/isometric-miniature-dungeon/Angle/planksHole_S.png
  artifactKey: Guid(7d2e7a8664a5cdb4a85e6b12e0781c12) Importer(815301076,1909f56bfc062723c751e8b465ee728b)
Start importing Assets/Art/Assets/isometric-miniature-dungeon/Angle/planksHole_S.png using Guid(7d2e7a8664a5cdb4a85e6b12e0781c12) Importer(815301076,1909f56bfc062723c751e8b465ee728b) (PreviewImporter) -> (artifact id: '69fcd067eb2aafebc6efc83105dddec6') in 0.0328049 seconds
Number of updated asset objects reloaded before import = 0Number of asset objects unloaded after import = 3

========================================================================
Received Import Request.
  Time since last request: 0.000019 seconds.
  path: Assets/Art/Assets/isometric-miniature-dungeon/Angle/stoneSideUneven_S.png
  artifactKey: Guid(98efe5789b44b8f489bac33883e58538) Importer(815301076,1909f56bfc062723c751e8b465ee728b)
Start importing Assets/Art/Assets/isometric-miniature-dungeon/Angle/stoneSideUneven_S.png using Guid(98efe5789b44b8f489bac33883e58538) Importer(815301076,1909f56bfc062723c751e8b465ee728b) (PreviewImporter) -> (artifact id: 'e0d2b806a1422e5ebb37ba0ddde68d08') in 0.0329308 seconds
Number of updated asset objects reloaded before import = 0Number of asset objects unloaded after import = 3

========================================================================
Received Import Request.
  Time since last request: 0.000018 seconds.
  path: Assets/Art/Assets/isometric-miniature-dungeon/Angle/stoneSteps_N.png
  artifactKey: Guid(6c348ca05e1cee5469202f8b225bde7c) Importer(815301076,1909f56bfc062723c751e8b465ee728b)
Start importing Assets/Art/Assets/isometric-miniature-dungeon/Angle/stoneSteps_N.png using Guid(6c348ca05e1cee5469202f8b225bde7c) Importer(815301076,1909f56bfc062723c751e8b465ee728b) (PreviewImporter) -> (artifact id: '0e1fa7dd336db3b38789398830cfb80d') in 0.035222 seconds
Number of updated asset objects reloaded before import = 0Number of asset objects unloaded after import = 3

========================================================================
Received Import Request.
  Time since last request: 0.000019 seconds.
  path: Assets/Art/Assets/isometric-miniature-dungeon/Angle/stoneStep_E.png
  artifactKey: Guid(9833eaae2d2a54d4494405b870704b69) Importer(815301076,1909f56bfc062723c751e8b465ee728b)
Start importing Assets/Art/Assets/isometric-miniature-dungeon/Angle/stoneStep_E.png using Guid(9833eaae2d2a54d4494405b870704b69) Importer(815301076,1909f56bfc062723c751e8b465ee728b) (PreviewImporter) -> (artifact id: 'e04988c80f69733d0aafc62d44af268b') in 0.0541031 seconds
Number of updated asset objects reloaded before import = 0Number of asset objects unloaded after import = 3

========================================================================
Received Import Request.
  Time since last request: 0.000025 seconds.
  path: Assets/Art/Assets/isometric-miniature-dungeon/Angle/stoneWallGateBars_N.png
  artifactKey: Guid(cd40535fa5668ac4e8fdf24c9f9a3253) Importer(815301076,1909f56bfc062723c751e8b465ee728b)
Start importing Assets/Art/Assets/isometric-miniature-dungeon/Angle/stoneWallGateBars_N.png using Guid(cd40535fa5668ac4e8fdf24c9f9a3253) Importer(815301076,1909f56bfc062723c751e8b465ee728b) (PreviewImporter) -> (artifact id: '20c5702e77f184a7e0535bf37b3e24f5') in 0.0482212 seconds
Number of updated asset objects reloaded before import = 0Number of asset objects unloaded after import = 3

========================================================================
Received Import Request.
  Time since last request: 0.000015 seconds.
  path: Assets/Art/Assets/isometric-miniature-dungeon/Angle/stairsCorner_W.png
  artifactKey: Guid(d5d500ed279789342b8770d0b8252774) Importer(815301076,1909f56bfc062723c751e8b465ee728b)
Start importing Assets/Art/Assets/isometric-miniature-dungeon/Angle/stairsCorner_W.png using Guid(d5d500ed279789342b8770d0b8252774) Importer(815301076,1909f56bfc062723c751e8b465ee728b) (PreviewImporter) -> (artifact id: '1d2a450296e89b1871ecd0631d50e11a') in 0.0467721 seconds
Number of updated asset objects reloaded before import = 0Number of asset objects unloaded after import = 3

========================================================================
Received Import Request.
  Time since last request: 0.000016 seconds.
  path: Assets/Art/Assets/isometric-miniature-dungeon/Angle/stoneWallStructure_N.png
  artifactKey: Guid(6c7d0ff32d630f94a97f123c03925f93) Importer(815301076,1909f56bfc062723c751e8b465ee728b)
Start importing Assets/Art/Assets/isometric-miniature-dungeon/Angle/stoneWallStructure_N.png using Guid(6c7d0ff32d630f94a97f123c03925f93) Importer(815301076,1909f56bfc062723c751e8b465ee728b) (PreviewImporter) -> (artifact id: '281a5ee4f8f737053b907ed72ee0b1bf') in 0.0407817 seconds
Number of updated asset objects reloaded before import = 0Number of asset objects unloaded after import = 3

========================================================================
Received Import Request.
  Time since last request: 0.000022 seconds.
  path: Assets/Art/Assets/isometric-miniature-dungeon/Angle/stoneSideUneven_E.png
  artifactKey: Guid(4241fcfd30ca4ee498beb6a0a4dd5740) Importer(815301076,1909f56bfc062723c751e8b465ee728b)
Start importing Assets/Art/Assets/isometric-miniature-dungeon/Angle/stoneSideUneven_E.png using Guid(4241fcfd30ca4ee498beb6a0a4dd5740) Importer(815301076,1909f56bfc062723c751e8b465ee728b) (PreviewImporter) -> (artifact id: '7979649c10739fd5171d63b41794737b') in 0.0313822 seconds
Number of updated asset objects reloaded before import = 0Number of asset objects unloaded after import = 3

========================================================================
Received Import Request.
  Time since last request: 0.000029 seconds.
  path: Assets/Art/Assets/isometric-miniature-dungeon/Angle/stoneWallAgedLeft_E.png
  artifactKey: Guid(58c74200a63003a4b85a94cb09bb6e6f) Importer(815301076,1909f56bfc062723c751e8b465ee728b)
Start importing Assets/Art/Assets/isometric-miniature-dungeon/Angle/stoneWallAgedLeft_E.png using Guid(58c74200a63003a4b85a94cb09bb6e6f) Importer(815301076,1909f56bfc062723c751e8b465ee728b) (PreviewImporter) -> (artifact id: 'b0965599a4aaaafe2d02d84487325026') in 0.0333966 seconds
Number of updated asset objects reloaded before import = 0Number of asset objects unloaded after import = 3

========================================================================
Received Import Request.
  Time since last request: 0.000022 seconds.
  path: Assets/Art/Assets/isometric-miniature-dungeon/Angle/stoneRight_W.png
  artifactKey: Guid(4cf292ef951c3c744ac43a6f66c05933) Importer(815301076,1909f56bfc062723c751e8b465ee728b)
Start importing Assets/Art/Assets/isometric-miniature-dungeon/Angle/stoneRight_W.png using Guid(4cf292ef951c3c744ac43a6f66c05933) Importer(815301076,1909f56bfc062723c751e8b465ee728b) (PreviewImporter) -> (artifact id: '0729df2e3e622447463e171155755938') in 0.0342703 seconds
Number of updated asset objects reloaded before import = 0Number of asset objects unloaded after import = 3

========================================================================
Received Import Request.
  Time since last request: 0.000020 seconds.
  path: Assets/Art/Assets/isometric-miniature-dungeon/Angle/stoneWallGateBars_W.png
  artifactKey: Guid(e5609f43f3222284dafe03123a20f1b5) Importer(815301076,1909f56bfc062723c751e8b465ee728b)
Start importing Assets/Art/Assets/isometric-miniature-dungeon/Angle/stoneWallGateBars_W.png using Guid(e5609f43f3222284dafe03123a20f1b5) Importer(815301076,1909f56bfc062723c751e8b465ee728b) (PreviewImporter) -> (artifact id: '7eb1a6dc563e30003b716a1c0d317f72') in 0.0357626 seconds
Number of updated asset objects reloaded before import = 0Number of asset objects unloaded after import = 3

========================================================================
Received Import Request.
  Time since last request: 0.000020 seconds.
  path: Assets/Art/Assets/isometric-miniature-dungeon/Angle/stoneSideUneven_N.png
  artifactKey: Guid(94a9e4a0a5f90944395d887103a22f26) Importer(815301076,1909f56bfc062723c751e8b465ee728b)
Start importing Assets/Art/Assets/isometric-miniature-dungeon/Angle/stoneSideUneven_N.png using Guid(94a9e4a0a5f90944395d887103a22f26) Importer(815301076,1909f56bfc062723c751e8b465ee728b) (PreviewImporter) -> (artifact id: '1146d9b778d08ffeb204f5779a03d575') in 0.0321959 seconds
Number of updated asset objects reloaded before import = 0Number of asset objects unloaded after import = 3

========================================================================
Received Import Request.
  Time since last request: 0.000027 seconds.
  path: Assets/Art/Assets/isometric-miniature-dungeon/Angle/stoneWallColumnIn_N.png
  artifactKey: Guid(18c55f4d83b87e041b8c74f11d1b8759) Importer(815301076,1909f56bfc062723c751e8b465ee728b)
Start importing Assets/Art/Assets/isometric-miniature-dungeon/Angle/stoneWallColumnIn_N.png using Guid(18c55f4d83b87e041b8c74f11d1b8759) Importer(815301076,1909f56bfc062723c751e8b465ee728b) (PreviewImporter) -> (artifact id: '5a5e61843e1d7a6c29059319d0dbc4ed') in 0.0363937 seconds
Number of updated asset objects reloaded before import = 0Number of asset objects unloaded after import = 3

========================================================================
Received Import Request.
  Time since last request: 0.000015 seconds.
  path: Assets/Art/Assets/isometric-miniature-dungeon/Angle/stoneWallAged_N.png
  artifactKey: Guid(e9e4b3359f4e29e44b3c9f9abce1a9ae) Importer(815301076,1909f56bfc062723c751e8b465ee728b)
Start importing Assets/Art/Assets/isometric-miniature-dungeon/Angle/stoneWallAged_N.png using Guid(e9e4b3359f4e29e44b3c9f9abce1a9ae) Importer(815301076,1909f56bfc062723c751e8b465ee728b) (PreviewImporter) -> (artifact id: '4834ef3900b62e011142565298008625') in 0.0355587 seconds
Number of updated asset objects reloaded before import = 0Number of asset objects unloaded after import = 3

========================================================================
Received Import Request.
  Time since last request: 0.000020 seconds.
  path: Assets/Art/Assets/isometric-miniature-dungeon/Angle/stoneWallRound_W.png
  artifactKey: Guid(d8ebca538a555fa47aed20a48db03713) Importer(815301076,1909f56bfc062723c751e8b465ee728b)
Start importing Assets/Art/Assets/isometric-miniature-dungeon/Angle/stoneWallRound_W.png using Guid(d8ebca538a555fa47aed20a48db03713) Importer(815301076,1909f56bfc062723c751e8b465ee728b) (PreviewImporter) -> (artifact id: '08b08005af009b3021189b2dc9a4891c') in 0.0335981 seconds
Number of updated asset objects reloaded before import = 0Number of asset objects unloaded after import = 3

========================================================================
Received Import Request.
  Time since last request: 0.000018 seconds.
  path: Assets/Art/Assets/isometric-miniature-dungeon/Angle/stoneWallDoorOpen_N.png
  artifactKey: Guid(eff9e16c5f2977e40bf0276c79c4f6a6) Importer(815301076,1909f56bfc062723c751e8b465ee728b)
Start importing Assets/Art/Assets/isometric-miniature-dungeon/Angle/stoneWallDoorOpen_N.png using Guid(eff9e16c5f2977e40bf0276c79c4f6a6) Importer(815301076,1909f56bfc062723c751e8b465ee728b) (PreviewImporter) -> (artifact id: 'a438791ddd17e81397bc8eeb250f5bee') in 0.0333014 seconds
Number of updated asset objects reloaded before import = 0Number of asset objects unloaded after import = 3

========================================================================
Received Import Request.
  Time since last request: 0.000028 seconds.
  path: Assets/Art/Assets/isometric-miniature-dungeon/Angle/stoneWallBroken_W.png
  artifactKey: Guid(dc17966c8bd805d44b66ae3b14c98ec3) Importer(815301076,1909f56bfc062723c751e8b465ee728b)
Start importing Assets/Art/Assets/isometric-miniature-dungeon/Angle/stoneWallBroken_W.png using Guid(dc17966c8bd805d44b66ae3b14c98ec3) Importer(815301076,1909f56bfc062723c751e8b465ee728b) (PreviewImporter) -> (artifact id: '389632c9f938cdbe9f61444c83571df1') in 0.0344926 seconds
Number of updated asset objects reloaded before import = 0Number of asset objects unloaded after import = 3

========================================================================
Received Import Request.
  Time since last request: 0.000016 seconds.
  path: Assets/Art/Assets/isometric-miniature-dungeon/Angle/stoneRight_S.png
  artifactKey: Guid(abbccfbeeb1ad4847ad394180a75fe39) Importer(815301076,1909f56bfc062723c751e8b465ee728b)
Start importing Assets/Art/Assets/isometric-miniature-dungeon/Angle/stoneRight_S.png using Guid(abbccfbeeb1ad4847ad394180a75fe39) Importer(815301076,1909f56bfc062723c751e8b465ee728b) (PreviewImporter) -> (artifact id: 'bb25590d469599d7bc8910cdf29de841') in 0.0376882 seconds
Number of updated asset objects reloaded before import = 0Number of asset objects unloaded after import = 3

========================================================================
Received Import Request.
  Time since last request: 0.000018 seconds.
  path: Assets/Art/Assets/isometric-miniature-dungeon/Angle/stoneWallColumn_W.png
  artifactKey: Guid(73db15acc4951ea498501872c5cd0001) Importer(815301076,1909f56bfc062723c751e8b465ee728b)
Start importing Assets/Art/Assets/isometric-miniature-dungeon/Angle/stoneWallColumn_W.png using Guid(73db15acc4951ea498501872c5cd0001) Importer(815301076,1909f56bfc062723c751e8b465ee728b) (PreviewImporter) -> (artifact id: '8ae3a7c89f3d3ee8e361fbacdbc20689') in 0.0292639 seconds
Number of updated asset objects reloaded before import = 0Number of asset objects unloaded after import = 3

========================================================================
Received Import Request.
  Time since last request: 0.000018 seconds.
  path: Assets/Art/Assets/isometric-miniature-dungeon/Angle/stoneWallDoorBars_S.png
  artifactKey: Guid(99aa460cc38782549ae0487d3767c8fb) Importer(815301076,1909f56bfc062723c751e8b465ee728b)
Start importing Assets/Art/Assets/isometric-miniature-dungeon/Angle/stoneWallDoorBars_S.png using Guid(99aa460cc38782549ae0487d3767c8fb) Importer(815301076,1909f56bfc062723c751e8b465ee728b) (PreviewImporter) -> (artifact id: '6959df204c82b9ab341ebfdc0d531267') in 0.0358028 seconds
Number of updated asset objects reloaded before import = 0Number of asset objects unloaded after import = 3

========================================================================
Received Import Request.
  Time since last request: 0.000028 seconds.
  path: Assets/Art/Assets/isometric-miniature-dungeon/Angle/stoneWallDoorOpen_E.png
  artifactKey: Guid(0198a8e8ef67072438a1814c1c090140) Importer(815301076,1909f56bfc062723c751e8b465ee728b)
Start importing Assets/Art/Assets/isometric-miniature-dungeon/Angle/stoneWallDoorOpen_E.png using Guid(0198a8e8ef67072438a1814c1c090140) Importer(815301076,1909f56bfc062723c751e8b465ee728b) (PreviewImporter) -> (artifact id: '4da6fe725015f55f268d61d7cb675799') in 0.0255545 seconds
Number of updated asset objects reloaded before import = 0Number of asset objects unloaded after import = 3

========================================================================
Received Import Request.
  Time since last request: 0.000017 seconds.
  path: Assets/Art/Assets/isometric-miniature-dungeon/Angle/stoneWallRoundBroken_W.png
  artifactKey: Guid(142bd815dec8e934498b2e4318aa5ce9) Importer(815301076,1909f56bfc062723c751e8b465ee728b)
Start importing Assets/Art/Assets/isometric-miniature-dungeon/Angle/stoneWallRoundBroken_W.png using Guid(142bd815dec8e934498b2e4318aa5ce9) Importer(815301076,1909f56bfc062723c751e8b465ee728b) (PreviewImporter) -> (artifact id: '39613ea557dbf3776126647ba580cc78') in 0.0349847 seconds
Number of updated asset objects reloaded before import = 0Number of asset objects unloaded after import = 3

========================================================================
Received Import Request.
  Time since last request: 0.000017 seconds.
  path: Assets/Art/Assets/isometric-miniature-dungeon/Angle/woodenSupportBeams_S.png
  artifactKey: Guid(a335b27921885854a85a9681cf7b3d8f) Importer(815301076,1909f56bfc062723c751e8b465ee728b)
Start importing Assets/Art/Assets/isometric-miniature-dungeon/Angle/woodenSupportBeams_S.png using Guid(a335b27921885854a85a9681cf7b3d8f) Importer(815301076,1909f56bfc062723c751e8b465ee728b) (PreviewImporter) -> (artifact id: '0c0ed8915f32b9410e04c27173a7cea7') in 0.0502068 seconds
Number of updated asset objects reloaded before import = 0Number of asset objects unloaded after import = 3

========================================================================
Received Import Request.
  Time since last request: 0.000068 seconds.
  path: Assets/Art/Assets/isometric-miniature-dungeon/Angle/stoneUneven_N.png
  artifactKey: Guid(759b5388afc64d1469b78ed7f91596b4) Importer(815301076,1909f56bfc062723c751e8b465ee728b)
Start importing Assets/Art/Assets/isometric-miniature-dungeon/Angle/stoneUneven_N.png using Guid(759b5388afc64d1469b78ed7f91596b4) Importer(815301076,1909f56bfc062723c751e8b465ee728b) (PreviewImporter) -> (artifact id: '037d8902eecf3e4e62f72dae2c6fada4') in 0.0395123 seconds
Number of updated asset objects reloaded before import = 0Number of asset objects unloaded after import = 3

========================================================================
Received Import Request.
  Time since last request: 0.000028 seconds.
  path: Assets/Art/Assets/isometric-miniature-dungeon/Angle/stoneColumnWood_S.png
  artifactKey: Guid(8370e673d63ac3c4b8a736fd63fb108a) Importer(815301076,1909f56bfc062723c751e8b465ee728b)
Start importing Assets/Art/Assets/isometric-miniature-dungeon/Angle/stoneColumnWood_S.png using Guid(8370e673d63ac3c4b8a736fd63fb108a) Importer(815301076,1909f56bfc062723c751e8b465ee728b) (PreviewImporter) -> (artifact id: '8e8d399ce2c4ed5bb5d73e33ffd19820') in 0.0425712 seconds
Number of updated asset objects reloaded before import = 0Number of asset objects unloaded after import = 3

========================================================================
Received Import Request.
  Time since last request: 0.000019 seconds.
  path: Assets/Art/Assets/isometric-miniature-dungeon/Angle/woodenSupportsBlock_E.png
  artifactKey: Guid(0725da3a815cb9948ae1d4d993225635) Importer(815301076,1909f56bfc062723c751e8b465ee728b)
Start importing Assets/Art/Assets/isometric-miniature-dungeon/Angle/woodenSupportsBlock_E.png using Guid(0725da3a815cb9948ae1d4d993225635) Importer(815301076,1909f56bfc062723c751e8b465ee728b) (PreviewImporter) -> (artifact id: '3ba80a841f3902ceb18f620e4c8e412c') in 0.0423252 seconds
Number of updated asset objects reloaded before import = 0Number of asset objects unloaded after import = 3

========================================================================
Received Import Request.
  Time since last request: 0.000015 seconds.
  path: Assets/Art/Assets/isometric-miniature-dungeon/Angle/stoneWallDoor_S.png
  artifactKey: Guid(78ae81f58cf01fb4fa3dd2bfa94f8036) Importer(815301076,1909f56bfc062723c751e8b465ee728b)
Start importing Assets/Art/Assets/isometric-miniature-dungeon/Angle/stoneWallDoor_S.png using Guid(78ae81f58cf01fb4fa3dd2bfa94f8036) Importer(815301076,1909f56bfc062723c751e8b465ee728b) (PreviewImporter) -> (artifact id: 'e8bbb73cad84b07d4dc76792295079dc') in 0.0350246 seconds
Number of updated asset objects reloaded before import = 0Number of asset objects unloaded after import = 3

========================================================================
Received Import Request.
  Time since last request: 0.000021 seconds.
  path: Assets/Art/Assets/isometric-miniature-dungeon/Angle/stoneWallGate_S.png
  artifactKey: Guid(8d4cd96697bf5304194e8ee926371e6f) Importer(815301076,1909f56bfc062723c751e8b465ee728b)
Start importing Assets/Art/Assets/isometric-miniature-dungeon/Angle/stoneWallGate_S.png using Guid(8d4cd96697bf5304194e8ee926371e6f) Importer(815301076,1909f56bfc062723c751e8b465ee728b) (PreviewImporter) -> (artifact id: '0f35923d865f8d83a73a3290798f15c8') in 0.0380731 seconds
Number of updated asset objects reloaded before import = 0Number of asset objects unloaded after import = 3

========================================================================
Received Import Request.
  Time since last request: 0.000031 seconds.
  path: Assets/Art/Assets/isometric-miniature-dungeon/Angle/stairs_E.png
  artifactKey: Guid(c18005c6d8f6e0241ba9a8cb9e0fd296) Importer(815301076,1909f56bfc062723c751e8b465ee728b)
Start importing Assets/Art/Assets/isometric-miniature-dungeon/Angle/stairs_E.png using Guid(c18005c6d8f6e0241ba9a8cb9e0fd296) Importer(815301076,1909f56bfc062723c751e8b465ee728b) (PreviewImporter) -> (artifact id: '4655890ae3c160eb3328e71024762bda') in 0.0451791 seconds
Number of updated asset objects reloaded before import = 0Number of asset objects unloaded after import = 3

========================================================================
Received Import Request.
  Time since last request: 0.000017 seconds.
  path: Assets/Art/Assets/isometric-miniature-dungeon/Angle/stoneStep_S.png
  artifactKey: Guid(98eeac727c6d5e1429c97a1dae68cda4) Importer(815301076,1909f56bfc062723c751e8b465ee728b)
Start importing Assets/Art/Assets/isometric-miniature-dungeon/Angle/stoneStep_S.png using Guid(98eeac727c6d5e1429c97a1dae68cda4) Importer(815301076,1909f56bfc062723c751e8b465ee728b) (PreviewImporter) -> (artifact id: 'ec63924c9504c5da29f808f229a72e86') in 0.0404147 seconds
Number of updated asset objects reloaded before import = 0Number of asset objects unloaded after import = 3

========================================================================
Received Import Request.
  Time since last request: 0.000013 seconds.
  path: Assets/Art/Assets/isometric-miniature-dungeon/Angle/stoneWallWindow_W.png
  artifactKey: Guid(8a38d8ba5fd4e7a47b85f47d0bfdfb1e) Importer(815301076,1909f56bfc062723c751e8b465ee728b)
Start importing Assets/Art/Assets/isometric-miniature-dungeon/Angle/stoneWallWindow_W.png using Guid(8a38d8ba5fd4e7a47b85f47d0bfdfb1e) Importer(815301076,1909f56bfc062723c751e8b465ee728b) (PreviewImporter) -> (artifact id: '79cd38f3c888afe1039cb85f828793bf') in 0.0497592 seconds
Number of updated asset objects reloaded before import = 0Number of asset objects unloaded after import = 3

========================================================================
Received Import Request.
  Time since last request: 0.000025 seconds.
  path: Assets/Art/Assets/isometric-miniature-dungeon/Angle/woodenSupportsBlock_N.png
  artifactKey: Guid(17b9bb79f11c45444ae22a560960e1e1) Importer(815301076,1909f56bfc062723c751e8b465ee728b)
Start importing Assets/Art/Assets/isometric-miniature-dungeon/Angle/woodenSupportsBlock_N.png using Guid(17b9bb79f11c45444ae22a560960e1e1) Importer(815301076,1909f56bfc062723c751e8b465ee728b) (PreviewImporter) -> (artifact id: '982736ec798b0e49b73c9157cef8bd6a') in 0.0402734 seconds
Number of updated asset objects reloaded before import = 0Number of asset objects unloaded after import = 3

========================================================================
Received Import Request.
  Time since last request: 0.000026 seconds.
  path: Assets/Art/Assets/isometric-miniature-dungeon/Angle/tableShortChairs_S.png
  artifactKey: Guid(817daa3a1b63202488c6695d97c32ced) Importer(815301076,1909f56bfc062723c751e8b465ee728b)
Start importing Assets/Art/Assets/isometric-miniature-dungeon/Angle/tableShortChairs_S.png using Guid(817daa3a1b63202488c6695d97c32ced) Importer(815301076,1909f56bfc062723c751e8b465ee728b) (PreviewImporter) -> (artifact id: '4839ed987c76d17119c624ac3e296b52') in 0.0416368 seconds
Number of updated asset objects reloaded before import = 0Number of asset objects unloaded after import = 3

========================================================================
Received Import Request.
  Time since last request: 0.000015 seconds.
  path: Assets/Art/Assets/isometric-miniature-dungeon/Angle/stoneWallBrokenRight_W.png
  artifactKey: Guid(98a21e0227e04a34686c9f8ca654d265) Importer(815301076,1909f56bfc062723c751e8b465ee728b)
Start importing Assets/Art/Assets/isometric-miniature-dungeon/Angle/stoneWallBrokenRight_W.png using Guid(98a21e0227e04a34686c9f8ca654d265) Importer(815301076,1909f56bfc062723c751e8b465ee728b) (PreviewImporter) -> (artifact id: '8aa0e887912f3b6ec12f9168ade73681') in 0.0517183 seconds
Number of updated asset objects reloaded before import = 0Number of asset objects unloaded after import = 3

========================================================================
Received Import Request.
  Time since last request: 0.000051 seconds.
  path: Assets/Art/Assets/isometric-miniature-dungeon/Angle/stoneMissingTiles_E.png
  artifactKey: Guid(11a3836d99b9aa54482622dd0d1aa972) Importer(815301076,1909f56bfc062723c751e8b465ee728b)
Start importing Assets/Art/Assets/isometric-miniature-dungeon/Angle/stoneMissingTiles_E.png using Guid(11a3836d99b9aa54482622dd0d1aa972) Importer(815301076,1909f56bfc062723c751e8b465ee728b) (PreviewImporter) -> (artifact id: '0e608bc905054641bfed287986770a71') in 0.044806 seconds
Number of updated asset objects reloaded before import = 0Number of asset objects unloaded after import = 3

========================================================================
Received Import Request.
  Time since last request: 0.000018 seconds.
  path: Assets/Art/Assets/isometric-miniature-dungeon/Angle/stoneUneven_W.png
  artifactKey: Guid(c137ee06c61cfc54c99de5e0227949f2) Importer(815301076,1909f56bfc062723c751e8b465ee728b)
Start importing Assets/Art/Assets/isometric-miniature-dungeon/Angle/stoneUneven_W.png using Guid(c137ee06c61cfc54c99de5e0227949f2) Importer(815301076,1909f56bfc062723c751e8b465ee728b) (PreviewImporter) -> (artifact id: 'd16be2cb648cf166108ba2b68560905c') in 0.036682 seconds
Number of updated asset objects reloaded before import = 0Number of asset objects unloaded after import = 3

========================================================================
Received Import Request.
  Time since last request: 0.000023 seconds.
  path: Assets/Art/Assets/isometric-miniature-dungeon/Angle/stoneWallDoorOpen_S.png
  artifactKey: Guid(fa6a91f2651f8834c82be97b023f05d3) Importer(815301076,1909f56bfc062723c751e8b465ee728b)
Start importing Assets/Art/Assets/isometric-miniature-dungeon/Angle/stoneWallDoorOpen_S.png using Guid(fa6a91f2651f8834c82be97b023f05d3) Importer(815301076,1909f56bfc062723c751e8b465ee728b) (PreviewImporter) -> (artifact id: 'db5aafef298dd498fda42734141aa5dd') in 0.0495125 seconds
Number of updated asset objects reloaded before import = 0Number of asset objects unloaded after import = 3

========================================================================
Received Import Request.
  Time since last request: 0.000021 seconds.
  path: Assets/Art/Assets/isometric-miniature-dungeon/Angle/stoneWallCorner_E.png
  artifactKey: Guid(72cd759d21eb2d44aa9c54539470a459) Importer(815301076,1909f56bfc062723c751e8b465ee728b)
Start importing Assets/Art/Assets/isometric-miniature-dungeon/Angle/stoneWallCorner_E.png using Guid(72cd759d21eb2d44aa9c54539470a459) Importer(815301076,1909f56bfc062723c751e8b465ee728b) (PreviewImporter) -> (artifact id: '2cafdc13b013fe1d4f473352ec743610') in 0.040529 seconds
Number of updated asset objects reloaded before import = 0Number of asset objects unloaded after import = 3

========================================================================
Received Import Request.
  Time since last request: 0.000016 seconds.
  path: Assets/Art/Assets/isometric-miniature-dungeon/Angle/stoneMissingTiles_N.png
  artifactKey: Guid(3696df5b9c2975f4e91eb70b5458a632) Importer(815301076,1909f56bfc062723c751e8b465ee728b)
Start importing Assets/Art/Assets/isometric-miniature-dungeon/Angle/stoneMissingTiles_N.png using Guid(3696df5b9c2975f4e91eb70b5458a632) Importer(815301076,1909f56bfc062723c751e8b465ee728b) (PreviewImporter) -> (artifact id: '2537c0d56902ae6a739b98bb03fe6d60') in 0.0431615 seconds
Number of updated asset objects reloaded before import = 0Number of asset objects unloaded after import = 3

========================================================================
Received Import Request.
  Time since last request: 0.000018 seconds.
  path: Assets/Art/Assets/isometric-miniature-dungeon/Angle/stoneWallWindow_S.png
  artifactKey: Guid(e39429a57fb092d4f80b0904ee846326) Importer(815301076,1909f56bfc062723c751e8b465ee728b)
Start importing Assets/Art/Assets/isometric-miniature-dungeon/Angle/stoneWallWindow_S.png using Guid(e39429a57fb092d4f80b0904ee846326) Importer(815301076,1909f56bfc062723c751e8b465ee728b) (PreviewImporter) -> (artifact id: '4cf393df9fda092bf1ec9165e78ea315') in 0.0440737 seconds
Number of updated asset objects reloaded before import = 0Number of asset objects unloaded after import = 3

========================================================================
Received Import Request.
  Time since last request: 6.671981 seconds.
  path: Assets/Art/Assets/isometric-miniature-dungeon/Angle/Materials/stoneWallRound_E.mat
  artifactKey: Guid(777b9dd4872f30e408e38500c28068a0) Importer(2089858483,192608db42251d675da83286b1cce702)
Start importing Assets/Art/Assets/isometric-miniature-dungeon/Angle/Materials/stoneWallRound_E.mat using Guid(777b9dd4872f30e408e38500c28068a0) Importer(2089858483,192608db42251d675da83286b1cce702) (ScriptedImporter) -> (artifact id: '5d50e84337a82c60fb3fecc1b9293127') in 0.0330136 seconds
Number of updated asset objects reloaded before import = 0Number of asset objects unloaded after import = 2

========================================================================
Received Import Request.
  Time since last request: 237.940873 seconds.
  path: Assets/Art/Assets/Prefabs/stoneWallBrokenRight_W.prefab
  artifactKey: Guid(2e7c6dbac9d62da43a2fe75a358a0228) Importer(815301076,1909f56bfc062723c751e8b465ee728b)
Start importing Assets/Art/Assets/Prefabs/stoneWallBrokenRight_W.prefab using Guid(2e7c6dbac9d62da43a2fe75a358a0228) Importer(815301076,1909f56bfc062723c751e8b465ee728b) (PreviewImporter) -> (artifact id: 'd711b314f427b16093ae79024c456b0e') in 0.5522949 seconds
Number of updated asset objects reloaded before import = 0Number of asset objects unloaded after import = 7

========================================================================
Received Import Request.
  Time since last request: 0.369032 seconds.
  path: Assets/Art/Assets/Prefabs/stoneWallGateClosed_N.prefab
  artifactKey: Guid(dae9491e3232ac6479d6da7f3e604945) Importer(2089858483,192608db42251d675da83286b1cce702)
Start importing Assets/Art/Assets/Prefabs/stoneWallGateClosed_N.prefab using Guid(dae9491e3232ac6479d6da7f3e604945) Importer(2089858483,192608db42251d675da83286b1cce702) (ScriptedImporter) -> (artifact id: 'e35df658c4093ae0a0e8a52510ba69ba') in 0.0562287 seconds
Number of updated asset objects reloaded before import = 0Number of asset objects unloaded after import = 7

========================================================================
Received Import Request.
  Time since last request: 0.000081 seconds.
  path: Assets/Art/Assets/Prefabs/stoneWallBrokenRight_W.prefab
  artifactKey: Guid(2e7c6dbac9d62da43a2fe75a358a0228) Importer(2089858483,192608db42251d675da83286b1cce702)
Start importing Assets/Art/Assets/Prefabs/stoneWallBrokenRight_W.prefab using Guid(2e7c6dbac9d62da43a2fe75a358a0228) Importer(2089858483,192608db42251d675da83286b1cce702) (ScriptedImporter) -> (artifact id: 'b9c6728d0685855296d777b7f086c372') in 0.0298697 seconds
Number of updated asset objects reloaded before import = 0Number of asset objects unloaded after import = 7

========================================================================
Received Prepare
Begin MonoManager ReloadAssembly
[Licensing::Client] Successfully resolved entitlement details
- Loaded All Assemblies, in  0.971 seconds
Refreshing native plugins compatible for Editor in 0.95 ms, found 3 plugins.
Native extension for Android target not found
Native extension for WindowsStandalone target not found
[Package Manager] Failed to launch server process. Reason: Unity was launched with the -noUpm command-line argument
[Package Manager] Unable to send message (not connected to server process).
[Package Manager] Cannot connect to Unity Package Manager local server
Mono: successfully reloaded assembly
- Finished resetting the current domain, in  1.043 seconds
Domain Reload Profiling: 2011ms
	BeginReloadAssembly (275ms)
		ExecutionOrderSort (0ms)
		DisableScriptedObjects (22ms)
		BackupInstance (0ms)
		ReleaseScriptingObjects (0ms)
		CreateAndSetChildDomain (77ms)
	RebuildCommonClasses (43ms)
	RebuildNativeTypeToScriptingClass (13ms)
	initialDomainReloadingComplete (30ms)
	LoadAllAssembliesAndSetupDomain (606ms)
		LoadAssemblies (526ms)
		RebuildTransferFunctionScriptingTraits (0ms)
		AnalyzeDomain (188ms)
			TypeCache.Refresh (7ms)
				TypeCache.ScanAssembly (0ms)
			BuildScriptInfoCaches (166ms)
			ResolveRequiredComponents (11ms)
	FinalizeReload (1044ms)
		ReleaseScriptCaches (0ms)
		RebuildScriptCaches (0ms)
		SetupLoadedEditorAssemblies (851ms)
			LogAssemblyErrors (0ms)
			InitializePlatformSupportModulesInManaged (15ms)
			SetLoadedEditorAssemblies (6ms)
			BeforeProcessingInitializeOnLoad (160ms)
			ProcessInitializeOnLoadAttributes (586ms)
			ProcessInitializeOnLoadMethodAttributes (74ms)
			AfterProcessingInitializeOnLoad (9ms)
			EditorAssembliesLoaded (1ms)
		ExecutionOrderSort2 (0ms)
		AwakeInstancesAfterBackupRestoration (20ms)
Refreshing native plugins compatible for Editor in 0.96 ms, found 3 plugins.
Preloading 0 native plugins for Editor in 0.00 ms.
Unloading 13 Unused Serialized files (Serialized files now loaded: 0)
Unloading 6140 unused Assets / (5.1 MB). Loaded Objects now: 6883.
Memory consumption went from 152.0 MB to 146.9 MB.
Total: 10.829900 ms (FindLiveObjects: 0.617200 ms CreateObjectMapping: 0.816300 ms MarkObjects: 5.478300 ms  DeleteObjects: 3.916600 ms)

Prepare: number of updated asset objects reloaded= 0
