[Licensing::Module] Trying to connect to existing licensing client channel...
[Licensing::IpcConnector] Successfully connected to: "LicenseClient-MSI" at "2026-08-22T01:16:00.376272Z"
Built from '6000.0/staging' branch; Version is '6000.0.62f1 (f99f05b3e950) revision 16359173'; Using compiler version '193933523'; Build Type 'Release'
OS: 'Windows 11  (10.0.26200) 64bit Core' Language: 'es' Physical Memory: 32472 MB
BatchMode: 1, IsHumanControllingUs: 0, StartBugReporterOnCrash: 0, Is64bit: 1
Date: 2026-08-22T01:16:00Z

COMMAND LINE ARGUMENTS:
C:\Program Files\Unity\Hub\Editor\6000.0.62f1\Editor\Unity.exe
-adb2
-batchMode
-noUpm
-name
AssetImportWorker2
-projectPath
D:/GladiusAI/InsanusPugnat4Cuatri
-logFile
Logs/AssetImportWorker2.log
-srvPort
54010
-licensingIpc
LicenseClient-MSI
-job-worker-count
7
-background-job-worker-count
8
-gc-helper-count
1
-name
AssetImport
Successfully changed project path to: D:/GladiusAI/InsanusPugnat4Cuatri
D:/GladiusAI/InsanusPugnat4Cuatri
[UnityMemory] Configuration Parameters - Can be set up in boot.config
    "memorysetup-bucket-allocator-granularity=16"
    "memorysetup-bucket-allocator-bucket-count=8"
    "memorysetup-bucket-allocator-block-size=33554432"
    "memorysetup-bucket-allocator-block-count=8"
    "memorysetup-main-allocator-block-size=16777216"
    "memorysetup-thread-allocator-block-size=16777216"
    "memorysetup-gfx-main-allocator-block-size=16777216"
    "memorysetup-gfx-thread-allocator-block-size=16777216"
    "memorysetup-cache-allocator-block-size=4194304"
    "memorysetup-typetree-allocator-block-size=2097152"
    "memorysetup-profiler-bucket-allocator-granularity=16"
    "memorysetup-profiler-bucket-allocator-bucket-count=8"
    "memorysetup-profiler-bucket-allocator-block-size=33554432"
    "memorysetup-profiler-bucket-allocator-block-count=8"
    "memorysetup-profiler-allocator-block-size=16777216"
    "memorysetup-profiler-editor-allocator-block-size=1048576"
    "memorysetup-temp-allocator-size-main=16777216"
    "memorysetup-job-temp-allocator-block-size=2097152"
    "memorysetup-job-temp-allocator-block-size-background=1048576"
    "memorysetup-job-temp-allocator-reduction-small-platforms=262144"
    "memorysetup-allocator-temp-initial-block-size-main=262144"
    "memorysetup-allocator-temp-initial-block-size-worker=262144"
    "memorysetup-temp-allocator-size-background-worker=32768"
    "memorysetup-temp-allocator-size-job-worker=262144"
    "memorysetup-temp-allocator-size-preload-manager=33554432"
    "memorysetup-temp-allocator-size-nav-mesh-worker=65536"
    "memorysetup-temp-allocator-size-audio-worker=65536"
    "memorysetup-temp-allocator-size-cloud-worker=32768"
    "memorysetup-temp-allocator-size-gi-baking-worker=262144"
    "memorysetup-temp-allocator-size-gi-baking-worker=262144"
    "memorysetup-temp-allocator-size-gi-baking-worker=262144"
    "memorysetup-temp-allocator-size-gi-baking-worker=262144"
    "memorysetup-temp-allocator-size-gi-baking-worker=262144"
    "memorysetup-temp-allocator-size-gfx=262144"
Player connection [23420]  Target information:

Player connection [23420]  * "[IP] 192.168.1.236 [Port] 0 [Flags] 2 [Guid] 1973683773 [EditorId] 1973683773 [Version] 1048832 [Id] WindowsEditor(7,IgnacioV626) [Debug] 1 [PackageName] WindowsEditor [ProjectName] Editor" 

Player connection [23420] Host joined multi-casting on [225.0.0.222:54997]...
Player connection [23420] Host joined alternative multi-casting on [225.0.0.222:34997]...
JobSystem: Creating JobQueue using job-worker-count value 7
Input System module state changed to: Initialized.
[Physics::Module] Initialized fallback backend.
[Physics::Module] Id: 0xdecafbad
[Licensing::Client] Code 10 while verifying Licensing Client signature (process Id: 22656, path: "C:/Program Files/Unity Hub/UnityLicensingClient_V1/Unity.Licensing.Client.exe")
[Licensing::Module] LicensingClient has failed validation; ignoring
[Licensing::Client] Handshaking with LicensingClient:
  Version:                 1.17.4+4293ba1
  Session Id:              662e3659471240a195aa8ab7a213cbaa
  Correlation Id:          72eceab9bf8163b305d1c8685a400bf9
  External correlation Id: 2505847902732627363
  Machine Id:              SIe7ruXKEGkCkOaX6w8xMmOfaBs=
[Licensing::Module] Successfully connected to LicensingClient on channel: "LicenseClient-MSI" (connect: 0.00s, validation: 0.00s, handshake: 0.06s)
[Licensing::IpcConnector] Successfully connected to: "LicenseClient-MSI-notifications" at "2026-08-22T01:16:00.4370371Z"
[Licensing::Module] Licensing Background thread has ended after 0.06s
Library Redirect Path: Library/
[Physics::Module] Selected backend.
[Physics::Module] Name: PhysX
[Physics::Module] Id: 0xf2b8ea05
[Physics::Module] SDK Version: 4.1.2
[Physics::Module] Integration Version: 1.0.0
[Physics::Module] Threading Mode: Multi-Threaded
Refreshing native plugins compatible for Editor in 1.53 ms, found 3 plugins.
Preloading 0 native plugins for Editor in 0.00 ms.
Initialize engine version: 6000.0.62f1 (f99f05b3e950)
[Subsystems] Discovering subsystems at path C:/Program Files/Unity/Hub/Editor/6000.0.62f1/Editor/Data/Resources/UnitySubsystems
[Subsystems] Discovering subsystems at path D:/GladiusAI/InsanusPugnat4Cuatri/Assets
GfxDevice: creating device client; kGfxThreadingModeNonThreaded
Direct3D:
    Version:  Direct3D 11.0 [level 11.1]
    Renderer: NVIDIA GeForce RTX 4060 Laptop GPU (ID=0x28a0)
    Vendor:   NVIDIA
    VRAM:     7956 MB
    Driver:   32.0.16.1088
Initialize mono
Mono path[0] = 'C:/Program Files/Unity/Hub/Editor/6000.0.62f1/Editor/Data/Managed'
Mono path[1] = 'C:/Program Files/Unity/Hub/Editor/6000.0.62f1/Editor/Data/MonoBleedingEdge/lib/mono/unityjit-win32'
Mono config path = 'C:/Program Files/Unity/Hub/Editor/6000.0.62f1/Editor/Data/MonoBleedingEdge/etc'
Using monoOptions --debugger-agent=transport=dt_socket,embedding=1,server=y,suspend=n,address=127.0.0.1:56224
Begin MonoManager ReloadAssembly
Registering precompiled unity dll's ...
Register platform support module: C:/Program Files/Unity/Hub/Editor/6000.0.62f1/Editor/Data/PlaybackEngines/WindowsStandaloneSupport/UnityEditor.WindowsStandalone.Extensions.dll
[Licensing::Client] Successfully resolved entitlement details
[Licensing::Module] License group:
  Id: 4674107322931-UnityPersXXXX
  Product: Unity Personal
  Type: Assigned
  Expiration: Unlimited
Register platform support module: C:/Program Files/Unity/Hub/Editor/6000.0.62f1/Editor/Data/PlaybackEngines/AndroidPlayer/UnityEditor.Android.Extensions.dll
Registered in 0.013460 seconds.
- Loaded All Assemblies, in  0.557 seconds
Native extension for Android target not found
Android Extension - Scanning For ADB Devices 525 ms
Native extension for WindowsStandalone target not found
Mono: successfully reloaded assembly
- Finished resetting the current domain, in  1.035 seconds
Domain Reload Profiling: 1589ms
	BeginReloadAssembly (180ms)
		ExecutionOrderSort (0ms)
		DisableScriptedObjects (0ms)
		BackupInstance (0ms)
		ReleaseScriptingObjects (0ms)
		CreateAndSetChildDomain (1ms)
	RebuildCommonClasses (55ms)
	RebuildNativeTypeToScriptingClass (14ms)
	initialDomainReloadingComplete (79ms)
	LoadAllAssembliesAndSetupDomain (224ms)
		LoadAssemblies (177ms)
		RebuildTransferFunctionScriptingTraits (0ms)
		AnalyzeDomain (220ms)
			TypeCache.Refresh (218ms)
				TypeCache.ScanAssembly (198ms)
			BuildScriptInfoCaches (0ms)
			ResolveRequiredComponents (1ms)
	FinalizeReload (1036ms)
		ReleaseScriptCaches (0ms)
		RebuildScriptCaches (0ms)
		SetupLoadedEditorAssemblies (974ms)
			LogAssemblyErrors (0ms)
			InitializePlatformSupportModulesInManaged (646ms)
			SetLoadedEditorAssemblies (6ms)
			BeforeProcessingInitializeOnLoad (87ms)
			ProcessInitializeOnLoadAttributes (168ms)
			ProcessInitializeOnLoadMethodAttributes (67ms)
			AfterProcessingInitializeOnLoad (0ms)
			EditorAssembliesLoaded (0ms)
		ExecutionOrderSort2 (0ms)
		AwakeInstancesAfterBackupRestoration (0ms)
========================================================================
Worker process is ready to serve import requests
Import Worker Mode flag is 0x00
Begin MonoManager ReloadAssembly
[Licensing::Client] Successfully resolved entitlement details
- Loaded All Assemblies, in  1.351 seconds
Refreshing native plugins compatible for Editor in 1.34 ms, found 3 plugins.
Native extension for Android target not found
Native extension for WindowsStandalone target not found
Package Manager log level set to [2]
[Package Manager] Failed to launch server process. Reason: Unity was launched with the -noUpm command-line argument
[Package Manager] Unable to send message (not connected to server process).
[Package Manager] Cannot connect to Unity Package Manager local server
Mono: successfully reloaded assembly
- Finished resetting the current domain, in  1.213 seconds
Domain Reload Profiling: 2555ms
	BeginReloadAssembly (231ms)
		ExecutionOrderSort (0ms)
		DisableScriptedObjects (8ms)
		BackupInstance (0ms)
		ReleaseScriptingObjects (0ms)
		CreateAndSetChildDomain (38ms)
	RebuildCommonClasses (52ms)
	RebuildNativeTypeToScriptingClass (16ms)
	initialDomainReloadingComplete (52ms)
	LoadAllAssembliesAndSetupDomain (989ms)
		LoadAssemblies (784ms)
		RebuildTransferFunctionScriptingTraits (0ms)
		AnalyzeDomain (331ms)
			TypeCache.Refresh (247ms)
				TypeCache.ScanAssembly (227ms)
			BuildScriptInfoCaches (64ms)
			ResolveRequiredComponents (15ms)
	FinalizeReload (1214ms)
		ReleaseScriptCaches (0ms)
		RebuildScriptCaches (0ms)
		SetupLoadedEditorAssemblies (950ms)
			LogAssemblyErrors (0ms)
			InitializePlatformSupportModulesInManaged (18ms)
			SetLoadedEditorAssemblies (7ms)
			BeforeProcessingInitializeOnLoad (189ms)
			ProcessInitializeOnLoadAttributes (662ms)
			ProcessInitializeOnLoadMethodAttributes (67ms)
			AfterProcessingInitializeOnLoad (7ms)
			EditorAssembliesLoaded (0ms)
		ExecutionOrderSort2 (0ms)
		AwakeInstancesAfterBackupRestoration (7ms)
Launched and connected shader compiler UnityShaderCompiler.exe after 0.01 seconds
Refreshing native plugins compatible for Editor in 1.65 ms, found 3 plugins.
Preloading 0 native plugins for Editor in 0.00 ms.
Unloading 13 Unused Serialized files (Serialized files now loaded: 0)
Unloading 6143 unused Assets / (4.1 MB). Loaded Objects now: 6831.
Memory consumption went from 134.0 MB to 129.8 MB.
Total: 8.791700 ms (FindLiveObjects: 0.590200 ms CreateObjectMapping: 0.672900 ms MarkObjects: 5.172000 ms  DeleteObjects: 2.355100 ms)

========================================================================
Received Import Request.
  Time since last request: 446359.194342 seconds.
  path: Assets/InputSystem_Actions.inputactions
  artifactKey: Guid(052faaac586de48259a63d0c4782560b) Importer(2089858483,192608db42251d675da83286b1cce702)
Start importing Assets/InputSystem_Actions.inputactions using Guid(052faaac586de48259a63d0c4782560b) Importer(2089858483,192608db42251d675da83286b1cce702) (ScriptedImporter) -> (artifact id: '80b7e38b1891c34c301a57c23a3c4563') in 0.4990327 seconds
Number of updated asset objects reloaded before import = 0Number of asset objects unloaded after import = 22

========================================================================
Received Import Request.
  Time since last request: 1.199914 seconds.
  path: Assets/Art/Assets/isometric-miniature-dungeon/Angle/stoneSideUneven_S.png
  artifactKey: Guid(98efe5789b44b8f489bac33883e58538) Importer(2089858483,192608db42251d675da83286b1cce702)
Start importing Assets/Art/Assets/isometric-miniature-dungeon/Angle/stoneSideUneven_S.png using Guid(98efe5789b44b8f489bac33883e58538) Importer(2089858483,192608db42251d675da83286b1cce702) (ScriptedImporter) -> (artifact id: '08913968112e303d955a0da897a88892') in 0.1124117 seconds
Number of updated asset objects reloaded before import = 0Number of asset objects unloaded after import = 3

========================================================================
Received Import Request.
  Time since last request: 1.554423 seconds.
  path: Assets/Art/Assets/isometric-miniature-dungeon/Angle/stairsSpiral_W.png
  artifactKey: Guid(f9f26f8741b327e4881944acdbcab474) Importer(2089858483,192608db42251d675da83286b1cce702)
Start importing Assets/Art/Assets/isometric-miniature-dungeon/Angle/stairsSpiral_W.png using Guid(f9f26f8741b327e4881944acdbcab474) Importer(2089858483,192608db42251d675da83286b1cce702) (ScriptedImporter) -> (artifact id: 'c84f218420d72b27af3ef4dfd41f624a') in 0.0804036 seconds
Number of updated asset objects reloaded before import = 0Number of asset objects unloaded after import = 3

========================================================================
Received Import Request.
  Time since last request: 2.208721 seconds.
  path: Assets/Art/Assets/isometric-miniature-dungeon/Angle/stoneWallAgedRight_E.png
  artifactKey: Guid(d6a31a5156238af4fb4ac3bd4e350839) Importer(2089858483,192608db42251d675da83286b1cce702)
Start importing Assets/Art/Assets/isometric-miniature-dungeon/Angle/stoneWallAgedRight_E.png using Guid(d6a31a5156238af4fb4ac3bd4e350839) Importer(2089858483,192608db42251d675da83286b1cce702) (ScriptedImporter) -> (artifact id: '62138aeb6ace6c478c3983afbf12d1a4') in 0.063855 seconds
Number of updated asset objects reloaded before import = 0Number of asset objects unloaded after import = 3

========================================================================
Received Import Request.
  Time since last request: 1.598402 seconds.
  path: Assets/Art/Assets/isometric-miniature-dungeon/Angle/stoneColumnWood_N.png
  artifactKey: Guid(2dec8f11675260c4e9d492a1f7e4614c) Importer(2089858483,192608db42251d675da83286b1cce702)
Start importing Assets/Art/Assets/isometric-miniature-dungeon/Angle/stoneColumnWood_N.png using Guid(2dec8f11675260c4e9d492a1f7e4614c) Importer(2089858483,192608db42251d675da83286b1cce702) (ScriptedImporter) -> (artifact id: '9f090a61e682be196a2b7e9fc60adfc3') in 0.0575436 seconds
Number of updated asset objects reloaded before import = 0Number of asset objects unloaded after import = 3

========================================================================
Received Import Request.
  Time since last request: 1.597262 seconds.
  path: Assets/Art/Assets/isometric-miniature-dungeon/Angle/stoneWallGateClosed_W.png
  artifactKey: Guid(e6b0e850cff20da41935c2502ec8cb76) Importer(2089858483,192608db42251d675da83286b1cce702)
Start importing Assets/Art/Assets/isometric-miniature-dungeon/Angle/stoneWallGateClosed_W.png using Guid(e6b0e850cff20da41935c2502ec8cb76) Importer(2089858483,192608db42251d675da83286b1cce702) (ScriptedImporter) -> (artifact id: '2dd6c7b0536d57250927255a17ff1b6c') in 0.0636129 seconds
Number of updated asset objects reloaded before import = 0Number of asset objects unloaded after import = 3

========================================================================
Received Import Request.
  Time since last request: 1.595446 seconds.
  path: Assets/Settings/Mobile_RPAsset.asset
  artifactKey: Guid(5e6cbd92db86f4b18aec3ed561671858) Importer(2089858483,192608db42251d675da83286b1cce702)
Start importing Assets/Settings/Mobile_RPAsset.asset using Guid(5e6cbd92db86f4b18aec3ed561671858) Importer(2089858483,192608db42251d675da83286b1cce702) (ScriptedImporter) -> (artifact id: 'cef454d11ce191c053a67b936bfaf10c') in 0.0749086 seconds
Number of updated asset objects reloaded before import = 0Number of asset objects unloaded after import = 2

========================================================================
Received Import Request.
  Time since last request: 0.000022 seconds.
  path: Assets/Art/Assets/isometric-miniature-dungeon/Angle/chestOpen_E.png
  artifactKey: Guid(c992d6dbe34124b4690f4f05da214aff) Importer(2089858483,192608db42251d675da83286b1cce702)
Start importing Assets/Art/Assets/isometric-miniature-dungeon/Angle/chestOpen_E.png using Guid(c992d6dbe34124b4690f4f05da214aff) Importer(2089858483,192608db42251d675da83286b1cce702) (ScriptedImporter) -> (artifact id: 'ae5d33588fcbc8868887e1609110f5e5') in 0.0366736 seconds
Number of updated asset objects reloaded before import = 0Number of asset objects unloaded after import = 3

========================================================================
Received Import Request.
  Time since last request: 0.000030 seconds.
  path: Assets/Art/Assets/isometric-miniature-dungeon/Angle/stoneWallGateOpen_W.png
  artifactKey: Guid(3e19e0655c8d02f4faa115e30784c49e) Importer(2089858483,192608db42251d675da83286b1cce702)
Start importing Assets/Art/Assets/isometric-miniature-dungeon/Angle/stoneWallGateOpen_W.png using Guid(3e19e0655c8d02f4faa115e30784c49e) Importer(2089858483,192608db42251d675da83286b1cce702) (ScriptedImporter) -> (artifact id: '7bb94650db8fbf3e1a5cba64b6c6f438') in 0.0413409 seconds
Number of updated asset objects reloaded before import = 0Number of asset objects unloaded after import = 3

========================================================================
Received Import Request.
  Time since last request: 0.000017 seconds.
  path: Assets/Art/Assets/isometric-miniature-dungeon/Angle/stoneColumn_N.png
  artifactKey: Guid(6ea4cfe7e0d769c44a92e404d1b0ba43) Importer(2089858483,192608db42251d675da83286b1cce702)
Start importing Assets/Art/Assets/isometric-miniature-dungeon/Angle/stoneColumn_N.png using Guid(6ea4cfe7e0d769c44a92e404d1b0ba43) Importer(2089858483,192608db42251d675da83286b1cce702) (ScriptedImporter) -> (artifact id: 'b1b7d35656121e00a8832dea264d8e49') in 0.0398268 seconds
Number of updated asset objects reloaded before import = 0Number of asset objects unloaded after import = 3

========================================================================
Received Import Request.
  Time since last request: 0.000015 seconds.
  path: Assets/Art/Assets/isometric-miniature-dungeon/Angle/stoneWall_S.png
  artifactKey: Guid(6b0b82cfeea1ce54f87e8f1e7dacb839) Importer(2089858483,192608db42251d675da83286b1cce702)
Start importing Assets/Art/Assets/isometric-miniature-dungeon/Angle/stoneWall_S.png using Guid(6b0b82cfeea1ce54f87e8f1e7dacb839) Importer(2089858483,192608db42251d675da83286b1cce702) (ScriptedImporter) -> (artifact id: '1dc0d14894416b691272d405fa819788') in 0.0413412 seconds
Number of updated asset objects reloaded before import = 0Number of asset objects unloaded after import = 3

========================================================================
Received Import Request.
  Time since last request: 0.000017 seconds.
  path: Assets/Art/Assets/isometric-miniature-dungeon/Angle/stoneSteps_E.png
  artifactKey: Guid(b0c68bf73ed1dbe46a908a651d9c18fa) Importer(2089858483,192608db42251d675da83286b1cce702)
Start importing Assets/Art/Assets/isometric-miniature-dungeon/Angle/stoneSteps_E.png using Guid(b0c68bf73ed1dbe46a908a651d9c18fa) Importer(2089858483,192608db42251d675da83286b1cce702) (ScriptedImporter) -> (artifact id: '9127214a22b1515934611c7b3d17ccb4') in 0.047824 seconds
Number of updated asset objects reloaded before import = 0Number of asset objects unloaded after import = 3

========================================================================
Received Import Request.
  Time since last request: 0.000029 seconds.
  path: Assets/Scripts/Core/QuestionNode.cs
  artifactKey: Guid(7ca64abac87a73d4eb6fdc2eb48e5627) Importer(2089858483,192608db42251d675da83286b1cce702)
Start importing Assets/Scripts/Core/QuestionNode.cs using Guid(7ca64abac87a73d4eb6fdc2eb48e5627) Importer(2089858483,192608db42251d675da83286b1cce702) (ScriptedImporter) -> (artifact id: 'bbdeacf8ebfb745c6096cc7f74504778') in 0.0236766 seconds
Number of updated asset objects reloaded before import = 0Number of asset objects unloaded after import = 0

========================================================================
Received Import Request.
  Time since last request: 0.000018 seconds.
  path: Assets/Art/Assets/isometric-miniature-dungeon/Angle/stoneWallRoundWindow_S.png
  artifactKey: Guid(d9737e2cbb56b6643b2a19394706d7d0) Importer(2089858483,192608db42251d675da83286b1cce702)
Start importing Assets/Art/Assets/isometric-miniature-dungeon/Angle/stoneWallRoundWindow_S.png using Guid(d9737e2cbb56b6643b2a19394706d7d0) Importer(2089858483,192608db42251d675da83286b1cce702) (ScriptedImporter) -> (artifact id: '8e2a0a95230d4e9c83a91b423be52c39') in 0.0398778 seconds
Number of updated asset objects reloaded before import = 0Number of asset objects unloaded after import = 3

========================================================================
Received Import Request.
  Time since last request: 0.000020 seconds.
  path: Assets/Scripts/Core/Node.cs
  artifactKey: Guid(a883bab0b6dde68488316aca3ca989ab) Importer(2089858483,192608db42251d675da83286b1cce702)
Start importing Assets/Scripts/Core/Node.cs using Guid(a883bab0b6dde68488316aca3ca989ab) Importer(2089858483,192608db42251d675da83286b1cce702) (ScriptedImporter) -> (artifact id: '63189e6d46a2dc7a168589ca8bd52e6d') in 0.0252744 seconds
Number of updated asset objects reloaded before import = 0Number of asset objects unloaded after import = 0

========================================================================
Received Import Request.
  Time since last request: 0.000021 seconds.
  path: Assets/Art/Assets/isometric-miniature-dungeon/Angle/tableChairsBroken_S.png
  artifactKey: Guid(cee0a77f21088074cbb7e26f38e75e73) Importer(2089858483,192608db42251d675da83286b1cce702)
Start importing Assets/Art/Assets/isometric-miniature-dungeon/Angle/tableChairsBroken_S.png using Guid(cee0a77f21088074cbb7e26f38e75e73) Importer(2089858483,192608db42251d675da83286b1cce702) (ScriptedImporter) -> (artifact id: '5fab4ecd54f84854697181de9dfc4041') in 0.0374154 seconds
Number of updated asset objects reloaded before import = 0Number of asset objects unloaded after import = 3

========================================================================
Received Import Request.
  Time since last request: 0.000028 seconds.
  path: Assets/TutorialInfo/Scripts/Editor/ReadmeEditor.cs
  artifactKey: Guid(476cc7d7cd9874016adc216baab94a0a) Importer(2089858483,192608db42251d675da83286b1cce702)
Start importing Assets/TutorialInfo/Scripts/Editor/ReadmeEditor.cs using Guid(476cc7d7cd9874016adc216baab94a0a) Importer(2089858483,192608db42251d675da83286b1cce702) (ScriptedImporter) -> (artifact id: 'dfefb1a3985261b23008ca494b845f51') in 0.0254371 seconds
Number of updated asset objects reloaded before import = 0Number of asset objects unloaded after import = 0

========================================================================
Received Import Request.
  Time since last request: 0.000018 seconds.
  path: Assets/Art/Materiales/M-Arena01.mat
  artifactKey: Guid(cb32f59d8fe10ff45ac901f8785c44f1) Importer(2089858483,192608db42251d675da83286b1cce702)
Start importing Assets/Art/Materiales/M-Arena01.mat using Guid(cb32f59d8fe10ff45ac901f8785c44f1) Importer(2089858483,192608db42251d675da83286b1cce702) (ScriptedImporter) -> (artifact id: 'dac205de5c12eaf97a9a449f7db32d0d') in 0.0480998 seconds
Number of updated asset objects reloaded before import = 0Number of asset objects unloaded after import = 1

========================================================================
Received Import Request.
  Time since last request: 0.000083 seconds.
  path: Assets/Settings/UniversalRenderPipelineGlobalSettings.asset
  artifactKey: Guid(18dc0cd2c080841dea60987a38ce93fa) Importer(2089858483,192608db42251d675da83286b1cce702)
Start importing Assets/Settings/UniversalRenderPipelineGlobalSettings.asset using Guid(18dc0cd2c080841dea60987a38ce93fa) Importer(2089858483,192608db42251d675da83286b1cce702) (ScriptedImporter) -> (artifact id: 'f7c6feb6f4f1b48cd86f8526f1d3157f') in 0.1042452 seconds
Number of updated asset objects reloaded before import = 0Number of asset objects unloaded after import = 0

========================================================================
Received Import Request.
  Time since last request: 0.000022 seconds.
  path: Assets/Art/Assets/isometric-miniature-dungeon/Angle/stairsSpiral_E.png
  artifactKey: Guid(d1de69faf373bd543b154f6565bae671) Importer(2089858483,192608db42251d675da83286b1cce702)
Start importing Assets/Art/Assets/isometric-miniature-dungeon/Angle/stairsSpiral_E.png using Guid(d1de69faf373bd543b154f6565bae671) Importer(2089858483,192608db42251d675da83286b1cce702) (ScriptedImporter) -> (artifact id: '08e518b655ebb7fc59288e802316e528') in 0.0367841 seconds
Number of updated asset objects reloaded before import = 0Number of asset objects unloaded after import = 3

========================================================================
Received Import Request.
  Time since last request: 0.000030 seconds.
  path: Assets/Art/Assets/isometric-miniature-dungeon/Angle/woodenSupportsBlock_E.png
  artifactKey: Guid(0725da3a815cb9948ae1d4d993225635) Importer(2089858483,192608db42251d675da83286b1cce702)
Start importing Assets/Art/Assets/isometric-miniature-dungeon/Angle/woodenSupportsBlock_E.png using Guid(0725da3a815cb9948ae1d4d993225635) Importer(2089858483,192608db42251d675da83286b1cce702) (ScriptedImporter) -> (artifact id: '1ed6090190e6056bf096d773d4127dd4') in 0.0377617 seconds
Number of updated asset objects reloaded before import = 0Number of asset objects unloaded after import = 3

========================================================================
Received Import Request.
  Time since last request: 0.000020 seconds.
  path: Assets/Scenes/Menu.unity
  artifactKey: Guid(2988fc8257e1d514db0d30991e91bc1a) Importer(2089858483,192608db42251d675da83286b1cce702)
Start importing Assets/Scenes/Menu.unity using Guid(2988fc8257e1d514db0d30991e91bc1a) Importer(2089858483,192608db42251d675da83286b1cce702) (ScriptedImporter) -> (artifact id: 'bc917411354ed3c62c944814eaae58a3') in 0.0244537 seconds
Number of updated asset objects reloaded before import = 0Number of asset objects unloaded after import = 1

========================================================================
Received Import Request.
  Time since last request: 0.000026 seconds.
  path: Assets/Art/Assets/isometric-miniature-dungeon/Angle/barrel_W.png
  artifactKey: Guid(8d9285eaeeef8124eb0634269979cb0c) Importer(2089858483,192608db42251d675da83286b1cce702)
Start importing Assets/Art/Assets/isometric-miniature-dungeon/Angle/barrel_W.png using Guid(8d9285eaeeef8124eb0634269979cb0c) Importer(2089858483,192608db42251d675da83286b1cce702) (ScriptedImporter) -> (artifact id: '108e12cf579906e40589b8cf27a6630b') in 0.0365908 seconds
Number of updated asset objects reloaded before import = 0Number of asset objects unloaded after import = 3

========================================================================
Received Import Request.
  Time since last request: 0.000019 seconds.
  path: Assets/Art/Assets/isometric-miniature-dungeon/Angle/stoneCorner_E.png
  artifactKey: Guid(3de47cc9cc53c0843800ea5280eabf90) Importer(2089858483,192608db42251d675da83286b1cce702)
Start importing Assets/Art/Assets/isometric-miniature-dungeon/Angle/stoneCorner_E.png using Guid(3de47cc9cc53c0843800ea5280eabf90) Importer(2089858483,192608db42251d675da83286b1cce702) (ScriptedImporter) -> (artifact id: '13b51224e4541b53cf5415e661cdc82a') in 0.0465211 seconds
Number of updated asset objects reloaded before import = 0Number of asset objects unloaded after import = 3

========================================================================
Received Import Request.
  Time since last request: 0.000030 seconds.
  path: Assets/Art/Assets/isometric-miniature-dungeon/Angle/stoneWallStructure_N.png
  artifactKey: Guid(6c7d0ff32d630f94a97f123c03925f93) Importer(2089858483,192608db42251d675da83286b1cce702)
Start importing Assets/Art/Assets/isometric-miniature-dungeon/Angle/stoneWallStructure_N.png using Guid(6c7d0ff32d630f94a97f123c03925f93) Importer(2089858483,192608db42251d675da83286b1cce702) (ScriptedImporter) -> (artifact id: 'ede7fde903f05fe3b5bb4c9ab3b9d741') in 0.0621005 seconds
Number of updated asset objects reloaded before import = 0Number of asset objects unloaded after import = 3

========================================================================
Received Import Request.
  Time since last request: 0.000015 seconds.
  path: Assets/Art/Assets/isometric-miniature-dungeon/Angle/stoneSteps_W.png
  artifactKey: Guid(813958ad102318e43986f47008e94614) Importer(2089858483,192608db42251d675da83286b1cce702)
Start importing Assets/Art/Assets/isometric-miniature-dungeon/Angle/stoneSteps_W.png using Guid(813958ad102318e43986f47008e94614) Importer(2089858483,192608db42251d675da83286b1cce702) (ScriptedImporter) -> (artifact id: 'f75f2466ea6198e6132b56362594acbc') in 0.0417245 seconds
Number of updated asset objects reloaded before import = 0Number of asset objects unloaded after import = 3

========================================================================
Received Import Request.
  Time since last request: 0.000018 seconds.
  path: Assets/Art/Assets/isometric-miniature-dungeon/Angle/stoneWallGateBars_E.png
  artifactKey: Guid(39caff4e23469cf48955b681f49f4e89) Importer(2089858483,192608db42251d675da83286b1cce702)
Start importing Assets/Art/Assets/isometric-miniature-dungeon/Angle/stoneWallGateBars_E.png using Guid(39caff4e23469cf48955b681f49f4e89) Importer(2089858483,192608db42251d675da83286b1cce702) (ScriptedImporter) -> (artifact id: '6ad7c13327dca18928c410a89fecfb2d') in 0.0467133 seconds
Number of updated asset objects reloaded before import = 0Number of asset objects unloaded after import = 3

========================================================================
Received Import Request.
  Time since last request: 0.000020 seconds.
  path: Assets/Art/Assets/isometric-miniature-dungeon/Angle/stairs_N.png
  artifactKey: Guid(3f9b2dd0faab59d4a80b9945be402c50) Importer(2089858483,192608db42251d675da83286b1cce702)
Start importing Assets/Art/Assets/isometric-miniature-dungeon/Angle/stairs_N.png using Guid(3f9b2dd0faab59d4a80b9945be402c50) Importer(2089858483,192608db42251d675da83286b1cce702) (ScriptedImporter) -> (artifact id: '049b269933c58498601326e1e7a4c218') in 0.0451132 seconds
Number of updated asset objects reloaded before import = 0Number of asset objects unloaded after import = 3

========================================================================
Received Import Request.
  Time since last request: 0.000024 seconds.
  path: Assets/Art/Assets/isometric-miniature-dungeon/Angle/planksHole_W.png
  artifactKey: Guid(8eccfe5c979f96b4ca2a7810f3b7bd22) Importer(2089858483,192608db42251d675da83286b1cce702)
Start importing Assets/Art/Assets/isometric-miniature-dungeon/Angle/planksHole_W.png using Guid(8eccfe5c979f96b4ca2a7810f3b7bd22) Importer(2089858483,192608db42251d675da83286b1cce702) (ScriptedImporter) -> (artifact id: '994dabb97f71e530c5cad6e6af0b580f') in 0.0574836 seconds
Number of updated asset objects reloaded before import = 0Number of asset objects unloaded after import = 3

========================================================================
Received Import Request.
  Time since last request: 0.000017 seconds.
  path: Assets/Art/Assets/isometric-miniature-dungeon/Angle/stoneWallGateOpen_S.png
  artifactKey: Guid(f0ea7bb254166f7488a2bf34510bfb91) Importer(2089858483,192608db42251d675da83286b1cce702)
Start importing Assets/Art/Assets/isometric-miniature-dungeon/Angle/stoneWallGateOpen_S.png using Guid(f0ea7bb254166f7488a2bf34510bfb91) Importer(2089858483,192608db42251d675da83286b1cce702) (ScriptedImporter) -> (artifact id: '3affaeda6f14afa636712449c096b2c0') in 0.0489792 seconds
Number of updated asset objects reloaded before import = 0Number of asset objects unloaded after import = 3

========================================================================
Received Import Request.
  Time since last request: 0.000017 seconds.
  path: Assets/Art/Assets/isometric-miniature-dungeon/Angle/stoneSide_N.png
  artifactKey: Guid(deeb72b2c51e9cd4ebc31387217def09) Importer(2089858483,192608db42251d675da83286b1cce702)
Start importing Assets/Art/Assets/isometric-miniature-dungeon/Angle/stoneSide_N.png using Guid(deeb72b2c51e9cd4ebc31387217def09) Importer(2089858483,192608db42251d675da83286b1cce702) (ScriptedImporter) -> (artifact id: '3594ed9095a89d58605e2c3d925b0540') in 0.0597635 seconds
Number of updated asset objects reloaded before import = 0Number of asset objects unloaded after import = 3

========================================================================
Received Import Request.
  Time since last request: 0.000021 seconds.
  path: Assets/Art/Assets/isometric-miniature-dungeon/Angle/stoneWallBroken_S.png
  artifactKey: Guid(486cfe5dcef616340bc9265923dabe21) Importer(2089858483,192608db42251d675da83286b1cce702)
Start importing Assets/Art/Assets/isometric-miniature-dungeon/Angle/stoneWallBroken_S.png using Guid(486cfe5dcef616340bc9265923dabe21) Importer(2089858483,192608db42251d675da83286b1cce702) (ScriptedImporter) -> (artifact id: '108b5a214cef9a1e46119b5bc3f91e53') in 0.0461444 seconds
Number of updated asset objects reloaded before import = 0Number of asset objects unloaded after import = 3

========================================================================
Received Import Request.
  Time since last request: 0.000029 seconds.
  path: Assets/Art/Assets/isometric-miniature-dungeon/Angle/stoneWallGateBars_W.png
  artifactKey: Guid(e5609f43f3222284dafe03123a20f1b5) Importer(2089858483,192608db42251d675da83286b1cce702)
Start importing Assets/Art/Assets/isometric-miniature-dungeon/Angle/stoneWallGateBars_W.png using Guid(e5609f43f3222284dafe03123a20f1b5) Importer(2089858483,192608db42251d675da83286b1cce702) (ScriptedImporter) -> (artifact id: 'bf809708ddde537266252de6a460b2bb') in 0.0530984 seconds
Number of updated asset objects reloaded before import = 0Number of asset objects unloaded after import = 3

========================================================================
Received Import Request.
  Time since last request: 0.000014 seconds.
  path: Assets/Art/Assets/isometric-miniature-dungeon/Angle/stoneWallGateBars_N.png
  artifactKey: Guid(cd40535fa5668ac4e8fdf24c9f9a3253) Importer(2089858483,192608db42251d675da83286b1cce702)
Start importing Assets/Art/Assets/isometric-miniature-dungeon/Angle/stoneWallGateBars_N.png using Guid(cd40535fa5668ac4e8fdf24c9f9a3253) Importer(2089858483,192608db42251d675da83286b1cce702) (ScriptedImporter) -> (artifact id: '494b9bcfb0fd4ca823d66b2a3318e79d') in 0.0469991 seconds
Number of updated asset objects reloaded before import = 0Number of asset objects unloaded after import = 3

========================================================================
Received Import Request.
  Time since last request: 0.000020 seconds.
  path: Assets/Art/Assets/isometric-miniature-dungeon/Angle/stoneInset_S.png
  artifactKey: Guid(2375e62c38b153742bd39ccfeb3ca22c) Importer(2089858483,192608db42251d675da83286b1cce702)
Start importing Assets/Art/Assets/isometric-miniature-dungeon/Angle/stoneInset_S.png using Guid(2375e62c38b153742bd39ccfeb3ca22c) Importer(2089858483,192608db42251d675da83286b1cce702) (ScriptedImporter) -> (artifact id: '1c8bd4157a7b0e528b2cbd0e9b6292d1') in 0.0515458 seconds
Number of updated asset objects reloaded before import = 0Number of asset objects unloaded after import = 3

========================================================================
Received Import Request.
  Time since last request: 0.000026 seconds.
  path: Assets/Art/Assets/isometric-miniature-dungeon/Angle/planks_S.png
  artifactKey: Guid(211a2a20bcf2b5847af59b07ccbc1206) Importer(2089858483,192608db42251d675da83286b1cce702)
Start importing Assets/Art/Assets/isometric-miniature-dungeon/Angle/planks_S.png using Guid(211a2a20bcf2b5847af59b07ccbc1206) Importer(2089858483,192608db42251d675da83286b1cce702) (ScriptedImporter) -> (artifact id: '47ad91e7ab63d2b45a6bbb75a815aaa7') in 0.0575975 seconds
Number of updated asset objects reloaded before import = 0Number of asset objects unloaded after import = 3

========================================================================
Received Import Request.
  Time since last request: 0.000026 seconds.
  path: Assets/Art/Assets/isometric-miniature-dungeon/Angle/stoneLeft_W.png
  artifactKey: Guid(4366d4c274738414ca318d9f64aca5da) Importer(2089858483,192608db42251d675da83286b1cce702)
Start importing Assets/Art/Assets/isometric-miniature-dungeon/Angle/stoneLeft_W.png using Guid(4366d4c274738414ca318d9f64aca5da) Importer(2089858483,192608db42251d675da83286b1cce702) (ScriptedImporter) -> (artifact id: '68ca8d787980dba0f6c651d8b31f9d9b') in 0.0519137 seconds
Number of updated asset objects reloaded before import = 0Number of asset objects unloaded after import = 3

========================================================================
Received Import Request.
  Time since last request: 0.000015 seconds.
  path: Assets/Art/Assets/isometric-miniature-dungeon/Angle/stoneSide_E.png
  artifactKey: Guid(a63f40c965e6bbc418e4fc39fdaff1d1) Importer(2089858483,192608db42251d675da83286b1cce702)
Start importing Assets/Art/Assets/isometric-miniature-dungeon/Angle/stoneSide_E.png using Guid(a63f40c965e6bbc418e4fc39fdaff1d1) Importer(2089858483,192608db42251d675da83286b1cce702) (ScriptedImporter) -> (artifact id: '656bcf55dbd0ec2ecfb102d977bb3b01') in 0.0586058 seconds
Number of updated asset objects reloaded before import = 0Number of asset objects unloaded after import = 3

========================================================================
Received Import Request.
  Time since last request: 0.000022 seconds.
  path: Assets/Art/Assets/isometric-miniature-dungeon/Angle/stoneWallRoundWindow_N.png
  artifactKey: Guid(f3859fa9b6ac2e14dad1281262d7913a) Importer(2089858483,192608db42251d675da83286b1cce702)
Start importing Assets/Art/Assets/isometric-miniature-dungeon/Angle/stoneWallRoundWindow_N.png using Guid(f3859fa9b6ac2e14dad1281262d7913a) Importer(2089858483,192608db42251d675da83286b1cce702) (ScriptedImporter) -> (artifact id: 'f3507092aeffbfb40114b36450464a24') in 0.0464919 seconds
Number of updated asset objects reloaded before import = 0Number of asset objects unloaded after import = 3

========================================================================
Received Import Request.
  Time since last request: 0.000216 seconds.
  path: Assets/Art/Assets/isometric-miniature-dungeon/Angle/woodenCrate_W.png
  artifactKey: Guid(dcbfef9868e7acf4b9cbbe3f0fdcfc26) Importer(2089858483,192608db42251d675da83286b1cce702)
Start importing Assets/Art/Assets/isometric-miniature-dungeon/Angle/woodenCrate_W.png using Guid(dcbfef9868e7acf4b9cbbe3f0fdcfc26) Importer(2089858483,192608db42251d675da83286b1cce702) (ScriptedImporter) -> (artifact id: '57553905ef56aa4ce85704c6148ff0a0') in 0.049125 seconds
Number of updated asset objects reloaded before import = 0Number of asset objects unloaded after import = 3

========================================================================
Received Import Request.
  Time since last request: 0.000014 seconds.
  path: Assets/Art/Assets/isometric-miniature-dungeon/Angle/stoneWallRound_S.png
  artifactKey: Guid(22237582e78982848962adb287459fe5) Importer(2089858483,192608db42251d675da83286b1cce702)
Start importing Assets/Art/Assets/isometric-miniature-dungeon/Angle/stoneWallRound_S.png using Guid(22237582e78982848962adb287459fe5) Importer(2089858483,192608db42251d675da83286b1cce702) (ScriptedImporter) -> (artifact id: '601d9f1d68c2a2906f7b49d4638bb5cc') in 0.044297 seconds
Number of updated asset objects reloaded before import = 0Number of asset objects unloaded after import = 3

========================================================================
Received Import Request.
  Time since last request: 0.000017 seconds.
  path: Assets/Art/Assets/isometric-miniature-dungeon/Angle/dirtTiles_S.png
  artifactKey: Guid(fa0425267f89ea24dbbd719d6c110034) Importer(2089858483,192608db42251d675da83286b1cce702)
Start importing Assets/Art/Assets/isometric-miniature-dungeon/Angle/dirtTiles_S.png using Guid(fa0425267f89ea24dbbd719d6c110034) Importer(2089858483,192608db42251d675da83286b1cce702) (ScriptedImporter) -> (artifact id: '199d88ed9519425feb95270daf61c008') in 0.0570412 seconds
Number of updated asset objects reloaded before import = 0Number of asset objects unloaded after import = 3

========================================================================
Received Import Request.
  Time since last request: 0.000016 seconds.
  path: Assets/Art/Assets/isometric-miniature-dungeon/Angle/stoneWallBrokenRight_E.png
  artifactKey: Guid(b740f19affbc0f7429303c9e250da88c) Importer(2089858483,192608db42251d675da83286b1cce702)
Start importing Assets/Art/Assets/isometric-miniature-dungeon/Angle/stoneWallBrokenRight_E.png using Guid(b740f19affbc0f7429303c9e250da88c) Importer(2089858483,192608db42251d675da83286b1cce702) (ScriptedImporter) -> (artifact id: 'eb63a95c2a219b47e8b338a09764e48a') in 0.0424856 seconds
Number of updated asset objects reloaded before import = 0Number of asset objects unloaded after import = 3

========================================================================
Received Import Request.
  Time since last request: 0.000030 seconds.
  path: Assets/Art/Assets/isometric-miniature-dungeon/Angle/stoneWallBrokenLeft_E.png
  artifactKey: Guid(de5a07782a3dab249853415e16b2f30b) Importer(2089858483,192608db42251d675da83286b1cce702)
Start importing Assets/Art/Assets/isometric-miniature-dungeon/Angle/stoneWallBrokenLeft_E.png using Guid(de5a07782a3dab249853415e16b2f30b) Importer(2089858483,192608db42251d675da83286b1cce702) (ScriptedImporter) -> (artifact id: '0c73a41efe1aba772b005c3501cf9c28') in 0.0485587 seconds
Number of updated asset objects reloaded before import = 0Number of asset objects unloaded after import = 3

========================================================================
Received Import Request.
  Time since last request: 0.000020 seconds.
  path: Assets/Art/Assets/isometric-miniature-dungeon/Angle/stoneWallColumn_E.png
  artifactKey: Guid(924b08f088270944b83da4d66172f825) Importer(2089858483,192608db42251d675da83286b1cce702)
Start importing Assets/Art/Assets/isometric-miniature-dungeon/Angle/stoneWallColumn_E.png using Guid(924b08f088270944b83da4d66172f825) Importer(2089858483,192608db42251d675da83286b1cce702) (ScriptedImporter) -> (artifact id: 'b2e4ab5f3cef0c54d55ba1cb5a9172de') in 0.0525895 seconds
Number of updated asset objects reloaded before import = 0Number of asset objects unloaded after import = 3

========================================================================
Received Import Request.
  Time since last request: 0.000021 seconds.
  path: Assets/Art/Assets/isometric-miniature-dungeon/Angle/stoneWallBroken_E.png
  artifactKey: Guid(f4e57a85fd11b564cb6fa65a9d9a9b30) Importer(2089858483,192608db42251d675da83286b1cce702)
Start importing Assets/Art/Assets/isometric-miniature-dungeon/Angle/stoneWallBroken_E.png using Guid(f4e57a85fd11b564cb6fa65a9d9a9b30) Importer(2089858483,192608db42251d675da83286b1cce702) (ScriptedImporter) -> (artifact id: '41f97181f0f2ead54801b8dc7b508934') in 0.0590701 seconds
Number of updated asset objects reloaded before import = 0Number of asset objects unloaded after import = 3

========================================================================
Received Import Request.
  Time since last request: 0.000017 seconds.
  path: Assets/Art/Assets/isometric-miniature-dungeon/Angle/stoneTile_W.png
  artifactKey: Guid(b55af834f0300b64797ba3ebe612b3bf) Importer(2089858483,192608db42251d675da83286b1cce702)
Start importing Assets/Art/Assets/isometric-miniature-dungeon/Angle/stoneTile_W.png using Guid(b55af834f0300b64797ba3ebe612b3bf) Importer(2089858483,192608db42251d675da83286b1cce702) (ScriptedImporter) -> (artifact id: '1d76e526fe4f2c529fa3a7200567a648') in 0.0552942 seconds
Number of updated asset objects reloaded before import = 0Number of asset objects unloaded after import = 3

========================================================================
Received Import Request.
  Time since last request: 0.000028 seconds.
  path: Assets/Art/Assets/isometric-miniature-dungeon/Angle/stoneWallHole_W.png
  artifactKey: Guid(0844afbed501fc746961df6ba66b9b02) Importer(2089858483,192608db42251d675da83286b1cce702)
Start importing Assets/Art/Assets/isometric-miniature-dungeon/Angle/stoneWallHole_W.png using Guid(0844afbed501fc746961df6ba66b9b02) Importer(2089858483,192608db42251d675da83286b1cce702) (ScriptedImporter) -> (artifact id: '7be2063a804c8143f1305935aed6534e') in 0.0459339 seconds
Number of updated asset objects reloaded before import = 0Number of asset objects unloaded after import = 3

========================================================================
Received Import Request.
  Time since last request: 0.000017 seconds.
  path: Assets/Art/Assets/isometric-miniature-dungeon/Angle/stoneWallStructure_W.png
  artifactKey: Guid(7e361b63543ec934ca02f35d3a209016) Importer(2089858483,192608db42251d675da83286b1cce702)
Start importing Assets/Art/Assets/isometric-miniature-dungeon/Angle/stoneWallStructure_W.png using Guid(7e361b63543ec934ca02f35d3a209016) Importer(2089858483,192608db42251d675da83286b1cce702) (ScriptedImporter) -> (artifact id: '304051806a6f9a31c67c2c6c851f0738') in 0.0365858 seconds
Number of updated asset objects reloaded before import = 0Number of asset objects unloaded after import = 3

========================================================================
Received Import Request.
  Time since last request: 0.000013 seconds.
  path: Assets/Art/Assets/isometric-miniature-dungeon/Angle/stoneWallAgedRight_N.png
  artifactKey: Guid(6a3d6ffa7d62e554a8865df37959256d) Importer(2089858483,192608db42251d675da83286b1cce702)
Start importing Assets/Art/Assets/isometric-miniature-dungeon/Angle/stoneWallAgedRight_N.png using Guid(6a3d6ffa7d62e554a8865df37959256d) Importer(2089858483,192608db42251d675da83286b1cce702) (ScriptedImporter) -> (artifact id: 'badb0ba619232947eb6cf97fee05722f') in 0.0500199 seconds
Number of updated asset objects reloaded before import = 0Number of asset objects unloaded after import = 3

========================================================================
Received Import Request.
  Time since last request: 0.000039 seconds.
  path: Assets/Art/Assets/isometric-miniature-dungeon/Angle/stoneWallDoor_W.png
  artifactKey: Guid(80ae286c34d657c4eb92b24bbe4180a4) Importer(2089858483,192608db42251d675da83286b1cce702)
Start importing Assets/Art/Assets/isometric-miniature-dungeon/Angle/stoneWallDoor_W.png using Guid(80ae286c34d657c4eb92b24bbe4180a4) Importer(2089858483,192608db42251d675da83286b1cce702) (ScriptedImporter) -> (artifact id: 'bab96af7dd88d819a393ce92fcf2093d') in 0.0436109 seconds
Number of updated asset objects reloaded before import = 0Number of asset objects unloaded after import = 3

========================================================================
Received Import Request.
  Time since last request: 0.000032 seconds.
  path: Assets/Art/Assets/isometric-miniature-dungeon/Angle/woodenSupports_S.png
  artifactKey: Guid(756636d4dd046af48bd15cab405783a1) Importer(2089858483,192608db42251d675da83286b1cce702)
Start importing Assets/Art/Assets/isometric-miniature-dungeon/Angle/woodenSupports_S.png using Guid(756636d4dd046af48bd15cab405783a1) Importer(2089858483,192608db42251d675da83286b1cce702) (ScriptedImporter) -> (artifact id: '3cc39193c7c4e80285586f26fcf17baa') in 0.0450333 seconds
Number of updated asset objects reloaded before import = 0Number of asset objects unloaded after import = 3

========================================================================
Received Import Request.
  Time since last request: 0.000016 seconds.
  path: Assets/Art/Assets/isometric-miniature-dungeon/Angle/tableShortChairs_N.png
  artifactKey: Guid(5d0137e9adcbb8a459fa37cdce239595) Importer(2089858483,192608db42251d675da83286b1cce702)
Start importing Assets/Art/Assets/isometric-miniature-dungeon/Angle/tableShortChairs_N.png using Guid(5d0137e9adcbb8a459fa37cdce239595) Importer(2089858483,192608db42251d675da83286b1cce702) (ScriptedImporter) -> (artifact id: '2bf1700161dc92c0b7a096da96c9924f') in 0.059519 seconds
Number of updated asset objects reloaded before import = 0Number of asset objects unloaded after import = 3

========================================================================
Received Import Request.
  Time since last request: 0.000017 seconds.
  path: Assets/Art/Assets/isometric-miniature-dungeon/Angle/stoneWallDoorBars_E.png
  artifactKey: Guid(76a7c8e0aa74fe14b9ff93efd2c18fea) Importer(2089858483,192608db42251d675da83286b1cce702)
Start importing Assets/Art/Assets/isometric-miniature-dungeon/Angle/stoneWallDoorBars_E.png using Guid(76a7c8e0aa74fe14b9ff93efd2c18fea) Importer(2089858483,192608db42251d675da83286b1cce702) (ScriptedImporter) -> (artifact id: '182ac824a1d898818e11994501d40f22') in 0.0475194 seconds
Number of updated asset objects reloaded before import = 0Number of asset objects unloaded after import = 3

========================================================================
Received Import Request.
  Time since last request: 0.000021 seconds.
  path: Assets/Art/Assets/isometric-miniature-dungeon/Angle/tableShort_E.png
  artifactKey: Guid(a4f23f88abb9b48419537e55a73d2577) Importer(2089858483,192608db42251d675da83286b1cce702)
Start importing Assets/Art/Assets/isometric-miniature-dungeon/Angle/tableShort_E.png using Guid(a4f23f88abb9b48419537e55a73d2577) Importer(2089858483,192608db42251d675da83286b1cce702) (ScriptedImporter) -> (artifact id: '218b9a30a0f4bac9c9995fb938e93bf5') in 0.0405334 seconds
Number of updated asset objects reloaded before import = 0Number of asset objects unloaded after import = 3

========================================================================
Received Import Request.
  Time since last request: 0.000027 seconds.
  path: Assets/Art/Assets/isometric-miniature-dungeon/Angle/planksHole_N.png
  artifactKey: Guid(edcd8e2a8bc4e4a4da13d246f0e22033) Importer(2089858483,192608db42251d675da83286b1cce702)
Start importing Assets/Art/Assets/isometric-miniature-dungeon/Angle/planksHole_N.png using Guid(edcd8e2a8bc4e4a4da13d246f0e22033) Importer(2089858483,192608db42251d675da83286b1cce702) (ScriptedImporter) -> (artifact id: '2a4804c160a200403f367c264ddb380a') in 0.0501187 seconds
Number of updated asset objects reloaded before import = 0Number of asset objects unloaded after import = 3

========================================================================
Received Import Request.
  Time since last request: 0.000017 seconds.
  path: Assets/Art/Assets/isometric-miniature-dungeon/Angle/stoneWallHole_N.png
  artifactKey: Guid(b60e12396c5b229409cd5e42fb724bdb) Importer(2089858483,192608db42251d675da83286b1cce702)
Start importing Assets/Art/Assets/isometric-miniature-dungeon/Angle/stoneWallHole_N.png using Guid(b60e12396c5b229409cd5e42fb724bdb) Importer(2089858483,192608db42251d675da83286b1cce702) (ScriptedImporter) -> (artifact id: '4447e9989987c8a62f5ee60250fcd496') in 0.0496493 seconds
Number of updated asset objects reloaded before import = 0Number of asset objects unloaded after import = 3

========================================================================
Received Import Request.
  Time since last request: 0.000020 seconds.
  path: Assets/Art/Assets/isometric-miniature-dungeon/Angle/stone_S.png
  artifactKey: Guid(59489bfc9eb8aff4e8bea91912dcb800) Importer(2089858483,192608db42251d675da83286b1cce702)
Start importing Assets/Art/Assets/isometric-miniature-dungeon/Angle/stone_S.png using Guid(59489bfc9eb8aff4e8bea91912dcb800) Importer(2089858483,192608db42251d675da83286b1cce702) (ScriptedImporter) -> (artifact id: '7e75864898662a0d72b30913d8384bf2') in 0.0461813 seconds
Number of updated asset objects reloaded before import = 0Number of asset objects unloaded after import = 3

========================================================================
Received Import Request.
  Time since last request: 0.000026 seconds.
  path: Assets/Art/Assets/isometric-miniature-dungeon/Angle/stoneWallColumnIn_W.png
  artifactKey: Guid(744a83342bf49b444bd2cea9206f664b) Importer(2089858483,192608db42251d675da83286b1cce702)
Start importing Assets/Art/Assets/isometric-miniature-dungeon/Angle/stoneWallColumnIn_W.png using Guid(744a83342bf49b444bd2cea9206f664b) Importer(2089858483,192608db42251d675da83286b1cce702) (ScriptedImporter) -> (artifact id: '035d5e5f74d765d1a30f9bec32e092fe') in 0.0492738 seconds
Number of updated asset objects reloaded before import = 0Number of asset objects unloaded after import = 3

========================================================================
Received Import Request.
  Time since last request: 0.000023 seconds.
  path: Assets/Art/Assets/isometric-miniature-dungeon/Angle/dirt_N.png
  artifactKey: Guid(e2f54f931aca5b543b3d6ebf03211def) Importer(2089858483,192608db42251d675da83286b1cce702)
Start importing Assets/Art/Assets/isometric-miniature-dungeon/Angle/dirt_N.png using Guid(e2f54f931aca5b543b3d6ebf03211def) Importer(2089858483,192608db42251d675da83286b1cce702) (ScriptedImporter) -> (artifact id: '677fd9d5833f1688b45ecda4c9ba186e') in 0.0428079 seconds
Number of updated asset objects reloaded before import = 0Number of asset objects unloaded after import = 3

========================================================================
Received Import Request.
  Time since last request: 0.000015 seconds.
  path: Assets/Art/Assets/isometric-miniature-dungeon/Angle/stoneWallAged_S.png
  artifactKey: Guid(0861015f04a62c64294f91cbbaed86b4) Importer(2089858483,192608db42251d675da83286b1cce702)
Start importing Assets/Art/Assets/isometric-miniature-dungeon/Angle/stoneWallAged_S.png using Guid(0861015f04a62c64294f91cbbaed86b4) Importer(2089858483,192608db42251d675da83286b1cce702) (ScriptedImporter) -> (artifact id: '3c6acc6a7abf6e7c8fac5b5aaf0d0e63') in 0.0382857 seconds
Number of updated asset objects reloaded before import = 0Number of asset objects unloaded after import = 3

========================================================================
Received Import Request.
  Time since last request: 0.000019 seconds.
  path: Assets/Art/Assets/isometric-miniature-dungeon/Angle/stoneStep_S.png
  artifactKey: Guid(98eeac727c6d5e1429c97a1dae68cda4) Importer(2089858483,192608db42251d675da83286b1cce702)
Start importing Assets/Art/Assets/isometric-miniature-dungeon/Angle/stoneStep_S.png using Guid(98eeac727c6d5e1429c97a1dae68cda4) Importer(2089858483,192608db42251d675da83286b1cce702) (ScriptedImporter) -> (artifact id: '8713deebc3b3bfa461e00281e91be5ac') in 0.0468961 seconds
Number of updated asset objects reloaded before import = 0Number of asset objects unloaded after import = 3

========================================================================
Received Import Request.
  Time since last request: 0.000022 seconds.
  path: Assets/Art/Assets/isometric-miniature-dungeon/Angle/woodenCrates_S.png
  artifactKey: Guid(6356c15c5ee9fd1419e8cfbeafc1cb52) Importer(2089858483,192608db42251d675da83286b1cce702)
Start importing Assets/Art/Assets/isometric-miniature-dungeon/Angle/woodenCrates_S.png using Guid(6356c15c5ee9fd1419e8cfbeafc1cb52) Importer(2089858483,192608db42251d675da83286b1cce702) (ScriptedImporter) -> (artifact id: '46b7641d390f66fc0353a4cf9e4078af') in 0.0464735 seconds
Number of updated asset objects reloaded before import = 0Number of asset objects unloaded after import = 3

========================================================================
Received Import Request.
  Time since last request: 0.000018 seconds.
  path: Assets/Art/Assets/isometric-miniature-dungeon/Angle/woodenSupports_N.png
  artifactKey: Guid(0efbb5d318a3ca846a0e2aa3e98523bc) Importer(2089858483,192608db42251d675da83286b1cce702)
Start importing Assets/Art/Assets/isometric-miniature-dungeon/Angle/woodenSupports_N.png using Guid(0efbb5d318a3ca846a0e2aa3e98523bc) Importer(2089858483,192608db42251d675da83286b1cce702) (ScriptedImporter) -> (artifact id: '69fcb79867ed710198ba056cc38575d6') in 0.0457905 seconds
Number of updated asset objects reloaded before import = 0Number of asset objects unloaded after import = 3

========================================================================
Received Import Request.
  Time since last request: 0.000017 seconds.
  path: Assets/Art/Assets/isometric-miniature-dungeon/Angle/woodenSupportBeams_N.png
  artifactKey: Guid(d3ff47ae557799b44891f3afb185a4e6) Importer(2089858483,192608db42251d675da83286b1cce702)
Start importing Assets/Art/Assets/isometric-miniature-dungeon/Angle/woodenSupportBeams_N.png using Guid(d3ff47ae557799b44891f3afb185a4e6) Importer(2089858483,192608db42251d675da83286b1cce702) (ScriptedImporter) -> (artifact id: 'f2999ece5a74397832a806137de5c2c3') in 0.0409582 seconds
Number of updated asset objects reloaded before import = 0Number of asset objects unloaded after import = 3

========================================================================
Received Import Request.
  Time since last request: 0.000055 seconds.
  path: Assets/Art/Assets/isometric-miniature-dungeon/Isometric/stoneWallStructure_W.png
  artifactKey: Guid(451009ad09869044cb350d9ebd9c1a45) Importer(2089858483,192608db42251d675da83286b1cce702)
Start importing Assets/Art/Assets/isometric-miniature-dungeon/Isometric/stoneWallStructure_W.png using Guid(451009ad09869044cb350d9ebd9c1a45) Importer(2089858483,192608db42251d675da83286b1cce702) (ScriptedImporter) -> (artifact id: '2a13a55bd14fc82b9e50a9dee342c940') in 0.0496712 seconds
Number of updated asset objects reloaded before import = 0Number of asset objects unloaded after import = 3

========================================================================
Received Import Request.
  Time since last request: 0.000060 seconds.
  path: Assets/Art/Assets/isometric-miniature-dungeon/Isometric/stoneWallAgedRight_E.png
  artifactKey: Guid(5506a83f84c74e94f8314babf4ce09a6) Importer(2089858483,192608db42251d675da83286b1cce702)
Start importing Assets/Art/Assets/isometric-miniature-dungeon/Isometric/stoneWallAgedRight_E.png using Guid(5506a83f84c74e94f8314babf4ce09a6) Importer(2089858483,192608db42251d675da83286b1cce702) (ScriptedImporter) -> (artifact id: '49b15998423bd20e67aceaa2c5c9e889') in 0.0551674 seconds
Number of updated asset objects reloaded before import = 0Number of asset objects unloaded after import = 3

========================================================================
Received Import Request.
  Time since last request: 0.000023 seconds.
  path: Assets/Art/Assets/isometric-miniature-dungeon/Angle/tableChairsBroken_E.png
  artifactKey: Guid(9a379dbaf7efd5a44853e5e7b68b601f) Importer(2089858483,192608db42251d675da83286b1cce702)
Start importing Assets/Art/Assets/isometric-miniature-dungeon/Angle/tableChairsBroken_E.png using Guid(9a379dbaf7efd5a44853e5e7b68b601f) Importer(2089858483,192608db42251d675da83286b1cce702) (ScriptedImporter) -> (artifact id: '5fe7745c8167639684aafa3e689e997f') in 0.0517697 seconds
Number of updated asset objects reloaded before import = 0Number of asset objects unloaded after import = 3

========================================================================
Received Import Request.
  Time since last request: 0.000020 seconds.
  path: Assets/Art/Assets/isometric-miniature-dungeon/Isometric/stoneWallGate_E.png
  artifactKey: Guid(12e7421e75348ca44b74f4d9b07145fe) Importer(2089858483,192608db42251d675da83286b1cce702)
Start importing Assets/Art/Assets/isometric-miniature-dungeon/Isometric/stoneWallGate_E.png using Guid(12e7421e75348ca44b74f4d9b07145fe) Importer(2089858483,192608db42251d675da83286b1cce702) (ScriptedImporter) -> (artifact id: '3d263b7d90c1586e38bafa970ca2fb9b') in 0.0543882 seconds
Number of updated asset objects reloaded before import = 0Number of asset objects unloaded after import = 3

========================================================================
Received Import Request.
  Time since last request: 0.000020 seconds.
  path: Assets/Art/Assets/isometric-miniature-dungeon/Angle/stoneWallBroken_N.png
  artifactKey: Guid(4dbaa9eb4e7b24e4dae87577e2955d09) Importer(2089858483,192608db42251d675da83286b1cce702)
Start importing Assets/Art/Assets/isometric-miniature-dungeon/Angle/stoneWallBroken_N.png using Guid(4dbaa9eb4e7b24e4dae87577e2955d09) Importer(2089858483,192608db42251d675da83286b1cce702) (ScriptedImporter) -> (artifact id: '8362bffa0537fbde298595e76d0d5380') in 0.0512104 seconds
Number of updated asset objects reloaded before import = 0Number of asset objects unloaded after import = 3

========================================================================
Received Import Request.
  Time since last request: 0.000023 seconds.
  path: Assets/Art/Assets/isometric-miniature-dungeon/Angle/stoneWallDoorBars_S.png
  artifactKey: Guid(99aa460cc38782549ae0487d3767c8fb) Importer(2089858483,192608db42251d675da83286b1cce702)
Start importing Assets/Art/Assets/isometric-miniature-dungeon/Angle/stoneWallDoorBars_S.png using Guid(99aa460cc38782549ae0487d3767c8fb) Importer(2089858483,192608db42251d675da83286b1cce702) (ScriptedImporter) -> (artifact id: '2f6cdd102dfc2ab75725861727b6bbc6') in 0.0482485 seconds
Number of updated asset objects reloaded before import = 0Number of asset objects unloaded after import = 3

========================================================================
Received Import Request.
  Time since last request: 0.000015 seconds.
  path: Assets/Art/Assets/isometric-miniature-dungeon/Isometric/bridgeBroken_S.png
  artifactKey: Guid(0ff45a0c959b7f6469222e1d1a27d9d8) Importer(2089858483,192608db42251d675da83286b1cce702)
Start importing Assets/Art/Assets/isometric-miniature-dungeon/Isometric/bridgeBroken_S.png using Guid(0ff45a0c959b7f6469222e1d1a27d9d8) Importer(2089858483,192608db42251d675da83286b1cce702) (ScriptedImporter) -> (artifact id: '813e431c6cc54a19c7df4f02de534930') in 0.0448028 seconds
Number of updated asset objects reloaded before import = 0Number of asset objects unloaded after import = 3

========================================================================
Received Import Request.
  Time since last request: 0.000014 seconds.
  path: Assets/Art/Assets/isometric-miniature-dungeon/Isometric/stoneWallGateClosed_W.png
  artifactKey: Guid(a95a25e60154490418778f7328e142c3) Importer(2089858483,192608db42251d675da83286b1cce702)
Start importing Assets/Art/Assets/isometric-miniature-dungeon/Isometric/stoneWallGateClosed_W.png using Guid(a95a25e60154490418778f7328e142c3) Importer(2089858483,192608db42251d675da83286b1cce702) (ScriptedImporter) -> (artifact id: '038cf53f23b62b17bf8177eb07d52257') in 0.0539995 seconds
Number of updated asset objects reloaded before import = 0Number of asset objects unloaded after import = 3

========================================================================
Received Import Request.
  Time since last request: 0.000021 seconds.
  path: Assets/Art/Assets/isometric-miniature-dungeon/Isometric/chair_S.png
  artifactKey: Guid(4ba9e4775fd33e941b61f9c7b3cf313a) Importer(2089858483,192608db42251d675da83286b1cce702)
Start importing Assets/Art/Assets/isometric-miniature-dungeon/Isometric/chair_S.png using Guid(4ba9e4775fd33e941b61f9c7b3cf313a) Importer(2089858483,192608db42251d675da83286b1cce702) (ScriptedImporter) -> (artifact id: '19382410ac5e47d828eae8ed71cfb58d') in 0.0367309 seconds
Number of updated asset objects reloaded before import = 0Number of asset objects unloaded after import = 3

========================================================================
Received Import Request.
  Time since last request: 0.000029 seconds.
  path: Assets/Art/Assets/isometric-miniature-dungeon/Isometric/stoneWallBrokenLeft_N.png
  artifactKey: Guid(744868d73d3065849a0aadb61c6fa1e0) Importer(2089858483,192608db42251d675da83286b1cce702)
Start importing Assets/Art/Assets/isometric-miniature-dungeon/Isometric/stoneWallBrokenLeft_N.png using Guid(744868d73d3065849a0aadb61c6fa1e0) Importer(2089858483,192608db42251d675da83286b1cce702) (ScriptedImporter) -> (artifact id: 'a7145a1e38289e9dec47e2882e0871ef') in 0.0430171 seconds
Number of updated asset objects reloaded before import = 0Number of asset objects unloaded after import = 3

========================================================================
Received Import Request.
  Time since last request: 0.000014 seconds.
  path: Assets/Art/Assets/isometric-miniature-dungeon/Isometric/stoneSideUneven_S.png
  artifactKey: Guid(914e8cf431e01b8439d1f26d1ebf64f5) Importer(2089858483,192608db42251d675da83286b1cce702)
Start importing Assets/Art/Assets/isometric-miniature-dungeon/Isometric/stoneSideUneven_S.png using Guid(914e8cf431e01b8439d1f26d1ebf64f5) Importer(2089858483,192608db42251d675da83286b1cce702) (ScriptedImporter) -> (artifact id: '6166985df8a301a479d28afb3a5167b0') in 0.0395485 seconds
Number of updated asset objects reloaded before import = 0Number of asset objects unloaded after import = 3

========================================================================
Received Import Request.
  Time since last request: 0.000016 seconds.
  path: Assets/Art/Assets/isometric-miniature-dungeon/Isometric/stoneLeft_W.png
  artifactKey: Guid(9ed515317cf830e4a98f74b49ed911f7) Importer(2089858483,192608db42251d675da83286b1cce702)
Start importing Assets/Art/Assets/isometric-miniature-dungeon/Isometric/stoneLeft_W.png using Guid(9ed515317cf830e4a98f74b49ed911f7) Importer(2089858483,192608db42251d675da83286b1cce702) (ScriptedImporter) -> (artifact id: '4b40865275fd2346dd1ccde7ed4e6c87') in 0.0393128 seconds
Number of updated asset objects reloaded before import = 0Number of asset objects unloaded after import = 3

========================================================================
Received Import Request.
  Time since last request: 0.000024 seconds.
  path: Assets/Art/Assets/isometric-miniature-dungeon/Isometric/stoneWallStructure_N.png
  artifactKey: Guid(120c6912eae4ae54da25702fec0e0bb5) Importer(2089858483,192608db42251d675da83286b1cce702)
Start importing Assets/Art/Assets/isometric-miniature-dungeon/Isometric/stoneWallStructure_N.png using Guid(120c6912eae4ae54da25702fec0e0bb5) Importer(2089858483,192608db42251d675da83286b1cce702) (ScriptedImporter) -> (artifact id: 'c833198670199a52ddf697f6912a38d3') in 0.038991 seconds
Number of updated asset objects reloaded before import = 0Number of asset objects unloaded after import = 3

========================================================================
Received Import Request.
  Time since last request: 0.000031 seconds.
  path: Assets/Art/Assets/isometric-miniature-dungeon/Isometric/stoneWallRoundWindow_S.png
  artifactKey: Guid(1970ecf39552b0b4ca0e5a80f76bab49) Importer(2089858483,192608db42251d675da83286b1cce702)
Start importing Assets/Art/Assets/isometric-miniature-dungeon/Isometric/stoneWallRoundWindow_S.png using Guid(1970ecf39552b0b4ca0e5a80f76bab49) Importer(2089858483,192608db42251d675da83286b1cce702) (ScriptedImporter) -> (artifact id: '4fbb49fc7f475c7f9e6848dbad3f4192') in 0.0512288 seconds
Number of updated asset objects reloaded before import = 0Number of asset objects unloaded after import = 3

========================================================================
Received Import Request.
  Time since last request: 0.000017 seconds.
  path: Assets/Art/Assets/isometric-miniature-dungeon/Isometric/tableRoundItemsChairs_N.png
  artifactKey: Guid(ef7f0909a59685a41a8919c3403d1972) Importer(2089858483,192608db42251d675da83286b1cce702)
Start importing Assets/Art/Assets/isometric-miniature-dungeon/Isometric/tableRoundItemsChairs_N.png using Guid(ef7f0909a59685a41a8919c3403d1972) Importer(2089858483,192608db42251d675da83286b1cce702) (ScriptedImporter) -> (artifact id: 'a6ac6947e048083a0dd5256e24334c29') in 0.0550454 seconds
Number of updated asset objects reloaded before import = 0Number of asset objects unloaded after import = 3

========================================================================
Received Import Request.
  Time since last request: 0.000016 seconds.
  path: Assets/Art/Assets/isometric-miniature-dungeon/Isometric/stoneWallArchway_W.png
  artifactKey: Guid(6ca56add8bdfe2f4e8b8034ad91d1f36) Importer(2089858483,192608db42251d675da83286b1cce702)
Start importing Assets/Art/Assets/isometric-miniature-dungeon/Isometric/stoneWallArchway_W.png using Guid(6ca56add8bdfe2f4e8b8034ad91d1f36) Importer(2089858483,192608db42251d675da83286b1cce702) (ScriptedImporter) -> (artifact id: 'a44b462e1302c3fb7179bde510d2aea2') in 0.0367102 seconds
Number of updated asset objects reloaded before import = 0Number of asset objects unloaded after import = 3

========================================================================
Received Import Request.
  Time since last request: 0.000020 seconds.
  path: Assets/Art/Assets/isometric-miniature-dungeon/Isometric/barrel_E.png
  artifactKey: Guid(057c7d3064110a644966b0cc1f2f73ab) Importer(2089858483,192608db42251d675da83286b1cce702)
Start importing Assets/Art/Assets/isometric-miniature-dungeon/Isometric/barrel_E.png using Guid(057c7d3064110a644966b0cc1f2f73ab) Importer(2089858483,192608db42251d675da83286b1cce702) (ScriptedImporter) -> (artifact id: 'd2eb48c3a329419ee3ffa193463de6b0') in 0.0512925 seconds
Number of updated asset objects reloaded before import = 0Number of asset objects unloaded after import = 3

========================================================================
Received Import Request.
  Time since last request: 0.000028 seconds.
  path: Assets/Art/Assets/isometric-miniature-dungeon/Isometric/stoneWallDoorClosed_W.png
  artifactKey: Guid(f99b55eeba5f1cc42ab8f54e21a7fd8e) Importer(2089858483,192608db42251d675da83286b1cce702)
Start importing Assets/Art/Assets/isometric-miniature-dungeon/Isometric/stoneWallDoorClosed_W.png using Guid(f99b55eeba5f1cc42ab8f54e21a7fd8e) Importer(2089858483,192608db42251d675da83286b1cce702) (ScriptedImporter) -> (artifact id: 'c9666a3c0f75aa049ebbd865d9cb08a6') in 0.0519865 seconds
Number of updated asset objects reloaded before import = 0Number of asset objects unloaded after import = 3

========================================================================
Received Import Request.
  Time since last request: 0.000016 seconds.
  path: Assets/Art/Assets/isometric-miniature-dungeon/Isometric/dirtTiles_S.png
  artifactKey: Guid(b3d2036a84f027949b25fe7d92cdf124) Importer(2089858483,192608db42251d675da83286b1cce702)
Start importing Assets/Art/Assets/isometric-miniature-dungeon/Isometric/dirtTiles_S.png using Guid(b3d2036a84f027949b25fe7d92cdf124) Importer(2089858483,192608db42251d675da83286b1cce702) (ScriptedImporter) -> (artifact id: '38839b67f728612a3a424374e8102c65') in 0.0459945 seconds
Number of updated asset objects reloaded before import = 0Number of asset objects unloaded after import = 3

========================================================================
Received Import Request.
  Time since last request: 0.000017 seconds.
  path: Assets/Art/Assets/isometric-miniature-dungeon/Isometric/chestClosed_E.png
  artifactKey: Guid(48daba8448b178b4e8ce523020654613) Importer(2089858483,192608db42251d675da83286b1cce702)
Start importing Assets/Art/Assets/isometric-miniature-dungeon/Isometric/chestClosed_E.png using Guid(48daba8448b178b4e8ce523020654613) Importer(2089858483,192608db42251d675da83286b1cce702) (ScriptedImporter) -> (artifact id: 'b5b8386d48536b5323b10a620e90cb7b') in 0.0434883 seconds
Number of updated asset objects reloaded before import = 0Number of asset objects unloaded after import = 3

========================================================================
Received Import Request.
  Time since last request: 0.000020 seconds.
  path: Assets/Art/Assets/isometric-miniature-dungeon/Isometric/stoneWallDoorClosed_E.png
  artifactKey: Guid(123b43b25db5bc448a2f91de4b8b4bbf) Importer(2089858483,192608db42251d675da83286b1cce702)
Start importing Assets/Art/Assets/isometric-miniature-dungeon/Isometric/stoneWallDoorClosed_E.png using Guid(123b43b25db5bc448a2f91de4b8b4bbf) Importer(2089858483,192608db42251d675da83286b1cce702) (ScriptedImporter) -> (artifact id: '27361d7d1af9a4cf7a493591146af3a2') in 0.0501463 seconds
Number of updated asset objects reloaded before import = 0Number of asset objects unloaded after import = 3

========================================================================
Received Import Request.
  Time since last request: 0.000023 seconds.
  path: Assets/Art/Assets/isometric-miniature-dungeon/Angle/stairsAged_N.png
  artifactKey: Guid(4dde0ccf657913f4bbddf92d08b3a6cf) Importer(2089858483,192608db42251d675da83286b1cce702)
Start importing Assets/Art/Assets/isometric-miniature-dungeon/Angle/stairsAged_N.png using Guid(4dde0ccf657913f4bbddf92d08b3a6cf) Importer(2089858483,192608db42251d675da83286b1cce702) (ScriptedImporter) -> (artifact id: '8e46a4a19cdabd82566cf7e7ea32a4fb') in 0.0614006 seconds
Number of updated asset objects reloaded before import = 0Number of asset objects unloaded after import = 3

========================================================================
Received Import Request.
  Time since last request: 0.000018 seconds.
  path: Assets/Art/Assets/isometric-miniature-dungeon/Isometric/woodenSupports_E.png
  artifactKey: Guid(e9e9fb8e1580bf049ae83f7c64b41eaf) Importer(2089858483,192608db42251d675da83286b1cce702)
Start importing Assets/Art/Assets/isometric-miniature-dungeon/Isometric/woodenSupports_E.png using Guid(e9e9fb8e1580bf049ae83f7c64b41eaf) Importer(2089858483,192608db42251d675da83286b1cce702) (ScriptedImporter) -> (artifact id: '8bf4f0bb506669ad10c5dad0d7792310') in 0.0504334 seconds
Number of updated asset objects reloaded before import = 0Number of asset objects unloaded after import = 3

========================================================================
Received Import Request.
  Time since last request: 0.000020 seconds.
  path: Assets/Art/Assets/isometric-miniature-dungeon/Isometric/barrelsStacked_E.png
  artifactKey: Guid(e8242881975b14e42ab9b4ca4704a508) Importer(2089858483,192608db42251d675da83286b1cce702)
Start importing Assets/Art/Assets/isometric-miniature-dungeon/Isometric/barrelsStacked_E.png using Guid(e8242881975b14e42ab9b4ca4704a508) Importer(2089858483,192608db42251d675da83286b1cce702) (ScriptedImporter) -> (artifact id: '5839723139a020d6f4b5cb8d78be2141') in 0.0476306 seconds
Number of updated asset objects reloaded before import = 0Number of asset objects unloaded after import = 3

========================================================================
Received Import Request.
  Time since last request: 0.000029 seconds.
  path: Assets/Art/Assets/isometric-miniature-dungeon/Isometric/stoneWallDoorBars_N.png
  artifactKey: Guid(7ab83f83bae24f6498b7c120b409804a) Importer(2089858483,192608db42251d675da83286b1cce702)
Start importing Assets/Art/Assets/isometric-miniature-dungeon/Isometric/stoneWallDoorBars_N.png using Guid(7ab83f83bae24f6498b7c120b409804a) Importer(2089858483,192608db42251d675da83286b1cce702) (ScriptedImporter) -> (artifact id: '079e653f36c69b8f5f5d0a07e2286fa3') in 0.0536608 seconds
Number of updated asset objects reloaded before import = 0Number of asset objects unloaded after import = 3

========================================================================
Received Import Request.
  Time since last request: 0.000015 seconds.
  path: Assets/Art/Assets/isometric-miniature-dungeon/Isometric/stoneWallDoorOpen_W.png
  artifactKey: Guid(22a131c1d97895e459b233b72170c40a) Importer(2089858483,192608db42251d675da83286b1cce702)
Start importing Assets/Art/Assets/isometric-miniature-dungeon/Isometric/stoneWallDoorOpen_W.png using Guid(22a131c1d97895e459b233b72170c40a) Importer(2089858483,192608db42251d675da83286b1cce702) (ScriptedImporter) -> (artifact id: '79ce7585e04792cbd2d7288a49060fe0') in 0.0490499 seconds
Number of updated asset objects reloaded before import = 0Number of asset objects unloaded after import = 3

========================================================================
Received Import Request.
  Time since last request: 0.000020 seconds.
  path: Assets/Art/Assets/isometric-miniature-dungeon/Isometric/stairsAged_N.png
  artifactKey: Guid(7ea4307ce04e4854fbfd324a254ffdd3) Importer(2089858483,192608db42251d675da83286b1cce702)
Start importing Assets/Art/Assets/isometric-miniature-dungeon/Isometric/stairsAged_N.png using Guid(7ea4307ce04e4854fbfd324a254ffdd3) Importer(2089858483,192608db42251d675da83286b1cce702) (ScriptedImporter) -> (artifact id: '271fbffc183b03703b4a8a446404a8f4') in 0.0582633 seconds
Number of updated asset objects reloaded before import = 0Number of asset objects unloaded after import = 3

========================================================================
Received Import Request.
  Time since last request: 0.000031 seconds.
  path: Assets/Art/Assets/isometric-miniature-dungeon/Isometric/woodenCrates_S.png
  artifactKey: Guid(dfbc4211041855b4a8eb2044fe8da5a2) Importer(2089858483,192608db42251d675da83286b1cce702)
Start importing Assets/Art/Assets/isometric-miniature-dungeon/Isometric/woodenCrates_S.png using Guid(dfbc4211041855b4a8eb2044fe8da5a2) Importer(2089858483,192608db42251d675da83286b1cce702) (ScriptedImporter) -> (artifact id: '8cd4e99d667eade3a99efda3b9335bfc') in 0.0528161 seconds
Number of updated asset objects reloaded before import = 0Number of asset objects unloaded after import = 3

========================================================================
Received Import Request.
  Time since last request: 0.000017 seconds.
  path: Assets/Art/Assets/isometric-miniature-dungeon/Isometric/stoneWallDoorOpen_N.png
  artifactKey: Guid(48e2f59d19ae85842a8e30be5af3da54) Importer(2089858483,192608db42251d675da83286b1cce702)
Start importing Assets/Art/Assets/isometric-miniature-dungeon/Isometric/stoneWallDoorOpen_N.png using Guid(48e2f59d19ae85842a8e30be5af3da54) Importer(2089858483,192608db42251d675da83286b1cce702) (ScriptedImporter) -> (artifact id: '0a0458651d70d172a2d8f9d3daf0f8f3') in 0.0557335 seconds
Number of updated asset objects reloaded before import = 0Number of asset objects unloaded after import = 3

========================================================================
Received Import Request.
  Time since last request: 0.000015 seconds.
  path: Assets/Art/Assets/isometric-miniature-dungeon/Isometric/stoneWallGateBars_E.png
  artifactKey: Guid(0d2b10ad6a5f0f64a818ca6dd91c5e95) Importer(2089858483,192608db42251d675da83286b1cce702)
Start importing Assets/Art/Assets/isometric-miniature-dungeon/Isometric/stoneWallGateBars_E.png using Guid(0d2b10ad6a5f0f64a818ca6dd91c5e95) Importer(2089858483,192608db42251d675da83286b1cce702) (ScriptedImporter) -> (artifact id: 'a2ab702b0cdc9749dcbf2b3d5a240ef7') in 0.0491861 seconds
Number of updated asset objects reloaded before import = 0Number of asset objects unloaded after import = 3

========================================================================
Received Import Request.
  Time since last request: 0.000021 seconds.
  path: Assets/Art/Assets/isometric-miniature-dungeon/Isometric/stoneWallTop_E.png
  artifactKey: Guid(80c401d8584add84f974baae9b977f62) Importer(2089858483,192608db42251d675da83286b1cce702)
Start importing Assets/Art/Assets/isometric-miniature-dungeon/Isometric/stoneWallTop_E.png using Guid(80c401d8584add84f974baae9b977f62) Importer(2089858483,192608db42251d675da83286b1cce702) (ScriptedImporter) -> (artifact id: 'a77bed53736291b8b47c00a637090404') in 0.0506212 seconds
Number of updated asset objects reloaded before import = 0Number of asset objects unloaded after import = 3

========================================================================
Received Import Request.
  Time since last request: 0.000028 seconds.
  path: Assets/Art/Assets/isometric-miniature-dungeon/Isometric/stoneWallAged_E.png
  artifactKey: Guid(027acac05f5b895489ef5dc4a5ec4400) Importer(2089858483,192608db42251d675da83286b1cce702)
Start importing Assets/Art/Assets/isometric-miniature-dungeon/Isometric/stoneWallAged_E.png using Guid(027acac05f5b895489ef5dc4a5ec4400) Importer(2089858483,192608db42251d675da83286b1cce702) (ScriptedImporter) -> (artifact id: 'ad2438dec8afc74e0e360c2e877e7b58') in 0.0474086 seconds
Number of updated asset objects reloaded before import = 0Number of asset objects unloaded after import = 3

========================================================================
Received Import Request.
  Time since last request: 0.000022 seconds.
  path: Assets/Art/Assets/isometric-miniature-dungeon/Isometric/stone_N.png
  artifactKey: Guid(4faa5876df362634c9a3194a3e7512da) Importer(2089858483,192608db42251d675da83286b1cce702)
Start importing Assets/Art/Assets/isometric-miniature-dungeon/Isometric/stone_N.png using Guid(4faa5876df362634c9a3194a3e7512da) Importer(2089858483,192608db42251d675da83286b1cce702) (ScriptedImporter) -> (artifact id: '8eb053aa1da2b61a6ca309e1b293a6df') in 0.0532678 seconds
Number of updated asset objects reloaded before import = 0Number of asset objects unloaded after import = 3

========================================================================
Received Import Request.
  Time since last request: 0.000020 seconds.
  path: Assets/Art/Assets/isometric-miniature-dungeon/Isometric/stoneWallHalf_E.png
  artifactKey: Guid(d04cd340f62bf204484dbb8aa6e73cc1) Importer(2089858483,192608db42251d675da83286b1cce702)
Start importing Assets/Art/Assets/isometric-miniature-dungeon/Isometric/stoneWallHalf_E.png using Guid(d04cd340f62bf204484dbb8aa6e73cc1) Importer(2089858483,192608db42251d675da83286b1cce702) (ScriptedImporter) -> (artifact id: '609c7aa66acb4efb3f9cd61c4e88ed2e') in 0.0550502 seconds
Number of updated asset objects reloaded before import = 0Number of asset objects unloaded after import = 3

========================================================================
Received Import Request.
  Time since last request: 0.000029 seconds.
  path: Assets/Art/Assets/isometric-miniature-dungeon/Isometric/woodenCrates_E.png
  artifactKey: Guid(4672a8860c90d5840ac74daedae8294c) Importer(2089858483,192608db42251d675da83286b1cce702)
Start importing Assets/Art/Assets/isometric-miniature-dungeon/Isometric/woodenCrates_E.png using Guid(4672a8860c90d5840ac74daedae8294c) Importer(2089858483,192608db42251d675da83286b1cce702) (ScriptedImporter) -> (artifact id: '3636369bfdf3e4944186e348116fbaf1') in 0.0480304 seconds
Number of updated asset objects reloaded before import = 0Number of asset objects unloaded after import = 3

========================================================================
Received Import Request.
  Time since last request: 0.000016 seconds.
  path: Assets/Art/Assets/isometric-miniature-dungeon/Isometric/stoneWallDoorOpen_S.png
  artifactKey: Guid(23ef13fd462b2314bb398f60306ddd6a) Importer(2089858483,192608db42251d675da83286b1cce702)
Start importing Assets/Art/Assets/isometric-miniature-dungeon/Isometric/stoneWallDoorOpen_S.png using Guid(23ef13fd462b2314bb398f60306ddd6a) Importer(2089858483,192608db42251d675da83286b1cce702) (ScriptedImporter) -> (artifact id: '753ad8e22d0703146faa5bc585da6c37') in 0.0568116 seconds
Number of updated asset objects reloaded before import = 0Number of asset objects unloaded after import = 3

========================================================================
Received Import Request.
  Time since last request: 0.000055 seconds.
  path: Assets/Art/Assets/isometric-miniature-dungeon/Isometric/woodenCrates_N.png
  artifactKey: Guid(b57473871143fff4fa635a2124af4ffe) Importer(2089858483,192608db42251d675da83286b1cce702)
Start importing Assets/Art/Assets/isometric-miniature-dungeon/Isometric/woodenCrates_N.png using Guid(b57473871143fff4fa635a2124af4ffe) Importer(2089858483,192608db42251d675da83286b1cce702) (ScriptedImporter) -> (artifact id: '6e1750b4c65f1ff45f61b5045c521700') in 0.0508718 seconds
Number of updated asset objects reloaded before import = 0Number of asset objects unloaded after import = 3

========================================================================
Received Import Request.
  Time since last request: 0.000029 seconds.
  path: Assets/Art/Assets/isometric-miniature-dungeon/Isometric/stoneWallAgedLeft_W.png
  artifactKey: Guid(cfcc086c0ad979f41b7d21a8eae2e371) Importer(2089858483,192608db42251d675da83286b1cce702)
Start importing Assets/Art/Assets/isometric-miniature-dungeon/Isometric/stoneWallAgedLeft_W.png using Guid(cfcc086c0ad979f41b7d21a8eae2e371) Importer(2089858483,192608db42251d675da83286b1cce702) (ScriptedImporter) -> (artifact id: 'a7e714bce5b00778cc0d378285b08a92') in 0.0427355 seconds
Number of updated asset objects reloaded before import = 0Number of asset objects unloaded after import = 3

========================================================================
Received Import Request.
  Time since last request: 0.000018 seconds.
  path: Assets/Art/Assets/isometric-miniature-dungeon/Isometric/stoneColumnWood_N.png
  artifactKey: Guid(f858089e9d8cabf47b77a21f8716f872) Importer(2089858483,192608db42251d675da83286b1cce702)
Start importing Assets/Art/Assets/isometric-miniature-dungeon/Isometric/stoneColumnWood_N.png using Guid(f858089e9d8cabf47b77a21f8716f872) Importer(2089858483,192608db42251d675da83286b1cce702) (ScriptedImporter) -> (artifact id: '3d968bd5e9f613d0b5533b2eeae1f304') in 0.0441719 seconds
Number of updated asset objects reloaded before import = 0Number of asset objects unloaded after import = 3

========================================================================
Received Import Request.
  Time since last request: 0.000023 seconds.
  path: Assets/Art/Assets/isometric-miniature-dungeon/Isometric/woodenSupportsBlock_N.png
  artifactKey: Guid(b9881d7b7407fd9478c09df5a2381e96) Importer(2089858483,192608db42251d675da83286b1cce702)
Start importing Assets/Art/Assets/isometric-miniature-dungeon/Isometric/woodenSupportsBlock_N.png using Guid(b9881d7b7407fd9478c09df5a2381e96) Importer(2089858483,192608db42251d675da83286b1cce702) (ScriptedImporter) -> (artifact id: '58fc6faa6b7ef1b8809985f6d86d6578') in 0.0556611 seconds
Number of updated asset objects reloaded before import = 0Number of asset objects unloaded after import = 3

========================================================================
Received Import Request.
  Time since last request: 0.000018 seconds.
  path: Assets/Art/Assets/isometric-miniature-dungeon/Isometric/planksHole_W.png
  artifactKey: Guid(6cef25e9b67fb1c4b857f04b7caa8dcf) Importer(2089858483,192608db42251d675da83286b1cce702)
Start importing Assets/Art/Assets/isometric-miniature-dungeon/Isometric/planksHole_W.png using Guid(6cef25e9b67fb1c4b857f04b7caa8dcf) Importer(2089858483,192608db42251d675da83286b1cce702) (ScriptedImporter) -> (artifact id: '9bfd1a573bb73faf2ef7486dcb7bddd5') in 0.0524548 seconds
Number of updated asset objects reloaded before import = 0Number of asset objects unloaded after import = 3

========================================================================
Received Import Request.
  Time since last request: 0.000033 seconds.
  path: Assets/Art/Assets/isometric-miniature-dungeon/Isometric/planksBroken_N.png
  artifactKey: Guid(4439f8ee4783b3447b672a30a60fc117) Importer(2089858483,192608db42251d675da83286b1cce702)
Start importing Assets/Art/Assets/isometric-miniature-dungeon/Isometric/planksBroken_N.png using Guid(4439f8ee4783b3447b672a30a60fc117) Importer(2089858483,192608db42251d675da83286b1cce702) (ScriptedImporter) -> (artifact id: '813ae693ab3029eae91c42f7fbd0f808') in 0.0455813 seconds
Number of updated asset objects reloaded before import = 0Number of asset objects unloaded after import = 3

========================================================================
Received Import Request.
  Time since last request: 0.000026 seconds.
  path: Assets/Art/Assets/isometric-miniature-dungeon/Isometric/stoneRight_E.png
  artifactKey: Guid(5c02e19cb1365994092faa5aa8286ba4) Importer(2089858483,192608db42251d675da83286b1cce702)
Start importing Assets/Art/Assets/isometric-miniature-dungeon/Isometric/stoneRight_E.png using Guid(5c02e19cb1365994092faa5aa8286ba4) Importer(2089858483,192608db42251d675da83286b1cce702) (ScriptedImporter) -> (artifact id: 'de5d34400a0bfe7ff988b7a7af8ae845') in 0.0534636 seconds
Number of updated asset objects reloaded before import = 0Number of asset objects unloaded after import = 3

========================================================================
Received Import Request.
  Time since last request: 0.000023 seconds.
  path: Assets/Art/Assets/isometric-miniature-dungeon/Isometric/chestOpen_W.png
  artifactKey: Guid(869759819d475274aae9349e21d5a53c) Importer(2089858483,192608db42251d675da83286b1cce702)
Start importing Assets/Art/Assets/isometric-miniature-dungeon/Isometric/chestOpen_W.png using Guid(869759819d475274aae9349e21d5a53c) Importer(2089858483,192608db42251d675da83286b1cce702) (ScriptedImporter) -> (artifact id: '2a772989b8067e88a9705898b5397de3') in 0.031958 seconds
Number of updated asset objects reloaded before import = 0Number of asset objects unloaded after import = 3

========================================================================
Received Import Request.
  Time since last request: 0.000020 seconds.
  path: Assets/Art/Assets/isometric-miniature-dungeon/Isometric/tableShortChairs_W.png
  artifactKey: Guid(535fda49ee99699478ea49458a1adf30) Importer(2089858483,192608db42251d675da83286b1cce702)
Start importing Assets/Art/Assets/isometric-miniature-dungeon/Isometric/tableShortChairs_W.png using Guid(535fda49ee99699478ea49458a1adf30) Importer(2089858483,192608db42251d675da83286b1cce702) (ScriptedImporter) -> (artifact id: '21e7d3faa8215da49949d27f74b08d0c') in 0.0350268 seconds
Number of updated asset objects reloaded before import = 0Number of asset objects unloaded after import = 3

========================================================================
Received Import Request.
  Time since last request: 0.000031 seconds.
  path: Assets/Art/Assets/isometric-miniature-dungeon/Isometric/stoneWallAgedLeft_S.png
  artifactKey: Guid(96c990e642cf4004998d62aa8959e61c) Importer(2089858483,192608db42251d675da83286b1cce702)
Start importing Assets/Art/Assets/isometric-miniature-dungeon/Isometric/stoneWallAgedLeft_S.png using Guid(96c990e642cf4004998d62aa8959e61c) Importer(2089858483,192608db42251d675da83286b1cce702) (ScriptedImporter) -> (artifact id: '7a6607d294f4ef5d63e845573979f1fc') in 0.0368861 seconds
Number of updated asset objects reloaded before import = 0Number of asset objects unloaded after import = 3

========================================================================
Received Import Request.
  Time since last request: 0.000018 seconds.
  path: Assets/Art/Assets/isometric-miniature-dungeon/Isometric/stoneWallBroken_S.png
  artifactKey: Guid(e0907a93f3eef5c45bb118e00453a9a2) Importer(2089858483,192608db42251d675da83286b1cce702)
Start importing Assets/Art/Assets/isometric-miniature-dungeon/Isometric/stoneWallBroken_S.png using Guid(e0907a93f3eef5c45bb118e00453a9a2) Importer(2089858483,192608db42251d675da83286b1cce702) (ScriptedImporter) -> (artifact id: '55bf08b9e519e43b20148b514a46bee9') in 0.0344148 seconds
Number of updated asset objects reloaded before import = 0Number of asset objects unloaded after import = 3

========================================================================
Received Import Request.
  Time since last request: 0.000016 seconds.
  path: Assets/Art/Assets/isometric-miniature-dungeon/Isometric/stoneWallColumn_N.png
  artifactKey: Guid(d2f9d3989ff623d45b739711e319cbec) Importer(2089858483,192608db42251d675da83286b1cce702)
Start importing Assets/Art/Assets/isometric-miniature-dungeon/Isometric/stoneWallColumn_N.png using Guid(d2f9d3989ff623d45b739711e319cbec) Importer(2089858483,192608db42251d675da83286b1cce702) (ScriptedImporter) -> (artifact id: '9a7e2527cc97c55cc18a82b2d8855916') in 0.0327152 seconds
Number of updated asset objects reloaded before import = 0Number of asset objects unloaded after import = 3

========================================================================
Received Import Request.
  Time since last request: 0.000020 seconds.
  path: Assets/Art/Assets/isometric-miniature-dungeon/Isometric/chair_N.png
  artifactKey: Guid(f369dbf856f6aa94aa4c51b9b80389ed) Importer(2089858483,192608db42251d675da83286b1cce702)
Start importing Assets/Art/Assets/isometric-miniature-dungeon/Isometric/chair_N.png using Guid(f369dbf856f6aa94aa4c51b9b80389ed) Importer(2089858483,192608db42251d675da83286b1cce702) (ScriptedImporter) -> (artifact id: '9efd8cd10db04ffa2fd8cc57e37570cb') in 0.0373304 seconds
Number of updated asset objects reloaded before import = 0Number of asset objects unloaded after import = 3

========================================================================
Received Import Request.
  Time since last request: 0.000037 seconds.
  path: Assets/Art/Assets/isometric-miniature-dungeon/Isometric/woodenSupportsBeam_E.png
  artifactKey: Guid(fa08ef57acee90c4ea1ae93fdc31cb15) Importer(2089858483,192608db42251d675da83286b1cce702)
Start importing Assets/Art/Assets/isometric-miniature-dungeon/Isometric/woodenSupportsBeam_E.png using Guid(fa08ef57acee90c4ea1ae93fdc31cb15) Importer(2089858483,192608db42251d675da83286b1cce702) (ScriptedImporter) -> (artifact id: 'c7d6394951e6b5b25a1ff805ac48222a') in 0.0371376 seconds
Number of updated asset objects reloaded before import = 0Number of asset objects unloaded after import = 3

========================================================================
Received Import Request.
  Time since last request: 0.000019 seconds.
  path: Assets/Art/Assets/isometric-miniature-dungeon/Isometric/dirtTiles_E.png
  artifactKey: Guid(cbc7389539a56044d8df9a36bcc27806) Importer(2089858483,192608db42251d675da83286b1cce702)
Start importing Assets/Art/Assets/isometric-miniature-dungeon/Isometric/dirtTiles_E.png using Guid(cbc7389539a56044d8df9a36bcc27806) Importer(2089858483,192608db42251d675da83286b1cce702) (ScriptedImporter) -> (artifact id: 'e1307e0c49a7a9cb330a6543ea5ae69c') in 0.045427 seconds
Number of updated asset objects reloaded before import = 0Number of asset objects unloaded after import = 3

========================================================================
Received Import Request.
  Time since last request: 0.000016 seconds.
  path: Assets/Art/Assets/isometric-miniature-dungeon/Isometric/dirt_N.png
  artifactKey: Guid(c20701c332e8eb24b965dfd416f506c1) Importer(2089858483,192608db42251d675da83286b1cce702)
Start importing Assets/Art/Assets/isometric-miniature-dungeon/Isometric/dirt_N.png using Guid(c20701c332e8eb24b965dfd416f506c1) Importer(2089858483,192608db42251d675da83286b1cce702) (ScriptedImporter) -> (artifact id: '2191f3f6f19ec81f22c49178d9746daf') in 0.0583115 seconds
Number of updated asset objects reloaded before import = 0Number of asset objects unloaded after import = 3

========================================================================
Received Import Request.
  Time since last request: 0.000017 seconds.
  path: Assets/Art/Assets/isometric-miniature-dungeon/Isometric/bridge_E.png
  artifactKey: Guid(095142c7e00165b45bb76e3600da30ab) Importer(2089858483,192608db42251d675da83286b1cce702)
Start importing Assets/Art/Assets/isometric-miniature-dungeon/Isometric/bridge_E.png using Guid(095142c7e00165b45bb76e3600da30ab) Importer(2089858483,192608db42251d675da83286b1cce702) (ScriptedImporter) -> (artifact id: '6955ac2fc5f241a9c2ffa21076e1153b') in 0.0704931 seconds
Number of updated asset objects reloaded before import = 0Number of asset objects unloaded after import = 3

========================================================================
Received Import Request.
  Time since last request: 0.000025 seconds.
  path: Assets/Art/Assets/isometric-miniature-dungeon/Isometric/stoneWallBrokenLeft_S.png
  artifactKey: Guid(a44ec62f250fd2f419a1f7d2b5f0a581) Importer(2089858483,192608db42251d675da83286b1cce702)
Start importing Assets/Art/Assets/isometric-miniature-dungeon/Isometric/stoneWallBrokenLeft_S.png using Guid(a44ec62f250fd2f419a1f7d2b5f0a581) Importer(2089858483,192608db42251d675da83286b1cce702) (ScriptedImporter) -> (artifact id: 'acb81e048eb55bfec2cd25b75769dcec') in 0.0640022 seconds
Number of updated asset objects reloaded before import = 0Number of asset objects unloaded after import = 3

========================================================================
Received Import Request.
  Time since last request: 0.000015 seconds.
  path: Assets/Art/Assets/isometric-miniature-dungeon/Isometric/stoneUneven_S.png
  artifactKey: Guid(83a935b77c97fe4418623ed215c64991) Importer(2089858483,192608db42251d675da83286b1cce702)
Start importing Assets/Art/Assets/isometric-miniature-dungeon/Isometric/stoneUneven_S.png using Guid(83a935b77c97fe4418623ed215c64991) Importer(2089858483,192608db42251d675da83286b1cce702) (ScriptedImporter) -> (artifact id: '57e5f25f64814da8559c12e3bd28cb85') in 0.0453104 seconds
Number of updated asset objects reloaded before import = 0Number of asset objects unloaded after import = 3

========================================================================
Received Import Request.
  Time since last request: 0.000018 seconds.
  path: Assets/Art/Assets/isometric-miniature-dungeon/Isometric/stairsSpiral_E.png
  artifactKey: Guid(73e588cedb3b664429112e10fda52d00) Importer(2089858483,192608db42251d675da83286b1cce702)
Start importing Assets/Art/Assets/isometric-miniature-dungeon/Isometric/stairsSpiral_E.png using Guid(73e588cedb3b664429112e10fda52d00) Importer(2089858483,192608db42251d675da83286b1cce702) (ScriptedImporter) -> (artifact id: '8155655eb488958302edd2f6aa4574e5') in 0.0437046 seconds
Number of updated asset objects reloaded before import = 0Number of asset objects unloaded after import = 3

========================================================================
Received Import Request.
  Time since last request: 0.000025 seconds.
  path: Assets/Art/Assets/isometric-miniature-dungeon/Isometric/stoneWallAged_N.png
  artifactKey: Guid(ae82ed3488191b64797b68c5001dd8d7) Importer(2089858483,192608db42251d675da83286b1cce702)
Start importing Assets/Art/Assets/isometric-miniature-dungeon/Isometric/stoneWallAged_N.png using Guid(ae82ed3488191b64797b68c5001dd8d7) Importer(2089858483,192608db42251d675da83286b1cce702) (ScriptedImporter) -> (artifact id: '2559b3c3d3174994adbc03d1e3188f5d') in 0.0459068 seconds
Number of updated asset objects reloaded before import = 0Number of asset objects unloaded after import = 3

========================================================================
Received Import Request.
  Time since last request: 0.000025 seconds.
  path: Assets/Art/Assets/isometric-miniature-dungeon/Isometric/dirt_E.png
  artifactKey: Guid(e26495eeec2d2794a8e7a65f6f34312b) Importer(2089858483,192608db42251d675da83286b1cce702)
Start importing Assets/Art/Assets/isometric-miniature-dungeon/Isometric/dirt_E.png using Guid(e26495eeec2d2794a8e7a65f6f34312b) Importer(2089858483,192608db42251d675da83286b1cce702) (ScriptedImporter) -> (artifact id: '10ef0445d24e91fd328e0f3f97a605ce') in 0.050921 seconds
Number of updated asset objects reloaded before import = 0Number of asset objects unloaded after import = 3

========================================================================
Received Import Request.
  Time since last request: 0.000019 seconds.
  path: Assets/Art/Assets/isometric-miniature-dungeon/Isometric/planksHole_S.png
  artifactKey: Guid(0a19d97a252e11c41b4c09fa50259f1e) Importer(2089858483,192608db42251d675da83286b1cce702)
Start importing Assets/Art/Assets/isometric-miniature-dungeon/Isometric/planksHole_S.png using Guid(0a19d97a252e11c41b4c09fa50259f1e) Importer(2089858483,192608db42251d675da83286b1cce702) (ScriptedImporter) -> (artifact id: 'dd4ad2fe4a56aa0ba5e50d4a30ce32e5') in 0.0549853 seconds
Number of updated asset objects reloaded before import = 0Number of asset objects unloaded after import = 3

========================================================================
Received Import Request.
  Time since last request: 0.000019 seconds.
  path: Assets/Art/Assets/isometric-miniature-dungeon/Isometric/stoneWallHole_W.png
  artifactKey: Guid(114bdf76126eab946b7782a0a1f9dbd4) Importer(2089858483,192608db42251d675da83286b1cce702)
Start importing Assets/Art/Assets/isometric-miniature-dungeon/Isometric/stoneWallHole_W.png using Guid(114bdf76126eab946b7782a0a1f9dbd4) Importer(2089858483,192608db42251d675da83286b1cce702) (ScriptedImporter) -> (artifact id: '452cc094a40160bed239ca571d0ae093') in 0.0540317 seconds
Number of updated asset objects reloaded before import = 0Number of asset objects unloaded after import = 3

========================================================================
Received Import Request.
  Time since last request: 0.000032 seconds.
  path: Assets/Art/Assets/isometric-miniature-dungeon/Isometric/dirt_W.png
  artifactKey: Guid(108723e9a826e72438077529178eff9f) Importer(2089858483,192608db42251d675da83286b1cce702)
Start importing Assets/Art/Assets/isometric-miniature-dungeon/Isometric/dirt_W.png using Guid(108723e9a826e72438077529178eff9f) Importer(2089858483,192608db42251d675da83286b1cce702) (ScriptedImporter) -> (artifact id: 'a1f1a96314c20210aad958a0f3e412c5') in 0.0523627 seconds
Number of updated asset objects reloaded before import = 0Number of asset objects unloaded after import = 3

========================================================================
Received Import Request.
  Time since last request: 0.000016 seconds.
  path: Assets/Art/Assets/isometric-miniature-dungeon/Isometric/stoneWallWindowBars_E.png
  artifactKey: Guid(fdd89c95cb1da5b4e9ff0e0d43642b3e) Importer(2089858483,192608db42251d675da83286b1cce702)
Start importing Assets/Art/Assets/isometric-miniature-dungeon/Isometric/stoneWallWindowBars_E.png using Guid(fdd89c95cb1da5b4e9ff0e0d43642b3e) Importer(2089858483,192608db42251d675da83286b1cce702) (ScriptedImporter) -> (artifact id: '4b5021be7db08cb45306d2d518a4fd7d') in 0.059552 seconds
Number of updated asset objects reloaded before import = 0Number of asset objects unloaded after import = 3

========================================================================
Received Import Request.
  Time since last request: 0.000017 seconds.
  path: Assets/Art/Assets/isometric-miniature-dungeon/Isometric/stoneWallGate_S.png
  artifactKey: Guid(d0a67087316772e4f8883a330b8a6789) Importer(2089858483,192608db42251d675da83286b1cce702)
Start importing Assets/Art/Assets/isometric-miniature-dungeon/Isometric/stoneWallGate_S.png using Guid(d0a67087316772e4f8883a330b8a6789) Importer(2089858483,192608db42251d675da83286b1cce702) (ScriptedImporter) -> (artifact id: '7768f4e82f8a35bb4daa5f5e85412f25') in 0.0513306 seconds
Number of updated asset objects reloaded before import = 0Number of asset objects unloaded after import = 3

========================================================================
Received Import Request.
  Time since last request: 0.000025 seconds.
  path: Assets/Art/Assets/isometric-miniature-dungeon/Isometric/stoneWallRoundBroken_S.png
  artifactKey: Guid(ed7a6f7195477cd409f0b3c9d91e1628) Importer(2089858483,192608db42251d675da83286b1cce702)
Start importing Assets/Art/Assets/isometric-miniature-dungeon/Isometric/stoneWallRoundBroken_S.png using Guid(ed7a6f7195477cd409f0b3c9d91e1628) Importer(2089858483,192608db42251d675da83286b1cce702) (ScriptedImporter) -> (artifact id: '71c102207b6d1c756c0242b0ada09695') in 0.0526366 seconds
Number of updated asset objects reloaded before import = 0Number of asset objects unloaded after import = 3

========================================================================
Received Import Request.
  Time since last request: 0.000017 seconds.
  path: Assets/Art/Assets/isometric-miniature-dungeon/Isometric/stoneTile_N.png
  artifactKey: Guid(51989b95be7be7d41b0c9d931ecdf239) Importer(2089858483,192608db42251d675da83286b1cce702)
Start importing Assets/Art/Assets/isometric-miniature-dungeon/Isometric/stoneTile_N.png using Guid(51989b95be7be7d41b0c9d931ecdf239) Importer(2089858483,192608db42251d675da83286b1cce702) (ScriptedImporter) -> (artifact id: '65ad77cfd85b26d3644cc60c793fd996') in 0.0618571 seconds
Number of updated asset objects reloaded before import = 0Number of asset objects unloaded after import = 3

========================================================================
Received Import Request.
  Time since last request: 0.000026 seconds.
  path: Assets/Art/Assets/isometric-miniature-dungeon/Isometric/bridgeBroken_W.png
  artifactKey: Guid(dc9c3c3de67f32f4bbf16ea45f516bb9) Importer(2089858483,192608db42251d675da83286b1cce702)
Start importing Assets/Art/Assets/isometric-miniature-dungeon/Isometric/bridgeBroken_W.png using Guid(dc9c3c3de67f32f4bbf16ea45f516bb9) Importer(2089858483,192608db42251d675da83286b1cce702) (ScriptedImporter) -> (artifact id: '9d7adf26540cf2017985e3f196c0a92d') in 0.0527092 seconds
Number of updated asset objects reloaded before import = 0Number of asset objects unloaded after import = 3

========================================================================
Received Import Request.
  Time since last request: 0.000025 seconds.
  path: Assets/Art/Assets/isometric-miniature-dungeon/Isometric/stoneInset_W.png
  artifactKey: Guid(50242e43a2bebad4f904ccc413c4fee6) Importer(2089858483,192608db42251d675da83286b1cce702)
Start importing Assets/Art/Assets/isometric-miniature-dungeon/Isometric/stoneInset_W.png using Guid(50242e43a2bebad4f904ccc413c4fee6) Importer(2089858483,192608db42251d675da83286b1cce702) (ScriptedImporter) -> (artifact id: '99336303ad7f3d6d8a79098c02fb1f79') in 0.0545023 seconds
Number of updated asset objects reloaded before import = 0Number of asset objects unloaded after import = 3

========================================================================
Received Import Request.
  Time since last request: 0.000015 seconds.
  path: Assets/Art/Assets/isometric-miniature-dungeon/Isometric/stoneCorner_S.png
  artifactKey: Guid(090952c35fe39dc44b3c328029c1d656) Importer(2089858483,192608db42251d675da83286b1cce702)
Start importing Assets/Art/Assets/isometric-miniature-dungeon/Isometric/stoneCorner_S.png using Guid(090952c35fe39dc44b3c328029c1d656) Importer(2089858483,192608db42251d675da83286b1cce702) (ScriptedImporter) -> (artifact id: 'd27164cfdaa20c325ade9e9922f4afee') in 0.0492666 seconds
Number of updated asset objects reloaded before import = 0Number of asset objects unloaded after import = 3

========================================================================
Received Import Request.
  Time since last request: 0.000021 seconds.
  path: Assets/Art/Assets/isometric-miniature-dungeon/Isometric/woodenCrate_S.png
  artifactKey: Guid(5701f1f0853c0fa48ae017cde646472e) Importer(2089858483,192608db42251d675da83286b1cce702)
Start importing Assets/Art/Assets/isometric-miniature-dungeon/Isometric/woodenCrate_S.png using Guid(5701f1f0853c0fa48ae017cde646472e) Importer(2089858483,192608db42251d675da83286b1cce702) (ScriptedImporter) -> (artifact id: 'fbd201b1ccd5130983dd3c6253c7b8fb') in 0.052646 seconds
Number of updated asset objects reloaded before import = 0Number of asset objects unloaded after import = 3

========================================================================
Received Import Request.
  Time since last request: 0.000017 seconds.
  path: Assets/Art/Assets/isometric-miniature-dungeon/Isometric/tableRoundChairs_W.png
  artifactKey: Guid(d47fa46634ca20646a41d8c3c80d6e48) Importer(2089858483,192608db42251d675da83286b1cce702)
Start importing Assets/Art/Assets/isometric-miniature-dungeon/Isometric/tableRoundChairs_W.png using Guid(d47fa46634ca20646a41d8c3c80d6e48) Importer(2089858483,192608db42251d675da83286b1cce702) (ScriptedImporter) -> (artifact id: '12a68ff5475bd8bc23bdedab2ea10546') in 0.0590893 seconds
Number of updated asset objects reloaded before import = 0Number of asset objects unloaded after import = 3

========================================================================
Received Import Request.
  Time since last request: 0.000065 seconds.
  path: Assets/Art/Assets/isometric-miniature-farm/Angle/fenceLowBroken_N.png
  artifactKey: Guid(33b5fc497586b1f429d4ae79e127511d) Importer(2089858483,192608db42251d675da83286b1cce702)
Start importing Assets/Art/Assets/isometric-miniature-farm/Angle/fenceLowBroken_N.png using Guid(33b5fc497586b1f429d4ae79e127511d) Importer(2089858483,192608db42251d675da83286b1cce702) (ScriptedImporter) -> (artifact id: '452e8fbb37ebe1f7e313ddba1e3cfd13') in 0.0478596 seconds
Number of updated asset objects reloaded before import = 0Number of asset objects unloaded after import = 3

========================================================================
Received Import Request.
  Time since last request: 0.000016 seconds.
  path: Assets/Art/Assets/isometric-miniature-dungeon/Isometric/stoneWallWindowBars_N.png
  artifactKey: Guid(d27a3e59e004a2f48b535c995d16e75d) Importer(2089858483,192608db42251d675da83286b1cce702)
Start importing Assets/Art/Assets/isometric-miniature-dungeon/Isometric/stoneWallWindowBars_N.png using Guid(d27a3e59e004a2f48b535c995d16e75d) Importer(2089858483,192608db42251d675da83286b1cce702) (ScriptedImporter) -> (artifact id: 'e9697ef647369a959eb67636ac20dad4') in 0.055128 seconds
Number of updated asset objects reloaded before import = 0Number of asset objects unloaded after import = 3

========================================================================
Received Import Request.
  Time since last request: 0.000017 seconds.
  path: Assets/Art/Assets/isometric-miniature-farm/Angle/chimneyBase_W.png
  artifactKey: Guid(174f8f897d1f741499f3a0cb02460fb5) Importer(2089858483,192608db42251d675da83286b1cce702)
Start importing Assets/Art/Assets/isometric-miniature-farm/Angle/chimneyBase_W.png using Guid(174f8f897d1f741499f3a0cb02460fb5) Importer(2089858483,192608db42251d675da83286b1cce702) (ScriptedImporter) -> (artifact id: 'cf773811a7beb7bd13b60f008a1e392e') in 0.0407447 seconds
Number of updated asset objects reloaded before import = 0Number of asset objects unloaded after import = 3

========================================================================
Received Import Request.
  Time since last request: 0.000018 seconds.
  path: Assets/Art/Assets/isometric-miniature-dungeon/Isometric/stoneWallTop_S.png
  artifactKey: Guid(a2fb4331520ca334caf3580fcab95a79) Importer(2089858483,192608db42251d675da83286b1cce702)
Start importing Assets/Art/Assets/isometric-miniature-dungeon/Isometric/stoneWallTop_S.png using Guid(a2fb4331520ca334caf3580fcab95a79) Importer(2089858483,192608db42251d675da83286b1cce702) (ScriptedImporter) -> (artifact id: 'fd730ec7deb020eaf2733b653f809cfd') in 0.0612238 seconds
Number of updated asset objects reloaded before import = 0Number of asset objects unloaded after import = 3

========================================================================
Received Import Request.
  Time since last request: 0.000035 seconds.
  path: Assets/Art/Assets/isometric-miniature-farm/Angle/woodWallDoorClosed_E.png
  artifactKey: Guid(0eec082ab96d34542b22b737f7690d2d) Importer(2089858483,192608db42251d675da83286b1cce702)
Start importing Assets/Art/Assets/isometric-miniature-farm/Angle/woodWallDoorClosed_E.png using Guid(0eec082ab96d34542b22b737f7690d2d) Importer(2089858483,192608db42251d675da83286b1cce702) (ScriptedImporter) -> (artifact id: '89a6907c680bbac34658cdc4e81364bc') in 0.0524929 seconds
Number of updated asset objects reloaded before import = 0Number of asset objects unloaded after import = 3

========================================================================
Received Import Request.
  Time since last request: 0.000017 seconds.
  path: Assets/Art/Assets/isometric-miniature-farm/Angle/woodWallEmptyOpen_S.png
  artifactKey: Guid(89f60923a6994a3408eda40a7b9f4bc9) Importer(2089858483,192608db42251d675da83286b1cce702)
Start importing Assets/Art/Assets/isometric-miniature-farm/Angle/woodWallEmptyOpen_S.png using Guid(89f60923a6994a3408eda40a7b9f4bc9) Importer(2089858483,192608db42251d675da83286b1cce702) (ScriptedImporter) -> (artifact id: 'b9d1ae531dd129e9db27fb33e0ac0c4e') in 0.0536414 seconds
Number of updated asset objects reloaded before import = 0Number of asset objects unloaded after import = 3

========================================================================
Received Import Request.
  Time since last request: 0.000017 seconds.
  path: Assets/Art/Assets/isometric-miniature-farm/Angle/planks_W.png
  artifactKey: Guid(ccacedf3945f3bc4d877d8274b67d599) Importer(2089858483,192608db42251d675da83286b1cce702)
Start importing Assets/Art/Assets/isometric-miniature-farm/Angle/planks_W.png using Guid(ccacedf3945f3bc4d877d8274b67d599) Importer(2089858483,192608db42251d675da83286b1cce702) (ScriptedImporter) -> (artifact id: '95f651a519059680da967be750a04f79') in 0.0483386 seconds
Number of updated asset objects reloaded before import = 0Number of asset objects unloaded after import = 3

========================================================================
Received Import Request.
  Time since last request: 0.000019 seconds.
  path: Assets/Art/Assets/isometric-miniature-farm/Angle/planksHigh_W.png
  artifactKey: Guid(eb5f88c7fd2950640b9a728b95587fb8) Importer(2089858483,192608db42251d675da83286b1cce702)
Start importing Assets/Art/Assets/isometric-miniature-farm/Angle/planksHigh_W.png using Guid(eb5f88c7fd2950640b9a728b95587fb8) Importer(2089858483,192608db42251d675da83286b1cce702) (ScriptedImporter) -> (artifact id: 'd2a76eb285a2f450a2750787472a7acd') in 0.0392904 seconds
Number of updated asset objects reloaded before import = 0Number of asset objects unloaded after import = 3

========================================================================
Received Import Request.
  Time since last request: 0.000024 seconds.
  path: Assets/Art/Assets/isometric-miniature-farm/Angle/woodWallDoorClosed_N.png
  artifactKey: Guid(d4e1fa7d9a404e14789788ef6470fdff) Importer(2089858483,192608db42251d675da83286b1cce702)
Start importing Assets/Art/Assets/isometric-miniature-farm/Angle/woodWallDoorClosed_N.png using Guid(d4e1fa7d9a404e14789788ef6470fdff) Importer(2089858483,192608db42251d675da83286b1cce702) (ScriptedImporter) -> (artifact id: '910a7edbe30b4d6b852ef51bed5dd376') in 0.0570667 seconds
Number of updated asset objects reloaded before import = 0Number of asset objects unloaded after import = 3

========================================================================
Received Import Request.
  Time since last request: 0.000016 seconds.
  path: Assets/Art/Assets/isometric-miniature-farm/Angle/ladderStandBroken_S.png
  artifactKey: Guid(d7a30e491216ec3458671a9989b2ec55) Importer(2089858483,192608db42251d675da83286b1cce702)
Start importing Assets/Art/Assets/isometric-miniature-farm/Angle/ladderStandBroken_S.png using Guid(d7a30e491216ec3458671a9989b2ec55) Importer(2089858483,192608db42251d675da83286b1cce702) (ScriptedImporter) -> (artifact id: '5dd349d73eacfb716690c515ce0ad16f') in 0.0513234 seconds
Number of updated asset objects reloaded before import = 0Number of asset objects unloaded after import = 3

========================================================================
Received Import Request.
  Time since last request: 0.000016 seconds.
  path: Assets/Art/Assets/isometric-miniature-farm/Angle/cornDouble_W.png
  artifactKey: Guid(d8e5b146cefa1f04fa33dcffba62d6a9) Importer(2089858483,192608db42251d675da83286b1cce702)
Start importing Assets/Art/Assets/isometric-miniature-farm/Angle/cornDouble_W.png using Guid(d8e5b146cefa1f04fa33dcffba62d6a9) Importer(2089858483,192608db42251d675da83286b1cce702) (ScriptedImporter) -> (artifact id: 'a834d8bdbe2703cf99783cdb2c396456') in 0.0407238 seconds
Number of updated asset objects reloaded before import = 0Number of asset objects unloaded after import = 3

========================================================================
Received Import Request.
  Time since last request: 0.000028 seconds.
  path: Assets/Art/Assets/isometric-miniature-farm/Angle/hayBales_N.png
  artifactKey: Guid(0aa36091ce8f93f4d9f4e729fd072d96) Importer(2089858483,192608db42251d675da83286b1cce702)
Start importing Assets/Art/Assets/isometric-miniature-farm/Angle/hayBales_N.png using Guid(0aa36091ce8f93f4d9f4e729fd072d96) Importer(2089858483,192608db42251d675da83286b1cce702) (ScriptedImporter) -> (artifact id: 'd2d90edd51a618ef691eb865b6fbdad2') in 0.0524052 seconds
Number of updated asset objects reloaded before import = 0Number of asset objects unloaded after import = 3

========================================================================
Received Import Request.
  Time since last request: 0.000019 seconds.
  path: Assets/Art/Assets/isometric-miniature-farm/Angle/planksOld_S.png
  artifactKey: Guid(05848d55eebfbe24ab0336f8c9a50051) Importer(2089858483,192608db42251d675da83286b1cce702)
Start importing Assets/Art/Assets/isometric-miniature-farm/Angle/planksOld_S.png using Guid(05848d55eebfbe24ab0336f8c9a50051) Importer(2089858483,192608db42251d675da83286b1cce702) (ScriptedImporter) -> (artifact id: '239f608d7038eeb75f8fefc6da000940') in 0.0468155 seconds
Number of updated asset objects reloaded before import = 0Number of asset objects unloaded after import = 3

========================================================================
Received Import Request.
  Time since last request: 0.000018 seconds.
  path: Assets/Art/Assets/isometric-miniature-farm/Angle/planksSideVertical_E.png
  artifactKey: Guid(bccdb446a11daa649af692a5b9e87256) Importer(2089858483,192608db42251d675da83286b1cce702)
Start importing Assets/Art/Assets/isometric-miniature-farm/Angle/planksSideVertical_E.png using Guid(bccdb446a11daa649af692a5b9e87256) Importer(2089858483,192608db42251d675da83286b1cce702) (ScriptedImporter) -> (artifact id: '1c09151d0a5b5b24b882f67e82fb8e8b') in 0.0495021 seconds
Number of updated asset objects reloaded before import = 0Number of asset objects unloaded after import = 3

========================================================================
Received Import Request.
  Time since last request: 0.000032 seconds.
  path: Assets/Art/Assets/isometric-miniature-farm/Angle/cornYoung_N.png
  artifactKey: Guid(7a068981a91c64a4e9c7f0fb24b31a66) Importer(2089858483,192608db42251d675da83286b1cce702)
Start importing Assets/Art/Assets/isometric-miniature-farm/Angle/cornYoung_N.png using Guid(7a068981a91c64a4e9c7f0fb24b31a66) Importer(2089858483,192608db42251d675da83286b1cce702) (ScriptedImporter) -> (artifact id: '0a1ed7e29494ba020e1150dcce6668bb') in 0.0449991 seconds
Number of updated asset objects reloaded before import = 0Number of asset objects unloaded after import = 3

========================================================================
Received Import Request.
  Time since last request: 0.000017 seconds.
  path: Assets/Art/Assets/isometric-miniature-farm/Angle/woodWallRoofLeft_S.png
  artifactKey: Guid(295712faff0cc4b46a3d7be2e1ea39d3) Importer(2089858483,192608db42251d675da83286b1cce702)
Start importing Assets/Art/Assets/isometric-miniature-farm/Angle/woodWallRoofLeft_S.png using Guid(295712faff0cc4b46a3d7be2e1ea39d3) Importer(2089858483,192608db42251d675da83286b1cce702) (ScriptedImporter) -> (artifact id: '6fff9176fd80a2c60f2f3eec32c0b247') in 0.0369623 seconds
Number of updated asset objects reloaded before import = 0Number of asset objects unloaded after import = 3

========================================================================
Received Import Request.
  Time since last request: 0.000015 seconds.
  path: Assets/Art/Assets/isometric-miniature-farm/Angle/woodWallEmpty_N.png
  artifactKey: Guid(a1fb9ea62bef82c46907ee6c11588852) Importer(2089858483,192608db42251d675da83286b1cce702)
Start importing Assets/Art/Assets/isometric-miniature-farm/Angle/woodWallEmpty_N.png using Guid(a1fb9ea62bef82c46907ee6c11588852) Importer(2089858483,192608db42251d675da83286b1cce702) (ScriptedImporter) -> (artifact id: '22e8c6a2e953d29bdb5f46aeea55ad6a') in 0.0500131 seconds
Number of updated asset objects reloaded before import = 0Number of asset objects unloaded after import = 3

========================================================================
Received Import Request.
  Time since last request: 0.000022 seconds.
  path: Assets/Art/Assets/isometric-miniature-farm/Angle/woodWallGateOpen_W.png
  artifactKey: Guid(293550d32f9aa0e4993dfed945787575) Importer(2089858483,192608db42251d675da83286b1cce702)
Start importing Assets/Art/Assets/isometric-miniature-farm/Angle/woodWallGateOpen_W.png using Guid(293550d32f9aa0e4993dfed945787575) Importer(2089858483,192608db42251d675da83286b1cce702) (ScriptedImporter) -> (artifact id: '94170ed730b317439ff27671825c840a') in 0.057398 seconds
Number of updated asset objects reloaded before import = 0Number of asset objects unloaded after import = 3

========================================================================
Received Import Request.
  Time since last request: 0.000023 seconds.
  path: Assets/Art/Assets/isometric-miniature-farm/Angle/hayBales_E.png
  artifactKey: Guid(ae47cec94729e734a8fce27101d9c8e5) Importer(2089858483,192608db42251d675da83286b1cce702)
Start importing Assets/Art/Assets/isometric-miniature-farm/Angle/hayBales_E.png using Guid(ae47cec94729e734a8fce27101d9c8e5) Importer(2089858483,192608db42251d675da83286b1cce702) (ScriptedImporter) -> (artifact id: '8b47ce6749a525636874ec88959ca23f') in 0.0511743 seconds
Number of updated asset objects reloaded before import = 0Number of asset objects unloaded after import = 3

========================================================================
Received Import Request.
  Time since last request: 0.000015 seconds.
  path: Assets/Art/Assets/isometric-miniature-farm/Angle/fenceLow_W.png
  artifactKey: Guid(e4dfb3681dc08a546aa98621a391384f) Importer(2089858483,192608db42251d675da83286b1cce702)
Start importing Assets/Art/Assets/isometric-miniature-farm/Angle/fenceLow_W.png using Guid(e4dfb3681dc08a546aa98621a391384f) Importer(2089858483,192608db42251d675da83286b1cce702) (ScriptedImporter) -> (artifact id: '56956a1338404bcd70d99e69796c5e1d') in 0.0518156 seconds
Number of updated asset objects reloaded before import = 0Number of asset objects unloaded after import = 3

========================================================================
Received Import Request.
  Time since last request: 0.000016 seconds.
  path: Assets/Art/Assets/isometric-miniature-farm/Angle/woodWallDiagional_E.png
  artifactKey: Guid(e9f6366b055d65546a13a5f35ab2acf3) Importer(2089858483,192608db42251d675da83286b1cce702)
Start importing Assets/Art/Assets/isometric-miniature-farm/Angle/woodWallDiagional_E.png using Guid(e9f6366b055d65546a13a5f35ab2acf3) Importer(2089858483,192608db42251d675da83286b1cce702) (ScriptedImporter) -> (artifact id: 'f067d5234e4b16925e4192b421504b59') in 0.0521429 seconds
Number of updated asset objects reloaded before import = 0Number of asset objects unloaded after import = 3

========================================================================
Received Import Request.
  Time since last request: 0.000018 seconds.
  path: Assets/Art/Assets/isometric-miniature-farm/Angle/hay_W.png
  artifactKey: Guid(fc184788ed3258a43a10442b6152bc9f) Importer(2089858483,192608db42251d675da83286b1cce702)
Start importing Assets/Art/Assets/isometric-miniature-farm/Angle/hay_W.png using Guid(fc184788ed3258a43a10442b6152bc9f) Importer(2089858483,192608db42251d675da83286b1cce702) (ScriptedImporter) -> (artifact id: '688b90211aa2dc8289e237c561696adb') in 0.0459249 seconds
Number of updated asset objects reloaded before import = 0Number of asset objects unloaded after import = 3

========================================================================
Received Import Request.
  Time since last request: 0.000025 seconds.
  path: Assets/Art/Assets/isometric-miniature-farm/Angle/roofSingleWall_N.png
  artifactKey: Guid(b670e346d78b74944a5d262cc29ded08) Importer(2089858483,192608db42251d675da83286b1cce702)
Start importing Assets/Art/Assets/isometric-miniature-farm/Angle/roofSingleWall_N.png using Guid(b670e346d78b74944a5d262cc29ded08) Importer(2089858483,192608db42251d675da83286b1cce702) (ScriptedImporter) -> (artifact id: '2e9ec03cfa1057825c0d05c55eadce6e') in 0.0413636 seconds
Number of updated asset objects reloaded before import = 0Number of asset objects unloaded after import = 3

========================================================================
Received Import Request.
  Time since last request: 0.000017 seconds.
  path: Assets/Art/Assets/isometric-miniature-farm/Angle/woodWallRoofRight_E.png
  artifactKey: Guid(8692596e3edd5bb458b2316412062d3a) Importer(2089858483,192608db42251d675da83286b1cce702)
Start importing Assets/Art/Assets/isometric-miniature-farm/Angle/woodWallRoofRight_E.png using Guid(8692596e3edd5bb458b2316412062d3a) Importer(2089858483,192608db42251d675da83286b1cce702) (ScriptedImporter) -> (artifact id: 'aae1912923b50439b376fbbe99966583') in 0.0488885 seconds
Number of updated asset objects reloaded before import = 0Number of asset objects unloaded after import = 3

========================================================================
Received Import Request.
  Time since last request: 0.000020 seconds.
  path: Assets/Art/Assets/isometric-miniature-farm/Angle/fenceLowBroken_S.png
  artifactKey: Guid(956e437f459e9ac4aabda15775f4086c) Importer(2089858483,192608db42251d675da83286b1cce702)
Start importing Assets/Art/Assets/isometric-miniature-farm/Angle/fenceLowBroken_S.png using Guid(956e437f459e9ac4aabda15775f4086c) Importer(2089858483,192608db42251d675da83286b1cce702) (ScriptedImporter) -> (artifact id: '530c94e508bec0489fac9bffa9d022c1') in 0.0563479 seconds
Number of updated asset objects reloaded before import = 0Number of asset objects unloaded after import = 3

========================================================================
Received Import Request.
  Time since last request: 0.000024 seconds.
  path: Assets/Art/Assets/isometric-miniature-farm/Angle/hayBalesStacked_W.png
  artifactKey: Guid(182f9228a436b2e49948822020342fff) Importer(2089858483,192608db42251d675da83286b1cce702)
Start importing Assets/Art/Assets/isometric-miniature-farm/Angle/hayBalesStacked_W.png using Guid(182f9228a436b2e49948822020342fff) Importer(2089858483,192608db42251d675da83286b1cce702) (ScriptedImporter) -> (artifact id: '6ad09f5c7be2cf48d07f553d3423fc66') in 0.064395 seconds
Number of updated asset objects reloaded before import = 0Number of asset objects unloaded after import = 3

========================================================================
Received Import Request.
  Time since last request: 0.000016 seconds.
  path: Assets/Art/Assets/isometric-miniature-farm/Angle/fenceHighBroken_W.png
  artifactKey: Guid(2d640ce901a6df54a84e78ec542cdfc5) Importer(2089858483,192608db42251d675da83286b1cce702)
Start importing Assets/Art/Assets/isometric-miniature-farm/Angle/fenceHighBroken_W.png using Guid(2d640ce901a6df54a84e78ec542cdfc5) Importer(2089858483,192608db42251d675da83286b1cce702) (ScriptedImporter) -> (artifact id: '1b623fb6363f9813d39488c0679cd5b5') in 0.0538284 seconds
Number of updated asset objects reloaded before import = 0Number of asset objects unloaded after import = 3

========================================================================
Received Import Request.
  Time since last request: 0.000017 seconds.
  path: Assets/Art/Assets/isometric-miniature-farm/Angle/woodWallRoofRight_N.png
  artifactKey: Guid(cc515b60e580fe149a7a3bd8a74e1717) Importer(2089858483,192608db42251d675da83286b1cce702)
Start importing Assets/Art/Assets/isometric-miniature-farm/Angle/woodWallRoofRight_N.png using Guid(cc515b60e580fe149a7a3bd8a74e1717) Importer(2089858483,192608db42251d675da83286b1cce702) (ScriptedImporter) -> (artifact id: '3bc8a85ebe1aafb03bcf73130c6b1459') in 0.0436018 seconds
Number of updated asset objects reloaded before import = 0Number of asset objects unloaded after import = 3

========================================================================
Received Import Request.
  Time since last request: 0.000035 seconds.
  path: Assets/Art/Assets/isometric-miniature-farm/Angle/roofInnerCorner_E.png
  artifactKey: Guid(712b9c1f6a65553468f94a86aa2babbb) Importer(2089858483,192608db42251d675da83286b1cce702)
Start importing Assets/Art/Assets/isometric-miniature-farm/Angle/roofInnerCorner_E.png using Guid(712b9c1f6a65553468f94a86aa2babbb) Importer(2089858483,192608db42251d675da83286b1cce702) (ScriptedImporter) -> (artifact id: '5b878be18d6c2aea0f35194127bc0d49') in 0.039928 seconds
Number of updated asset objects reloaded before import = 0Number of asset objects unloaded after import = 3

========================================================================
Received Import Request.
  Time since last request: 0.000016 seconds.
  path: Assets/Art/Assets/isometric-miniature-farm/Angle/sacksCrate_E.png
  artifactKey: Guid(351c6683627251b4182192cf6c49bd1b) Importer(2089858483,192608db42251d675da83286b1cce702)
Start importing Assets/Art/Assets/isometric-miniature-farm/Angle/sacksCrate_E.png using Guid(351c6683627251b4182192cf6c49bd1b) Importer(2089858483,192608db42251d675da83286b1cce702) (ScriptedImporter) -> (artifact id: '0ee0f723cb793e3767a2be323d903edb') in 0.0387635 seconds
Number of updated asset objects reloaded before import = 0Number of asset objects unloaded after import = 3

========================================================================
Received Import Request.
  Time since last request: 0.000022 seconds.
  path: Assets/Art/Assets/isometric-miniature-farm/Angle/woodWallDoorway_S.png
  artifactKey: Guid(bfb529393d525564ca295494928a31ee) Importer(2089858483,192608db42251d675da83286b1cce702)
Start importing Assets/Art/Assets/isometric-miniature-farm/Angle/woodWallDoorway_S.png using Guid(bfb529393d525564ca295494928a31ee) Importer(2089858483,192608db42251d675da83286b1cce702) (ScriptedImporter) -> (artifact id: '1bcd8305fc432f6087626070bfd333de') in 0.0555802 seconds
Number of updated asset objects reloaded before import = 0Number of asset objects unloaded after import = 3

========================================================================
Received Import Request.
  Time since last request: 0.000025 seconds.
  path: Assets/Art/Assets/isometric-miniature-farm/Angle/woodWallEmptyOpen_N.png
  artifactKey: Guid(519c1419bda13f94da723cf8057715d0) Importer(2089858483,192608db42251d675da83286b1cce702)
Start importing Assets/Art/Assets/isometric-miniature-farm/Angle/woodWallEmptyOpen_N.png using Guid(519c1419bda13f94da723cf8057715d0) Importer(2089858483,192608db42251d675da83286b1cce702) (ScriptedImporter) -> (artifact id: '0d85d645047e8620c0e14574c3551d95') in 0.0529254 seconds
Number of updated asset objects reloaded before import = 0Number of asset objects unloaded after import = 3

========================================================================
Received Import Request.
  Time since last request: 0.000015 seconds.
  path: Assets/Art/Assets/isometric-miniature-farm/Angle/planksSide_E.png
  artifactKey: Guid(936684a3ca7128848831ad147b0c4d43) Importer(2089858483,192608db42251d675da83286b1cce702)
Start importing Assets/Art/Assets/isometric-miniature-farm/Angle/planksSide_E.png using Guid(936684a3ca7128848831ad147b0c4d43) Importer(2089858483,192608db42251d675da83286b1cce702) (ScriptedImporter) -> (artifact id: 'e3849b60b9e339ef04be74d463231a6c') in 0.0559191 seconds
Number of updated asset objects reloaded before import = 0Number of asset objects unloaded after import = 3

========================================================================
Received Import Request.
  Time since last request: 0.000193 seconds.
  path: Assets/Art/Assets/isometric-miniature-farm/Angle/woodWallGateway_S.png
  artifactKey: Guid(5bf55a1af5412ad48a7c21ee4e1b5383) Importer(2089858483,192608db42251d675da83286b1cce702)
Start importing Assets/Art/Assets/isometric-miniature-farm/Angle/woodWallGateway_S.png using Guid(5bf55a1af5412ad48a7c21ee4e1b5383) Importer(2089858483,192608db42251d675da83286b1cce702) (ScriptedImporter) -> (artifact id: 'b50cd915d453727e8138064c3e05ce4d') in 0.0522684 seconds
Number of updated asset objects reloaded before import = 0Number of asset objects unloaded after import = 3

========================================================================
Received Import Request.
  Time since last request: 0.000024 seconds.
  path: Assets/Art/Assets/isometric-miniature-farm/Angle/woodWallCorner_N.png
  artifactKey: Guid(960e4f36b841eb24abd57d0b31f6b179) Importer(2089858483,192608db42251d675da83286b1cce702)
Start importing Assets/Art/Assets/isometric-miniature-farm/Angle/woodWallCorner_N.png using Guid(960e4f36b841eb24abd57d0b31f6b179) Importer(2089858483,192608db42251d675da83286b1cce702) (ScriptedImporter) -> (artifact id: 'f67fd9bb6ae64415a8a4db930f62ca95') in 0.0387599 seconds
Number of updated asset objects reloaded before import = 0Number of asset objects unloaded after import = 3

========================================================================
Received Import Request.
  Time since last request: 0.000017 seconds.
  path: Assets/Art/Assets/isometric-miniature-farm/Angle/woodWallWindow_N.png
  artifactKey: Guid(b2a2a8fe46952394281838c5703839e2) Importer(2089858483,192608db42251d675da83286b1cce702)
Start importing Assets/Art/Assets/isometric-miniature-farm/Angle/woodWallWindow_N.png using Guid(b2a2a8fe46952394281838c5703839e2) Importer(2089858483,192608db42251d675da83286b1cce702) (ScriptedImporter) -> (artifact id: '47c783ed143df0148ae1dd80f652c341') in 0.0544368 seconds
Number of updated asset objects reloaded before import = 0Number of asset objects unloaded after import = 3

========================================================================
Received Import Request.
  Time since last request: 0.000017 seconds.
  path: Assets/Art/Assets/isometric-miniature-farm/Angle/dirt_S.png
  artifactKey: Guid(8fbe0755cb43631458e29692d542b622) Importer(2089858483,192608db42251d675da83286b1cce702)
Start importing Assets/Art/Assets/isometric-miniature-farm/Angle/dirt_S.png using Guid(8fbe0755cb43631458e29692d542b622) Importer(2089858483,192608db42251d675da83286b1cce702) (ScriptedImporter) -> (artifact id: '67ac58a259b0de12e81731ae2d3c749f') in 0.0495052 seconds
Number of updated asset objects reloaded before import = 0Number of asset objects unloaded after import = 3

========================================================================
Received Import Request.
  Time since last request: 0.000027 seconds.
  path: Assets/Art/Assets/isometric-miniature-farm/Angle/fenceLowBroken_W.png
  artifactKey: Guid(ea75af9b10e720746abc83a62fe356be) Importer(2089858483,192608db42251d675da83286b1cce702)
Start importing Assets/Art/Assets/isometric-miniature-farm/Angle/fenceLowBroken_W.png using Guid(ea75af9b10e720746abc83a62fe356be) Importer(2089858483,192608db42251d675da83286b1cce702) (ScriptedImporter) -> (artifact id: '57fcef402f7210c9616e60221376968d') in 0.0369911 seconds
Number of updated asset objects reloaded before import = 0Number of asset objects unloaded after import = 3

========================================================================
Received Import Request.
  Time since last request: 0.000017 seconds.
  path: Assets/Art/Assets/isometric-miniature-farm/Angle/woodWallRoofLeft_E.png
  artifactKey: Guid(56f56c250e5901e4d987f73f4567dfc4) Importer(2089858483,192608db42251d675da83286b1cce702)
Start importing Assets/Art/Assets/isometric-miniature-farm/Angle/woodWallRoofLeft_E.png using Guid(56f56c250e5901e4d987f73f4567dfc4) Importer(2089858483,192608db42251d675da83286b1cce702) (ScriptedImporter) -> (artifact id: 'e5dfd581bc8cc595fd42dd0b573fbe81') in 0.0493965 seconds
Number of updated asset objects reloaded before import = 0Number of asset objects unloaded after import = 3

========================================================================
Received Import Request.
  Time since last request: 0.000018 seconds.
  path: Assets/Art/Assets/isometric-miniature-farm/Angle/woodWallRoofLeft_W.png
  artifactKey: Guid(d6b2f63e34074854ea935e3f3b3f6e84) Importer(2089858483,192608db42251d675da83286b1cce702)
Start importing Assets/Art/Assets/isometric-miniature-farm/Angle/woodWallRoofLeft_W.png using Guid(d6b2f63e34074854ea935e3f3b3f6e84) Importer(2089858483,192608db42251d675da83286b1cce702) (ScriptedImporter) -> (artifact id: 'f3741a92d11c45cbc0cadee012604b49') in 0.0523074 seconds
Number of updated asset objects reloaded before import = 0Number of asset objects unloaded after import = 3

========================================================================
Received Import Request.
  Time since last request: 0.000019 seconds.
  path: Assets/Art/Assets/isometric-miniature-farm/Angle/planksHighOld_N.png
  artifactKey: Guid(0dd174b53ceab7e48a9fbca727ee316a) Importer(2089858483,192608db42251d675da83286b1cce702)
Start importing Assets/Art/Assets/isometric-miniature-farm/Angle/planksHighOld_N.png using Guid(0dd174b53ceab7e48a9fbca727ee316a) Importer(2089858483,192608db42251d675da83286b1cce702) (ScriptedImporter) -> (artifact id: 'dbcef31cc8c0098f852168dd82f85950') in 0.0519124 seconds
Number of updated asset objects reloaded before import = 0Number of asset objects unloaded after import = 3

========================================================================
Received Import Request.
  Time since last request: 0.000023 seconds.
  path: Assets/Art/Assets/isometric-miniature-farm/Angle/woodWallWindow_E.png
  artifactKey: Guid(aead5ab1f230598418277da8a6be62d9) Importer(2089858483,192608db42251d675da83286b1cce702)
Start importing Assets/Art/Assets/isometric-miniature-farm/Angle/woodWallWindow_E.png using Guid(aead5ab1f230598418277da8a6be62d9) Importer(2089858483,192608db42251d675da83286b1cce702) (ScriptedImporter) -> (artifact id: '9d78d6804c309caca98e37d5469ec2a1') in 0.0416171 seconds
Number of updated asset objects reloaded before import = 0Number of asset objects unloaded after import = 3

========================================================================
Received Import Request.
  Time since last request: 0.000021 seconds.
  path: Assets/Art/Assets/isometric-miniature-farm/Angle/cornYoungDouble_E.png
  artifactKey: Guid(6ab74c40fed1f5f4fbd99c26d6dd55a3) Importer(2089858483,192608db42251d675da83286b1cce702)
Start importing Assets/Art/Assets/isometric-miniature-farm/Angle/cornYoungDouble_E.png using Guid(6ab74c40fed1f5f4fbd99c26d6dd55a3) Importer(2089858483,192608db42251d675da83286b1cce702) (ScriptedImporter) -> (artifact id: '7b0bc3704a3bca290c1cbed26cbf7964') in 0.0495603 seconds
Number of updated asset objects reloaded before import = 0Number of asset objects unloaded after import = 3

========================================================================
Received Import Request.
  Time since last request: 0.000015 seconds.
  path: Assets/Art/Assets/isometric-miniature-farm/Angle/woodWallDoorClosed_S.png
  artifactKey: Guid(5aed31813a39441459cd11f73843613e) Importer(2089858483,192608db42251d675da83286b1cce702)
Start importing Assets/Art/Assets/isometric-miniature-farm/Angle/woodWallDoorClosed_S.png using Guid(5aed31813a39441459cd11f73843613e) Importer(2089858483,192608db42251d675da83286b1cce702) (ScriptedImporter) -> (artifact id: '7fcc416f252408b2f5597228d2948e33') in 0.0389574 seconds
Number of updated asset objects reloaded before import = 0Number of asset objects unloaded after import = 3

========================================================================
Received Import Request.
  Time since last request: 0.000021 seconds.
  path: Assets/Art/Assets/isometric-miniature-farm/Angle/sacksCrate_S.png
  artifactKey: Guid(2fbe430bb16ceb1498a5fbc2387e998b) Importer(2089858483,192608db42251d675da83286b1cce702)
Start importing Assets/Art/Assets/isometric-miniature-farm/Angle/sacksCrate_S.png using Guid(2fbe430bb16ceb1498a5fbc2387e998b) Importer(2089858483,192608db42251d675da83286b1cce702) (ScriptedImporter) -> (artifact id: '941b2a871a5eff00f3a53ccb061f3a39') in 0.0346244 seconds
Number of updated asset objects reloaded before import = 0Number of asset objects unloaded after import = 3

========================================================================
Received Import Request.
  Time since last request: 0.000022 seconds.
  path: Assets/Art/Assets/isometric-miniature-farm/Angle/hay_S.png
  artifactKey: Guid(0bcfd21ebc1a62d4d8457d529859f316) Importer(2089858483,192608db42251d675da83286b1cce702)
Start importing Assets/Art/Assets/isometric-miniature-farm/Angle/hay_S.png using Guid(0bcfd21ebc1a62d4d8457d529859f316) Importer(2089858483,192608db42251d675da83286b1cce702) (ScriptedImporter) -> (artifact id: '2f8ec330b87ba0c804813a960b52826b') in 0.0488818 seconds
Number of updated asset objects reloaded before import = 0Number of asset objects unloaded after import = 3

========================================================================
Received Import Request.
  Time since last request: 0.000018 seconds.
  path: Assets/Art/Assets/isometric-miniature-farm/Angle/fenceHigh_W.png
  artifactKey: Guid(8ddfd5e66cf37934bbfa56cacaeacfee) Importer(2089858483,192608db42251d675da83286b1cce702)
Start importing Assets/Art/Assets/isometric-miniature-farm/Angle/fenceHigh_W.png using Guid(8ddfd5e66cf37934bbfa56cacaeacfee) Importer(2089858483,192608db42251d675da83286b1cce702) (ScriptedImporter) -> (artifact id: 'c220c7dd5bbc52fa9d9dc40a9895f87d') in 0.0518555 seconds
Number of updated asset objects reloaded before import = 0Number of asset objects unloaded after import = 3

========================================================================
Received Import Request.
  Time since last request: 0.000015 seconds.
  path: Assets/Art/Assets/isometric-miniature-farm/Angle/dirt_E.png
  artifactKey: Guid(0bda917a63fb41c43bfea8e4aa665463) Importer(2089858483,192608db42251d675da83286b1cce702)
Start importing Assets/Art/Assets/isometric-miniature-farm/Angle/dirt_E.png using Guid(0bda917a63fb41c43bfea8e4aa665463) Importer(2089858483,192608db42251d675da83286b1cce702) (ScriptedImporter) -> (artifact id: '15191af999441d23983369111c2e09d3') in 0.0480618 seconds
Number of updated asset objects reloaded before import = 0Number of asset objects unloaded after import = 3

========================================================================
Received Import Request.
  Time since last request: 0.000036 seconds.
  path: Assets/Art/Assets/isometric-miniature-farm/Angle/woodWallSupport_N.png
  artifactKey: Guid(171f7fbb21a61cb409622e1af9cc5939) Importer(2089858483,192608db42251d675da83286b1cce702)
Start importing Assets/Art/Assets/isometric-miniature-farm/Angle/woodWallSupport_N.png using Guid(171f7fbb21a61cb409622e1af9cc5939) Importer(2089858483,192608db42251d675da83286b1cce702) (ScriptedImporter) -> (artifact id: '503357cf7417280887620ddfa480098f') in 0.0517664 seconds
Number of updated asset objects reloaded before import = 0Number of asset objects unloaded after import = 3

========================================================================
Received Import Request.
  Time since last request: 0.000016 seconds.
  path: Assets/Art/Assets/isometric-miniature-farm/Angle/woodWallEmptyCross_E.png
  artifactKey: Guid(6361310b0fe88e74192fc36cc126cf25) Importer(2089858483,192608db42251d675da83286b1cce702)
Start importing Assets/Art/Assets/isometric-miniature-farm/Angle/woodWallEmptyCross_E.png using Guid(6361310b0fe88e74192fc36cc126cf25) Importer(2089858483,192608db42251d675da83286b1cce702) (ScriptedImporter) -> (artifact id: '77cb2b9293e3166eaa128e18401ae1da') in 0.0558382 seconds
Number of updated asset objects reloaded before import = 0Number of asset objects unloaded after import = 3

========================================================================
Received Import Request.
  Time since last request: 0.000018 seconds.
  path: Assets/Art/Assets/isometric-miniature-farm/Angle/sack_E.png
  artifactKey: Guid(ccbca504904fbba44974fde0a0cff80f) Importer(2089858483,192608db42251d675da83286b1cce702)
Start importing Assets/Art/Assets/isometric-miniature-farm/Angle/sack_E.png using Guid(ccbca504904fbba44974fde0a0cff80f) Importer(2089858483,192608db42251d675da83286b1cce702) (ScriptedImporter) -> (artifact id: 'cf9670c56aae833b5c7dfdbb4f3436ae') in 0.0518093 seconds
Number of updated asset objects reloaded before import = 0Number of asset objects unloaded after import = 3

========================================================================
Received Import Request.
  Time since last request: 0.000039 seconds.
  path: Assets/Art/Assets/isometric-miniature-farm/Angle/roofSingle_N.png
  artifactKey: Guid(0998bbf221597054d9a544c4e0c90fee) Importer(2089858483,192608db42251d675da83286b1cce702)
Start importing Assets/Art/Assets/isometric-miniature-farm/Angle/roofSingle_N.png using Guid(0998bbf221597054d9a544c4e0c90fee) Importer(2089858483,192608db42251d675da83286b1cce702) (ScriptedImporter) -> (artifact id: '5cf3e9e204e1b39b8b5b64e2012b60dc') in 0.0498641 seconds
Number of updated asset objects reloaded before import = 0Number of asset objects unloaded after import = 3

========================================================================
Received Import Request.
  Time since last request: 0.000014 seconds.
  path: Assets/Art/Assets/isometric-miniature-farm/Angle/ladderStraight_W.png
  artifactKey: Guid(9064a8147db07c74fa429a2b59f5d09f) Importer(2089858483,192608db42251d675da83286b1cce702)
Start importing Assets/Art/Assets/isometric-miniature-farm/Angle/ladderStraight_W.png using Guid(9064a8147db07c74fa429a2b59f5d09f) Importer(2089858483,192608db42251d675da83286b1cce702) (ScriptedImporter) -> (artifact id: '6f7f07218ac355d2302e20ee669da498') in 0.0506795 seconds
Number of updated asset objects reloaded before import = 0Number of asset objects unloaded after import = 3

========================================================================
Received Import Request.
  Time since last request: 0.000019 seconds.
  path: Assets/Art/Assets/isometric-miniature-farm/Angle/sack_N.png
  artifactKey: Guid(ed1d358a7e7d2e643a52e43b856e283e) Importer(2089858483,192608db42251d675da83286b1cce702)
Start importing Assets/Art/Assets/isometric-miniature-farm/Angle/sack_N.png using Guid(ed1d358a7e7d2e643a52e43b856e283e) Importer(2089858483,192608db42251d675da83286b1cce702) (ScriptedImporter) -> (artifact id: '155f2db8a600fd3282e030a4a8d52af1') in 0.04646 seconds
Number of updated asset objects reloaded before import = 0Number of asset objects unloaded after import = 3

========================================================================
Received Import Request.
  Time since last request: 0.000036 seconds.
  path: Assets/Art/Assets/isometric-miniature-farm/Angle/roofCorner_E.png
  artifactKey: Guid(9cef4e66d00afba45887ca880797c19f) Importer(2089858483,192608db42251d675da83286b1cce702)
Start importing Assets/Art/Assets/isometric-miniature-farm/Angle/roofCorner_E.png using Guid(9cef4e66d00afba45887ca880797c19f) Importer(2089858483,192608db42251d675da83286b1cce702) (ScriptedImporter) -> (artifact id: 'da0cf7c1d9d651566f7047cef8bd6fc5') in 0.0523461 seconds
Number of updated asset objects reloaded before import = 0Number of asset objects unloaded after import = 3

========================================================================
Received Import Request.
  Time since last request: 0.000017 seconds.
  path: Assets/Art/Assets/isometric-miniature-farm/Isometric/roofCorner_N.png
  artifactKey: Guid(26282e04804787c4aabe65d379e9be2b) Importer(2089858483,192608db42251d675da83286b1cce702)
Start importing Assets/Art/Assets/isometric-miniature-farm/Isometric/roofCorner_N.png using Guid(26282e04804787c4aabe65d379e9be2b) Importer(2089858483,192608db42251d675da83286b1cce702) (ScriptedImporter) -> (artifact id: '0cee403a64f3de28d39bf027c6002b88') in 0.0521169 seconds
Number of updated asset objects reloaded before import = 0Number of asset objects unloaded after import = 3

========================================================================
Received Import Request.
  Time since last request: 0.000019 seconds.
  path: Assets/Art/Assets/isometric-miniature-farm/Angle/planksHighOld_E.png
  artifactKey: Guid(8ab1f6c4891d2c34bafe10817aba6d0a) Importer(2089858483,192608db42251d675da83286b1cce702)
Start importing Assets/Art/Assets/isometric-miniature-farm/Angle/planksHighOld_E.png using Guid(8ab1f6c4891d2c34bafe10817aba6d0a) Importer(2089858483,192608db42251d675da83286b1cce702) (ScriptedImporter) -> (artifact id: 'a4f3068286ddc4a5d634d20e00ff561d') in 0.0406337 seconds
Number of updated asset objects reloaded before import = 0Number of asset objects unloaded after import = 3

========================================================================
Received Import Request.
  Time since last request: 0.000024 seconds.
  path: Assets/Art/Assets/isometric-miniature-farm/Isometric/roofInnerCorner_S.png
  artifactKey: Guid(05501968c44a94a45b6f8011bee315d5) Importer(2089858483,192608db42251d675da83286b1cce702)
Start importing Assets/Art/Assets/isometric-miniature-farm/Isometric/roofInnerCorner_S.png using Guid(05501968c44a94a45b6f8011bee315d5) Importer(2089858483,192608db42251d675da83286b1cce702) (ScriptedImporter) -> (artifact id: 'f71dd899ea9d3e5e55bc4245540bf212') in 0.0595767 seconds
Number of updated asset objects reloaded before import = 0Number of asset objects unloaded after import = 3

========================================================================
Received Import Request.
  Time since last request: 0.000018 seconds.
  path: Assets/Art/Assets/isometric-miniature-farm/Isometric/hayBalesStacked_N.png
  artifactKey: Guid(beb6c5438fb30d6409351cbb5c01093d) Importer(2089858483,192608db42251d675da83286b1cce702)
Start importing Assets/Art/Assets/isometric-miniature-farm/Isometric/hayBalesStacked_N.png using Guid(beb6c5438fb30d6409351cbb5c01093d) Importer(2089858483,192608db42251d675da83286b1cce702) (ScriptedImporter) -> (artifact id: 'cc86c9d0a3fb995bc82e93adc4f2f2cd') in 0.0563501 seconds
Number of updated asset objects reloaded before import = 0Number of asset objects unloaded after import = 3

========================================================================
Received Import Request.
  Time since last request: 0.000022 seconds.
  path: Assets/Art/Assets/isometric-miniature-farm/Isometric/roofSingleWall_E.png
  artifactKey: Guid(b98ac129740c9494e90f4015f287d397) Importer(2089858483,192608db42251d675da83286b1cce702)
Start importing Assets/Art/Assets/isometric-miniature-farm/Isometric/roofSingleWall_E.png using Guid(b98ac129740c9494e90f4015f287d397) Importer(2089858483,192608db42251d675da83286b1cce702) (ScriptedImporter) -> (artifact id: 'c21b11f7aa30ae72c6f42c2a4261db87') in 0.0615112 seconds
Number of updated asset objects reloaded before import = 0Number of asset objects unloaded after import = 3

========================================================================
Received Import Request.
  Time since last request: 0.000024 seconds.
  path: Assets/Art/Assets/isometric-miniature-farm/Isometric/woodWallEmptyOpen_W.png
  artifactKey: Guid(2ec1536446d0a094c89bcd7e2f082ef1) Importer(2089858483,192608db42251d675da83286b1cce702)
Start importing Assets/Art/Assets/isometric-miniature-farm/Isometric/woodWallEmptyOpen_W.png using Guid(2ec1536446d0a094c89bcd7e2f082ef1) Importer(2089858483,192608db42251d675da83286b1cce702) (ScriptedImporter) -> (artifact id: '0ebac0b9411c2a97af4208a91000f04e') in 0.0463196 seconds
Number of updated asset objects reloaded before import = 0Number of asset objects unloaded after import = 3

========================================================================
Received Import Request.
  Time since last request: 0.000019 seconds.
  path: Assets/Art/Assets/isometric-miniature-farm/Angle/woodWallDoorOpen_N.png
  artifactKey: Guid(4237a63321c3bc840a6618b33d6bd444) Importer(2089858483,192608db42251d675da83286b1cce702)
Start importing Assets/Art/Assets/isometric-miniature-farm/Angle/woodWallDoorOpen_N.png using Guid(4237a63321c3bc840a6618b33d6bd444) Importer(2089858483,192608db42251d675da83286b1cce702) (ScriptedImporter) -> (artifact id: '1099c33a9b4800b4f133dd359f6030ea') in 0.0533285 seconds
Number of updated asset objects reloaded before import = 0Number of asset objects unloaded after import = 3

========================================================================
Received Import Request.
  Time since last request: 0.000017 seconds.
  path: Assets/Art/Assets/isometric-miniature-farm/Isometric/woodWallHoleDiagonal_S.png
  artifactKey: Guid(45c5ed3abef7e3f4fb55e079d859c190) Importer(2089858483,192608db42251d675da83286b1cce702)
Start importing Assets/Art/Assets/isometric-miniature-farm/Isometric/woodWallHoleDiagonal_S.png using Guid(45c5ed3abef7e3f4fb55e079d859c190) Importer(2089858483,192608db42251d675da83286b1cce702) (ScriptedImporter) -> (artifact id: 'd4c3466b0e94d1d25a8939046bd71dc8') in 0.044589 seconds
Number of updated asset objects reloaded before import = 0Number of asset objects unloaded after import = 3

========================================================================
Received Import Request.
  Time since last request: 0.000028 seconds.
  path: Assets/Art/Assets/isometric-miniature-farm/Isometric/roofInnerCorner_E.png
  artifactKey: Guid(8ecde208a07437e44bc5a9b980cda861) Importer(2089858483,192608db42251d675da83286b1cce702)
Start importing Assets/Art/Assets/isometric-miniature-farm/Isometric/roofInnerCorner_E.png using Guid(8ecde208a07437e44bc5a9b980cda861) Importer(2089858483,192608db42251d675da83286b1cce702) (ScriptedImporter) -> (artifact id: 'b31e6dea730950f3832d7cf84c865fe6') in 0.0461895 seconds
Number of updated asset objects reloaded before import = 0Number of asset objects unloaded after import = 3

========================================================================
Received Import Request.
  Time since last request: 0.000020 seconds.
  path: Assets/Art/Assets/isometric-miniature-farm/Isometric/woodWallEmpty_N.png
  artifactKey: Guid(8bf4c21d7b874ae4abbc73cc78761a21) Importer(2089858483,192608db42251d675da83286b1cce702)
Start importing Assets/Art/Assets/isometric-miniature-farm/Isometric/woodWallEmpty_N.png using Guid(8bf4c21d7b874ae4abbc73cc78761a21) Importer(2089858483,192608db42251d675da83286b1cce702) (ScriptedImporter) -> (artifact id: '6ff6360bd9c580c7c9b218f5fc8650fa') in 0.0561241 seconds
Number of updated asset objects reloaded before import = 0Number of asset objects unloaded after import = 3

========================================================================
Received Import Request.
  Time since last request: 0.000021 seconds.
  path: Assets/Art/Assets/isometric-miniature-farm/Isometric/woodWallHoleDiagonal_E.png
  artifactKey: Guid(dcf687080e879dd46b2b30b1b32eac85) Importer(2089858483,192608db42251d675da83286b1cce702)
Start importing Assets/Art/Assets/isometric-miniature-farm/Isometric/woodWallHoleDiagonal_E.png using Guid(dcf687080e879dd46b2b30b1b32eac85) Importer(2089858483,192608db42251d675da83286b1cce702) (ScriptedImporter) -> (artifact id: 'ddfb3240fcf7209b79d75a5cbc780a5d') in 0.0476488 seconds
Number of updated asset objects reloaded before import = 0Number of asset objects unloaded after import = 3

========================================================================
Received Import Request.
  Time since last request: 0.000027 seconds.
  path: Assets/Art/Assets/isometric-miniature-farm/Isometric/sacksCrate_E.png
  artifactKey: Guid(9e2ff791280621645ab73ecdbc3a68eb) Importer(2089858483,192608db42251d675da83286b1cce702)
Start importing Assets/Art/Assets/isometric-miniature-farm/Isometric/sacksCrate_E.png using Guid(9e2ff791280621645ab73ecdbc3a68eb) Importer(2089858483,192608db42251d675da83286b1cce702) (ScriptedImporter) -> (artifact id: '616b4470cefafb47a5f6e1fd53c0ca7c') in 0.0346952 seconds
Number of updated asset objects reloaded before import = 0Number of asset objects unloaded after import = 3

========================================================================
Received Import Request.
  Time since last request: 0.000018 seconds.
  path: Assets/Art/Assets/isometric-miniature-farm/Isometric/planksSide_W.png
  artifactKey: Guid(f18774ec68882bd429ea1352356141f3) Importer(2089858483,192608db42251d675da83286b1cce702)
Start importing Assets/Art/Assets/isometric-miniature-farm/Isometric/planksSide_W.png using Guid(f18774ec68882bd429ea1352356141f3) Importer(2089858483,192608db42251d675da83286b1cce702) (ScriptedImporter) -> (artifact id: '05197995dbbdd2a39e010382ca045d62') in 0.0569043 seconds
Number of updated asset objects reloaded before import = 0Number of asset objects unloaded after import = 3

========================================================================
Received Import Request.
  Time since last request: 0.000016 seconds.
  path: Assets/Art/Assets/isometric-miniature-farm/Isometric/hayBales_W.png
  artifactKey: Guid(ade5056f36ea04849830f2a77c1c25f2) Importer(2089858483,192608db42251d675da83286b1cce702)
Start importing Assets/Art/Assets/isometric-miniature-farm/Isometric/hayBales_W.png using Guid(ade5056f36ea04849830f2a77c1c25f2) Importer(2089858483,192608db42251d675da83286b1cce702) (ScriptedImporter) -> (artifact id: '783926d5fea222b96a8e9353561e041c') in 0.0523906 seconds
Number of updated asset objects reloaded before import = 0Number of asset objects unloaded after import = 3

========================================================================
Received Import Request.
  Time since last request: 0.000024 seconds.
  path: Assets/Art/Assets/isometric-miniature-farm/Isometric/planksOld_W.png
  artifactKey: Guid(68ec384cdf4bd1a4f810f98cbc2cda0a) Importer(2089858483,192608db42251d675da83286b1cce702)
Start importing Assets/Art/Assets/isometric-miniature-farm/Isometric/planksOld_W.png using Guid(68ec384cdf4bd1a4f810f98cbc2cda0a) Importer(2089858483,192608db42251d675da83286b1cce702) (ScriptedImporter) -> (artifact id: '70f16f34b7173e5fc2107ba3df03fd9c') in 0.0429876 seconds
Number of updated asset objects reloaded before import = 0Number of asset objects unloaded after import = 3

========================================================================
Received Import Request.
  Time since last request: 0.000016 seconds.
  path: Assets/Art/Assets/isometric-miniature-farm/Isometric/cornDouble_W.png
  artifactKey: Guid(9135aecfe12fa6b439e0852e7c577e41) Importer(2089858483,192608db42251d675da83286b1cce702)
Start importing Assets/Art/Assets/isometric-miniature-farm/Isometric/cornDouble_W.png using Guid(9135aecfe12fa6b439e0852e7c577e41) Importer(2089858483,192608db42251d675da83286b1cce702) (ScriptedImporter) -> (artifact id: '99937b04149c33bc7780ab3cf7886740') in 0.0372745 seconds
Number of updated asset objects reloaded before import = 0Number of asset objects unloaded after import = 3

========================================================================
Received Import Request.
  Time since last request: 0.000015 seconds.
  path: Assets/Art/Assets/isometric-miniature-farm/Isometric/woodWallHoleDiagonal_N.png
  artifactKey: Guid(98a18cd8d3411ef4e9b9bc2cb211d9ff) Importer(2089858483,192608db42251d675da83286b1cce702)
Start importing Assets/Art/Assets/isometric-miniature-farm/Isometric/woodWallHoleDiagonal_N.png using Guid(98a18cd8d3411ef4e9b9bc2cb211d9ff) Importer(2089858483,192608db42251d675da83286b1cce702) (ScriptedImporter) -> (artifact id: '2ec087591fe1061a11a5b0224bdaa034') in 0.0402611 seconds
Number of updated asset objects reloaded before import = 0Number of asset objects unloaded after import = 3

========================================================================
Received Import Request.
  Time since last request: 0.000020 seconds.
  path: Assets/Art/Assets/isometric-miniature-farm/Isometric/sack_N.png
  artifactKey: Guid(3530c92bf22f1054d87b9463e28137ab) Importer(2089858483,192608db42251d675da83286b1cce702)
Start importing Assets/Art/Assets/isometric-miniature-farm/Isometric/sack_N.png using Guid(3530c92bf22f1054d87b9463e28137ab) Importer(2089858483,192608db42251d675da83286b1cce702) (ScriptedImporter) -> (artifact id: '4a48c0e2871584679e84a673f4aa60ff') in 0.0428907 seconds
Number of updated asset objects reloaded before import = 0Number of asset objects unloaded after import = 3

========================================================================
Received Import Request.
  Time since last request: 0.000030 seconds.
  path: Assets/Art/Assets/isometric-miniature-farm/Isometric/woodWallHoleDiagonal_W.png
  artifactKey: Guid(a42395ea90283404b978f733cf145cac) Importer(2089858483,192608db42251d675da83286b1cce702)
Start importing Assets/Art/Assets/isometric-miniature-farm/Isometric/woodWallHoleDiagonal_W.png using Guid(a42395ea90283404b978f733cf145cac) Importer(2089858483,192608db42251d675da83286b1cce702) (ScriptedImporter) -> (artifact id: 'b26f79a87ce449610170848986793025') in 0.0376447 seconds
Number of updated asset objects reloaded before import = 0Number of asset objects unloaded after import = 3

========================================================================
Received Import Request.
  Time since last request: 0.000017 seconds.
  path: Assets/Art/Assets/isometric-miniature-farm/Isometric/sacksCrate_S.png
  artifactKey: Guid(671c75bfe96555e46b7a90735b2ae6b6) Importer(2089858483,192608db42251d675da83286b1cce702)
Start importing Assets/Art/Assets/isometric-miniature-farm/Isometric/sacksCrate_S.png using Guid(671c75bfe96555e46b7a90735b2ae6b6) Importer(2089858483,192608db42251d675da83286b1cce702) (ScriptedImporter) -> (artifact id: '31da1faba9dc54aeb9d6d56e552cfce2') in 0.0381269 seconds
Number of updated asset objects reloaded before import = 0Number of asset objects unloaded after import = 3

========================================================================
Received Import Request.
  Time since last request: 0.000017 seconds.
  path: Assets/Art/Assets/isometric-miniature-farm/Isometric/woodWallRoofRight_E.png
  artifactKey: Guid(802bd5aa818b7ef4290963689c2d17f5) Importer(2089858483,192608db42251d675da83286b1cce702)
Start importing Assets/Art/Assets/isometric-miniature-farm/Isometric/woodWallRoofRight_E.png using Guid(802bd5aa818b7ef4290963689c2d17f5) Importer(2089858483,192608db42251d675da83286b1cce702) (ScriptedImporter) -> (artifact id: '190de29715f60bbfc35150d4c7ea305a') in 0.0479516 seconds
Number of updated asset objects reloaded before import = 0Number of asset objects unloaded after import = 3

========================================================================
Received Import Request.
  Time since last request: 0.000036 seconds.
  path: Assets/Art/Assets/isometric-miniature-farm/Isometric/planksOld_N.png
  artifactKey: Guid(e624a66e07cf8484688623de142e976c) Importer(2089858483,192608db42251d675da83286b1cce702)
Start importing Assets/Art/Assets/isometric-miniature-farm/Isometric/planksOld_N.png using Guid(e624a66e07cf8484688623de142e976c) Importer(2089858483,192608db42251d675da83286b1cce702) (ScriptedImporter) -> (artifact id: '49a12bd1a43b181a598cc24a64211ad1') in 0.0572736 seconds
Number of updated asset objects reloaded before import = 0Number of asset objects unloaded after import = 3

========================================================================
Received Import Request.
  Time since last request: 0.000015 seconds.
  path: Assets/Art/Assets/isometric-miniature-farm/Isometric/planks_E.png
  artifactKey: Guid(2b96dc9a4d6ca2a4b94c82a101705b72) Importer(2089858483,192608db42251d675da83286b1cce702)
Start importing Assets/Art/Assets/isometric-miniature-farm/Isometric/planks_E.png using Guid(2b96dc9a4d6ca2a4b94c82a101705b72) Importer(2089858483,192608db42251d675da83286b1cce702) (ScriptedImporter) -> (artifact id: 'ce32b667e5a58b7533f9a2bfcb258de6') in 0.0517873 seconds
Number of updated asset objects reloaded before import = 0Number of asset objects unloaded after import = 3

========================================================================
Received Import Request.
  Time since last request: 0.000024 seconds.
  path: Assets/Art/Assets/isometric-miniature-farm/Isometric/woodWallRoofLeft_W.png
  artifactKey: Guid(19e8f2dd81653374ab25f7641905043c) Importer(2089858483,192608db42251d675da83286b1cce702)
Start importing Assets/Art/Assets/isometric-miniature-farm/Isometric/woodWallRoofLeft_W.png using Guid(19e8f2dd81653374ab25f7641905043c) Importer(2089858483,192608db42251d675da83286b1cce702) (ScriptedImporter) -> (artifact id: '17a32f626d65043b518fbf7e3f75df4f') in 0.0402809 seconds
Number of updated asset objects reloaded before import = 0Number of asset objects unloaded after import = 3

========================================================================
Received Import Request.
  Time since last request: 0.000030 seconds.
  path: Assets/Art/Assets/isometric-miniature-farm/Isometric/chimneyTop_E.png
  artifactKey: Guid(9c73ff9d00ab8c44ba1251affee98e6b) Importer(2089858483,192608db42251d675da83286b1cce702)
Start importing Assets/Art/Assets/isometric-miniature-farm/Isometric/chimneyTop_E.png using Guid(9c73ff9d00ab8c44ba1251affee98e6b) Importer(2089858483,192608db42251d675da83286b1cce702) (ScriptedImporter) -> (artifact id: '2b3afc344dbfebd76392dfb764c144b5') in 0.0503461 seconds
Number of updated asset objects reloaded before import = 0Number of asset objects unloaded after import = 3

========================================================================
Received Import Request.
  Time since last request: 0.000017 seconds.
  path: Assets/Art/Assets/isometric-miniature-farm/Isometric/woodWallRoofRight_W.png
  artifactKey: Guid(f14f405ab6833554c8dba6bd83291263) Importer(2089858483,192608db42251d675da83286b1cce702)
Start importing Assets/Art/Assets/isometric-miniature-farm/Isometric/woodWallRoofRight_W.png using Guid(f14f405ab6833554c8dba6bd83291263) Importer(2089858483,192608db42251d675da83286b1cce702) (ScriptedImporter) -> (artifact id: '13b64a50890b632563b1b696c2c05277') in 0.0478373 seconds
Number of updated asset objects reloaded before import = 0Number of asset objects unloaded after import = 3

========================================================================
Received Import Request.
  Time since last request: 0.000017 seconds.
  path: Assets/Art/Assets/isometric-miniature-farm/Isometric/woodWallEmptyOpen_N.png
  artifactKey: Guid(d4b306fea255d3444832093e8286ee94) Importer(2089858483,192608db42251d675da83286b1cce702)
Start importing Assets/Art/Assets/isometric-miniature-farm/Isometric/woodWallEmptyOpen_N.png using Guid(d4b306fea255d3444832093e8286ee94) Importer(2089858483,192608db42251d675da83286b1cce702) (ScriptedImporter) -> (artifact id: '1bcbe62397172834cae7caba6758bc51') in 0.0434591 seconds
Number of updated asset objects reloaded before import = 0Number of asset objects unloaded after import = 3

========================================================================
Received Import Request.
  Time since last request: 0.000024 seconds.
  path: Assets/Art/Assets/isometric-miniature-farm/Isometric/ladderStand_E.png
  artifactKey: Guid(8f241fb549112c34b8401d5104c181cf) Importer(2089858483,192608db42251d675da83286b1cce702)
Start importing Assets/Art/Assets/isometric-miniature-farm/Isometric/ladderStand_E.png using Guid(8f241fb549112c34b8401d5104c181cf) Importer(2089858483,192608db42251d675da83286b1cce702) (ScriptedImporter) -> (artifact id: 'e4a2ba27916c81d32271ac3386b45c82') in 0.0350752 seconds
Number of updated asset objects reloaded before import = 0Number of asset objects unloaded after import = 3

========================================================================
Received Import Request.
  Time since last request: 0.000017 seconds.
  path: Assets/Art/Assets/isometric-miniature-farm/Isometric/fenceLowBroken_E.png
  artifactKey: Guid(4565122a255b1204ebf08947d3ae46e6) Importer(2089858483,192608db42251d675da83286b1cce702)
Start importing Assets/Art/Assets/isometric-miniature-farm/Isometric/fenceLowBroken_E.png using Guid(4565122a255b1204ebf08947d3ae46e6) Importer(2089858483,192608db42251d675da83286b1cce702) (ScriptedImporter) -> (artifact id: '10326dbb2960a4ac3be17a42179d1083') in 0.0278617 seconds
Number of updated asset objects reloaded before import = 0Number of asset objects unloaded after import = 3

========================================================================
Received Import Request.
  Time since last request: 0.000019 seconds.
  path: Assets/Art/Assets/isometric-miniature-farm/Isometric/woodWallDiagional_E.png
  artifactKey: Guid(dc27ddf3a5f3110438e0cec7f7ccdaae) Importer(2089858483,192608db42251d675da83286b1cce702)
Start importing Assets/Art/Assets/isometric-miniature-farm/Isometric/woodWallDiagional_E.png using Guid(dc27ddf3a5f3110438e0cec7f7ccdaae) Importer(2089858483,192608db42251d675da83286b1cce702) (ScriptedImporter) -> (artifact id: '4cb3e151fa2102c6a13e5512d3e2a9fc') in 0.0399571 seconds
Number of updated asset objects reloaded before import = 0Number of asset objects unloaded after import = 3

========================================================================
Received Import Request.
  Time since last request: 0.000022 seconds.
  path: Assets/Art/Assets/isometric-miniature-farm/Isometric/woodWallDoorClosed_S.png
  artifactKey: Guid(2e18da97c0454874b9e1040b6f430c0f) Importer(2089858483,192608db42251d675da83286b1cce702)
Start importing Assets/Art/Assets/isometric-miniature-farm/Isometric/woodWallDoorClosed_S.png using Guid(2e18da97c0454874b9e1040b6f430c0f) Importer(2089858483,192608db42251d675da83286b1cce702) (ScriptedImporter) -> (artifact id: 'af3e6db4cf854b6e91db2143b9542833') in 0.0303755 seconds
Number of updated asset objects reloaded before import = 0Number of asset objects unloaded after import = 3

========================================================================
Received Import Request.
  Time since last request: 0.000027 seconds.
  path: Assets/Art/Assets/isometric-miniature-farm/Isometric/hay_E.png
  artifactKey: Guid(2870aa693437b6d4f8fc43e98e435f38) Importer(2089858483,192608db42251d675da83286b1cce702)
Start importing Assets/Art/Assets/isometric-miniature-farm/Isometric/hay_E.png using Guid(2870aa693437b6d4f8fc43e98e435f38) Importer(2089858483,192608db42251d675da83286b1cce702) (ScriptedImporter) -> (artifact id: '250a9ba3a6e200ef40effeb380872cba') in 0.0371194 seconds
Number of updated asset objects reloaded before import = 0Number of asset objects unloaded after import = 3

========================================================================
Received Import Request.
  Time since last request: 0.000020 seconds.
  path: Assets/Art/Assets/isometric-miniature-farm/Isometric/woodWallRoofRight_N.png
  artifactKey: Guid(e1d685a2d18114245a36dd3206bbdbe1) Importer(2089858483,192608db42251d675da83286b1cce702)
Start importing Assets/Art/Assets/isometric-miniature-farm/Isometric/woodWallRoofRight_N.png using Guid(e1d685a2d18114245a36dd3206bbdbe1) Importer(2089858483,192608db42251d675da83286b1cce702) (ScriptedImporter) -> (artifact id: '0a8707b0cabd07586ecd6172536a7097') in 0.0326929 seconds
Number of updated asset objects reloaded before import = 0Number of asset objects unloaded after import = 3

========================================================================
Received Import Request.
  Time since last request: 0.000017 seconds.
  path: Assets/Art/Assets/isometric-miniature-farm/Isometric/planksSide_E.png
  artifactKey: Guid(45f73106f2928884791ca744e43a9b36) Importer(2089858483,192608db42251d675da83286b1cce702)
Start importing Assets/Art/Assets/isometric-miniature-farm/Isometric/planksSide_E.png using Guid(45f73106f2928884791ca744e43a9b36) Importer(2089858483,192608db42251d675da83286b1cce702) (ScriptedImporter) -> (artifact id: '4cd6eac7bb82a896f894af6595f824a3') in 0.0331423 seconds
Number of updated asset objects reloaded before import = 0Number of asset objects unloaded after import = 3

========================================================================
Received Import Request.
  Time since last request: 0.000021 seconds.
  path: Assets/Art/Assets/isometric-miniature-farm/Isometric/planksSideVertical_W.png
  artifactKey: Guid(383dd653ebb9f9442a54e92d0ff3992f) Importer(2089858483,192608db42251d675da83286b1cce702)
Start importing Assets/Art/Assets/isometric-miniature-farm/Isometric/planksSideVertical_W.png using Guid(383dd653ebb9f9442a54e92d0ff3992f) Importer(2089858483,192608db42251d675da83286b1cce702) (ScriptedImporter) -> (artifact id: 'e03b9a0e4e5cdd260c7a77459fb34066') in 0.0429388 seconds
Number of updated asset objects reloaded before import = 0Number of asset objects unloaded after import = 3

========================================================================
Received Import Request.
  Time since last request: 0.000025 seconds.
  path: Assets/Art/Assets/isometric-miniature-farm/Isometric/dirtFarmland_N.png
  artifactKey: Guid(6e99aff19e8c0a84f907ebdf9a023541) Importer(2089858483,192608db42251d675da83286b1cce702)
Start importing Assets/Art/Assets/isometric-miniature-farm/Isometric/dirtFarmland_N.png using Guid(6e99aff19e8c0a84f907ebdf9a023541) Importer(2089858483,192608db42251d675da83286b1cce702) (ScriptedImporter) -> (artifact id: '40de40c4c5faef190715cfec8992d2ed') in 0.0500327 seconds
Number of updated asset objects reloaded before import = 0Number of asset objects unloaded after import = 3

========================================================================
Received Import Request.
  Time since last request: 0.000017 seconds.
  path: Assets/Art/Assets/isometric-miniature-farm/Isometric/planksCornerRight_E.png
  artifactKey: Guid(97d3529293466164590651b4e9f34397) Importer(2089858483,192608db42251d675da83286b1cce702)
Start importing Assets/Art/Assets/isometric-miniature-farm/Isometric/planksCornerRight_E.png using Guid(97d3529293466164590651b4e9f34397) Importer(2089858483,192608db42251d675da83286b1cce702) (ScriptedImporter) -> (artifact id: '97501abe7f91b690e014a8848fdea1f0') in 0.0498197 seconds
Number of updated asset objects reloaded before import = 0Number of asset objects unloaded after import = 3

========================================================================
Received Import Request.
  Time since last request: 0.000019 seconds.
  path: Assets/Art/Assets/isometric-miniature-farm/Isometric/fenceLowBroken_N.png
  artifactKey: Guid(fa60818fe30ff5445b6d75e2e49a0c84) Importer(2089858483,192608db42251d675da83286b1cce702)
Start importing Assets/Art/Assets/isometric-miniature-farm/Isometric/fenceLowBroken_N.png using Guid(fa60818fe30ff5445b6d75e2e49a0c84) Importer(2089858483,192608db42251d675da83286b1cce702) (ScriptedImporter) -> (artifact id: 'c3fc143f9a3e65a7a1801f0ca2a3717d') in 0.0549626 seconds
Number of updated asset objects reloaded before import = 0Number of asset objects unloaded after import = 3

========================================================================
Received Import Request.
  Time since last request: 0.000026 seconds.
  path: Assets/Art/Assets/isometric-miniature-farm/Isometric/corn_W.png
  artifactKey: Guid(641f9926e404a62489fac589ed609538) Importer(2089858483,192608db42251d675da83286b1cce702)
Start importing Assets/Art/Assets/isometric-miniature-farm/Isometric/corn_W.png using Guid(641f9926e404a62489fac589ed609538) Importer(2089858483,192608db42251d675da83286b1cce702) (ScriptedImporter) -> (artifact id: 'dd80fd1b7d78e3d7cffc757414befa9f') in 0.0564952 seconds
Number of updated asset objects reloaded before import = 0Number of asset objects unloaded after import = 3

========================================================================
Received Import Request.
  Time since last request: 0.000018 seconds.
  path: Assets/Art/Assets/isometric-miniature-farm/Isometric/dirt_N.png
  artifactKey: Guid(d3b8253ba9164f040bff1d858cbb2a3f) Importer(2089858483,192608db42251d675da83286b1cce702)
Start importing Assets/Art/Assets/isometric-miniature-farm/Isometric/dirt_N.png using Guid(d3b8253ba9164f040bff1d858cbb2a3f) Importer(2089858483,192608db42251d675da83286b1cce702) (ScriptedImporter) -> (artifact id: 'f94c9a85024bb118832eb98500203579') in 0.0590989 seconds
Number of updated asset objects reloaded before import = 0Number of asset objects unloaded after import = 3

========================================================================
Received Import Request.
  Time since last request: 0.000017 seconds.
  path: Assets/Art/Assets/isometric-miniature-farm/Isometric/woodWallHoleCross_W.png
  artifactKey: Guid(298550a0adb395e4f8111655d12df2d2) Importer(2089858483,192608db42251d675da83286b1cce702)
Start importing Assets/Art/Assets/isometric-miniature-farm/Isometric/woodWallHoleCross_W.png using Guid(298550a0adb395e4f8111655d12df2d2) Importer(2089858483,192608db42251d675da83286b1cce702) (ScriptedImporter) -> (artifact id: '4bde1ad8da77eb8cf8d4f2639f653bc4') in 0.0470436 seconds
Number of updated asset objects reloaded before import = 0Number of asset objects unloaded after import = 3

========================================================================
Received Import Request.
  Time since last request: 0.000022 seconds.
  path: Assets/Art/Assets/isometric-miniature-farm/Isometric/woodWallGateOpen_W.png
  artifactKey: Guid(9003d3f460f77da449cb73355711ea89) Importer(2089858483,192608db42251d675da83286b1cce702)
Start importing Assets/Art/Assets/isometric-miniature-farm/Isometric/woodWallGateOpen_W.png using Guid(9003d3f460f77da449cb73355711ea89) Importer(2089858483,192608db42251d675da83286b1cce702) (ScriptedImporter) -> (artifact id: '92f753e2072569633aba69412beecedf') in 0.0585314 seconds
Number of updated asset objects reloaded before import = 0Number of asset objects unloaded after import = 3

========================================================================
Received Import Request.
  Time since last request: 0.000014 seconds.
  path: Assets/Art/Assets/isometric-miniature-farm/Isometric/cornDouble_E.png
  artifactKey: Guid(5ccad1b94a2f9424cb786a6b28dc304b) Importer(2089858483,192608db42251d675da83286b1cce702)
Start importing Assets/Art/Assets/isometric-miniature-farm/Isometric/cornDouble_E.png using Guid(5ccad1b94a2f9424cb786a6b28dc304b) Importer(2089858483,192608db42251d675da83286b1cce702) (ScriptedImporter) -> (artifact id: '75451829c4d17fbe0b6828f5efef8470') in 0.0541658 seconds
Number of updated asset objects reloaded before import = 0Number of asset objects unloaded after import = 3

========================================================================
Received Import Request.
  Time since last request: 0.000073 seconds.
  path: Assets/Art/Assets/isometric-miniature-farm/Isometric/planksCornerRight_N.png
  artifactKey: Guid(65c5585c9642a9341b37404c86a95f23) Importer(2089858483,192608db42251d675da83286b1cce702)
Start importing Assets/Art/Assets/isometric-miniature-farm/Isometric/planksCornerRight_N.png using Guid(65c5585c9642a9341b37404c86a95f23) Importer(2089858483,192608db42251d675da83286b1cce702) (ScriptedImporter) -> (artifact id: '14c1b23bfe1a9399a03fc48af26a5ca7') in 0.0613786 seconds
Number of updated asset objects reloaded before import = 0Number of asset objects unloaded after import = 3

========================================================================
Received Import Request.
  Time since last request: 0.000023 seconds.
  path: Assets/Art/Assets/isometric-miniature-farm/Isometric/planksCornerLeft_W.png
  artifactKey: Guid(2e86aaf3e11c47f41bb240d9640b71e0) Importer(2089858483,192608db42251d675da83286b1cce702)
Start importing Assets/Art/Assets/isometric-miniature-farm/Isometric/planksCornerLeft_W.png using Guid(2e86aaf3e11c47f41bb240d9640b71e0) Importer(2089858483,192608db42251d675da83286b1cce702) (ScriptedImporter) -> (artifact id: 'b0e56c9c187d4493f23e55058f557d2a') in 0.0574733 seconds
Number of updated asset objects reloaded before import = 0Number of asset objects unloaded after import = 3

========================================================================
Received Import Request.
  Time since last request: 0.000016 seconds.
  path: Assets/Art/Assets/isometric-miniature-farm/Isometric/planksHighOld_N.png
  artifactKey: Guid(cf8015a417986d14fb1e306943db7751) Importer(2089858483,192608db42251d675da83286b1cce702)
Start importing Assets/Art/Assets/isometric-miniature-farm/Isometric/planksHighOld_N.png using Guid(cf8015a417986d14fb1e306943db7751) Importer(2089858483,192608db42251d675da83286b1cce702) (ScriptedImporter) -> (artifact id: '0b8a92bccbc775b40125e3c31d06da39') in 0.0551466 seconds
Number of updated asset objects reloaded before import = 0Number of asset objects unloaded after import = 3

========================================================================
Received Import Request.
  Time since last request: 0.000016 seconds.
  path: Assets/Art/Assets/isometric-miniature-farm/Isometric/planksHole_E.png
  artifactKey: Guid(40fd58a4c5a78da418565b03c3cccf96) Importer(2089858483,192608db42251d675da83286b1cce702)
Start importing Assets/Art/Assets/isometric-miniature-farm/Isometric/planksHole_E.png using Guid(40fd58a4c5a78da418565b03c3cccf96) Importer(2089858483,192608db42251d675da83286b1cce702) (ScriptedImporter) -> (artifact id: '7db116a4473f3071b787d743e2f3f917') in 0.0583066 seconds
Number of updated asset objects reloaded before import = 0Number of asset objects unloaded after import = 3

========================================================================
Received Import Request.
  Time since last request: 0.000024 seconds.
  path: Assets/Art/Assets/isometric-miniature-farm/Isometric/planksHigh_E.png
  artifactKey: Guid(de8d937e4a8e9c54ba7900a6caf38dd0) Importer(2089858483,192608db42251d675da83286b1cce702)
Start importing Assets/Art/Assets/isometric-miniature-farm/Isometric/planksHigh_E.png using Guid(de8d937e4a8e9c54ba7900a6caf38dd0) Importer(2089858483,192608db42251d675da83286b1cce702) (ScriptedImporter) -> (artifact id: '37596f7e34855f98ccbe972831920540') in 0.0618938 seconds
Number of updated asset objects reloaded before import = 0Number of asset objects unloaded after import = 3

========================================================================
Received Import Request.
  Time since last request: 0.000015 seconds.
  path: Assets/Art/Assets/isometric-miniature-farm/Isometric/woodWallEmpty_E.png
  artifactKey: Guid(5355bd1a93c984f43baff2069918173e) Importer(2089858483,192608db42251d675da83286b1cce702)
Start importing Assets/Art/Assets/isometric-miniature-farm/Isometric/woodWallEmpty_E.png using Guid(5355bd1a93c984f43baff2069918173e) Importer(2089858483,192608db42251d675da83286b1cce702) (ScriptedImporter) -> (artifact id: '5b928c03e3235b08aaf29c0d7d8cedde') in 0.0383225 seconds
Number of updated asset objects reloaded before import = 0Number of asset objects unloaded after import = 3

========================================================================
Received Import Request.
  Time since last request: 0.000018 seconds.
  path: Assets/Art/Assets/isometric-miniature-farm/Isometric/woodWallDoorway_S.png
  artifactKey: Guid(7cf8a470254b7134194dec4086291048) Importer(2089858483,192608db42251d675da83286b1cce702)
Start importing Assets/Art/Assets/isometric-miniature-farm/Isometric/woodWallDoorway_S.png using Guid(7cf8a470254b7134194dec4086291048) Importer(2089858483,192608db42251d675da83286b1cce702) (ScriptedImporter) -> (artifact id: '3a88a5b20fe749aea806d5b2548e87ce') in 0.0601278 seconds
Number of updated asset objects reloaded before import = 0Number of asset objects unloaded after import = 3

========================================================================
Received Import Request.
  Time since last request: 0.000025 seconds.
  path: Assets/Art/Assets/isometric-miniature-farm/Isometric/cornYoung_W.png
  artifactKey: Guid(736a67887e35cd343a625b5e06ab64c2) Importer(2089858483,192608db42251d675da83286b1cce702)
Start importing Assets/Art/Assets/isometric-miniature-farm/Isometric/cornYoung_W.png using Guid(736a67887e35cd343a625b5e06ab64c2) Importer(2089858483,192608db42251d675da83286b1cce702) (ScriptedImporter) -> (artifact id: '66549baeb70a16a40b9758776b0a98f0') in 0.0602442 seconds
Number of updated asset objects reloaded before import = 0Number of asset objects unloaded after import = 3

========================================================================
Received Import Request.
  Time since last request: 0.000018 seconds.
  path: Assets/Art/Assets/isometric-miniature-farm/Isometric/roofCorner_W.png
  artifactKey: Guid(32c6d3d3e9ff94e4eb658d433ad36f2c) Importer(2089858483,192608db42251d675da83286b1cce702)
Start importing Assets/Art/Assets/isometric-miniature-farm/Isometric/roofCorner_W.png using Guid(32c6d3d3e9ff94e4eb658d433ad36f2c) Importer(2089858483,192608db42251d675da83286b1cce702) (ScriptedImporter) -> (artifact id: '1dc9726c5eace5271df05b59074c25d3') in 0.0453182 seconds
Number of updated asset objects reloaded before import = 0Number of asset objects unloaded after import = 3

========================================================================
Received Import Request.
  Time since last request: 0.000018 seconds.
  path: Assets/Art/Assets/isometric-miniature-farm/Isometric/fenceHighBroken_S.png
  artifactKey: Guid(faf0e242cd383394a82ea2c90904e694) Importer(2089858483,192608db42251d675da83286b1cce702)
Start importing Assets/Art/Assets/isometric-miniature-farm/Isometric/fenceHighBroken_S.png using Guid(faf0e242cd383394a82ea2c90904e694) Importer(2089858483,192608db42251d675da83286b1cce702) (ScriptedImporter) -> (artifact id: 'daa3f5c78ec552eddcba0cd28bde8031') in 0.0521866 seconds
Number of updated asset objects reloaded before import = 0Number of asset objects unloaded after import = 3

========================================================================
Received Import Request.
  Time since last request: 0.000029 seconds.
  path: Assets/Art/Assets/isometric-miniature-dungeon/Isometric/stoneWallBroken_W.png
  artifactKey: Guid(363f33e388c22e945ad0d3e9fea466ad) Importer(2089858483,192608db42251d675da83286b1cce702)
Start importing Assets/Art/Assets/isometric-miniature-dungeon/Isometric/stoneWallBroken_W.png using Guid(363f33e388c22e945ad0d3e9fea466ad) Importer(2089858483,192608db42251d675da83286b1cce702) (ScriptedImporter) -> (artifact id: '2d17b9a666e003423de80aa2684b68ae') in 0.045001 seconds
Number of updated asset objects reloaded before import = 0Number of asset objects unloaded after import = 3

========================================================================
Received Import Request.
  Time since last request: 0.000031 seconds.
  path: Assets/Art/Assets/isometric-miniature-farm/Angle/planksHole_W.png
  artifactKey: Guid(af3e96fa589b8c0499651c4abfe8cdc6) Importer(2089858483,192608db42251d675da83286b1cce702)
Start importing Assets/Art/Assets/isometric-miniature-farm/Angle/planksHole_W.png using Guid(af3e96fa589b8c0499651c4abfe8cdc6) Importer(2089858483,192608db42251d675da83286b1cce702) (ScriptedImporter) -> (artifact id: 'faa06e416690bd31754135bc3f2d48fe') in 0.0571557 seconds
Number of updated asset objects reloaded before import = 0Number of asset objects unloaded after import = 3

========================================================================
Received Import Request.
  Time since last request: 0.000018 seconds.
  path: Assets/Art/Assets/isometric-miniature-dungeon/Angle/stoneWallArchway_E.png
  artifactKey: Guid(d4373ce1c6f4623498d6d8d8f929a9ac) Importer(2089858483,192608db42251d675da83286b1cce702)
Start importing Assets/Art/Assets/isometric-miniature-dungeon/Angle/stoneWallArchway_E.png using Guid(d4373ce1c6f4623498d6d8d8f929a9ac) Importer(2089858483,192608db42251d675da83286b1cce702) (ScriptedImporter) -> (artifact id: 'e1f77c5c628492cc8a34169b1192cb54') in 0.049756 seconds
Number of updated asset objects reloaded before import = 0Number of asset objects unloaded after import = 3

========================================================================
Received Import Request.
  Time since last request: 0.000027 seconds.
  path: Assets/Art/Assets/isometric-miniature-dungeon/Angle/stoneWallRoundBroken_N.png
  artifactKey: Guid(af221a5d7488601439a58b5535590fc4) Importer(2089858483,192608db42251d675da83286b1cce702)
Start importing Assets/Art/Assets/isometric-miniature-dungeon/Angle/stoneWallRoundBroken_N.png using Guid(af221a5d7488601439a58b5535590fc4) Importer(2089858483,192608db42251d675da83286b1cce702) (ScriptedImporter) -> (artifact id: 'ab0581bb39dd2fb83467e4ef439dc281') in 0.0534552 seconds
Number of updated asset objects reloaded before import = 0Number of asset objects unloaded after import = 3

========================================================================
Received Import Request.
  Time since last request: 0.000013 seconds.
  path: Assets/Art/Assets/isometric-miniature-library/Angle/longTableLarge_W.png
  artifactKey: Guid(4cd9867f480bdd746bf6f3b1797f692d) Importer(2089858483,192608db42251d675da83286b1cce702)
Start importing Assets/Art/Assets/isometric-miniature-library/Angle/longTableLarge_W.png using Guid(4cd9867f480bdd746bf6f3b1797f692d) Importer(2089858483,192608db42251d675da83286b1cce702) (ScriptedImporter) -> (artifact id: 'b87c3655ba47e67d0f63c222aa568978') in 0.0539393 seconds
Number of updated asset objects reloaded before import = 0Number of asset objects unloaded after import = 3

========================================================================
Received Import Request.
  Time since last request: 0.000018 seconds.
  path: Assets/Art/Assets/isometric-miniature-library/Angle/floorCarpetSmall_E.png
  artifactKey: Guid(6ca841a643a60a34fa00ef8e1babb1b4) Importer(2089858483,192608db42251d675da83286b1cce702)
Start importing Assets/Art/Assets/isometric-miniature-library/Angle/floorCarpetSmall_E.png using Guid(6ca841a643a60a34fa00ef8e1babb1b4) Importer(2089858483,192608db42251d675da83286b1cce702) (ScriptedImporter) -> (artifact id: '34c12e97fe4f886f9c203746abd67c66') in 0.0546828 seconds
Number of updated asset objects reloaded before import = 0Number of asset objects unloaded after import = 3

========================================================================
Received Import Request.
  Time since last request: 0.000028 seconds.
  path: Assets/Art/Assets/isometric-miniature-library/Angle/floorCarpetEnd_W.png
  artifactKey: Guid(e74bbb30c8b35c545b6f76e7f78e2b74) Importer(2089858483,192608db42251d675da83286b1cce702)
Start importing Assets/Art/Assets/isometric-miniature-library/Angle/floorCarpetEnd_W.png using Guid(e74bbb30c8b35c545b6f76e7f78e2b74) Importer(2089858483,192608db42251d675da83286b1cce702) (ScriptedImporter) -> (artifact id: '4e55cafe8b24f088d2ce70825db0031c') in 0.040159 seconds
Number of updated asset objects reloaded before import = 0Number of asset objects unloaded after import = 3

========================================================================
Received Import Request.
  Time since last request: 0.000018 seconds.
  path: Assets/Art/Assets/isometric-miniature-dungeon/Angle/woodenSupports_W.png
  artifactKey: Guid(39916291672da274788dcae182081610) Importer(2089858483,192608db42251d675da83286b1cce702)
Start importing Assets/Art/Assets/isometric-miniature-dungeon/Angle/woodenSupports_W.png using Guid(39916291672da274788dcae182081610) Importer(2089858483,192608db42251d675da83286b1cce702) (ScriptedImporter) -> (artifact id: '3d3b4e338112afcf0a57f83b8d5f5ee5') in 0.0549637 seconds
Number of updated asset objects reloaded before import = 0Number of asset objects unloaded after import = 3

========================================================================
Received Import Request.
  Time since last request: 0.000021 seconds.
  path: Assets/Art/Assets/isometric-miniature-dungeon/Isometric/stoneLeft_N.png
  artifactKey: Guid(3b65cb06142104f4ca690f097410b146) Importer(2089858483,192608db42251d675da83286b1cce702)
Start importing Assets/Art/Assets/isometric-miniature-dungeon/Isometric/stoneLeft_N.png using Guid(3b65cb06142104f4ca690f097410b146) Importer(2089858483,192608db42251d675da83286b1cce702) (ScriptedImporter) -> (artifact id: 'aadd2eecf295f85c5b6c0de2f2ac84a0') in 0.0478264 seconds
Number of updated asset objects reloaded before import = 0Number of asset objects unloaded after import = 3

========================================================================
Received Import Request.
  Time since last request: 0.000025 seconds.
  path: Assets/Art/Assets/isometric-miniature-farm/Isometric/sacksCrate_N.png
  artifactKey: Guid(15f33c66563993e448555fd776e76350) Importer(2089858483,192608db42251d675da83286b1cce702)
Start importing Assets/Art/Assets/isometric-miniature-farm/Isometric/sacksCrate_N.png using Guid(15f33c66563993e448555fd776e76350) Importer(2089858483,192608db42251d675da83286b1cce702) (ScriptedImporter) -> (artifact id: 'fb4af9d7b87857a82d0b029da0134c83') in 0.0358321 seconds
Number of updated asset objects reloaded before import = 0Number of asset objects unloaded after import = 3

========================================================================
Received Import Request.
  Time since last request: 0.000016 seconds.
  path: Assets/Art/Assets/isometric-miniature-dungeon/Angle/stoneWallColumn_S.png
  artifactKey: Guid(a87d5dc5c6456d840be5404e8f4044e4) Importer(2089858483,192608db42251d675da83286b1cce702)
Start importing Assets/Art/Assets/isometric-miniature-dungeon/Angle/stoneWallColumn_S.png using Guid(a87d5dc5c6456d840be5404e8f4044e4) Importer(2089858483,192608db42251d675da83286b1cce702) (ScriptedImporter) -> (artifact id: '38e385d96ded5a639cb980a4fd195707') in 0.0364533 seconds
Number of updated asset objects reloaded before import = 0Number of asset objects unloaded after import = 3

========================================================================
Received Import Request.
  Time since last request: 0.000016 seconds.
  path: Assets/Art/Assets/isometric-miniature-library/Angle/displayCaseOpen_S.png
  artifactKey: Guid(65faeebbe3dfbe849b2da270668150ca) Importer(2089858483,192608db42251d675da83286b1cce702)
Start importing Assets/Art/Assets/isometric-miniature-library/Angle/displayCaseOpen_S.png using Guid(65faeebbe3dfbe849b2da270668150ca) Importer(2089858483,192608db42251d675da83286b1cce702) (ScriptedImporter) -> (artifact id: '745464e2a39db0c57bd3033e46656245') in 0.028378 seconds
Number of updated asset objects reloaded before import = 0Number of asset objects unloaded after import = 3

========================================================================
Received Import Request.
  Time since last request: 0.000020 seconds.
  path: Assets/Art/Assets/isometric-miniature-library/Angle/longTableChairs_S.png
  artifactKey: Guid(e5a14a9d27ccf084a96f6b629fd6f66d) Importer(2089858483,192608db42251d675da83286b1cce702)
Start importing Assets/Art/Assets/isometric-miniature-library/Angle/longTableChairs_S.png using Guid(e5a14a9d27ccf084a96f6b629fd6f66d) Importer(2089858483,192608db42251d675da83286b1cce702) (ScriptedImporter) -> (artifact id: '9726483431685c4e3ec1a4d04ce31fd3') in 0.0312647 seconds
Number of updated asset objects reloaded before import = 0Number of asset objects unloaded after import = 3

========================================================================
Received Import Request.
  Time since last request: 0.000029 seconds.
  path: Assets/Art/Assets/isometric-miniature-library/Angle/bookcaseHalfWideBooks_N.png
  artifactKey: Guid(2a6bc17270e826b4b9d762df71d3286c) Importer(2089858483,192608db42251d675da83286b1cce702)
Start importing Assets/Art/Assets/isometric-miniature-library/Angle/bookcaseHalfWideBooks_N.png using Guid(2a6bc17270e826b4b9d762df71d3286c) Importer(2089858483,192608db42251d675da83286b1cce702) (ScriptedImporter) -> (artifact id: '3933391293518233da11359f13a33c11') in 0.0372569 seconds
Number of updated asset objects reloaded before import = 0Number of asset objects unloaded after import = 3

========================================================================
Received Import Request.
  Time since last request: 0.000036 seconds.
  path: Assets/Art/Assets/isometric-miniature-library/Angle/bookcaseEmpty_S.png
  artifactKey: Guid(3de59bc6cb08d9f458664af813b693b9) Importer(2089858483,192608db42251d675da83286b1cce702)
Start importing Assets/Art/Assets/isometric-miniature-library/Angle/bookcaseEmpty_S.png using Guid(3de59bc6cb08d9f458664af813b693b9) Importer(2089858483,192608db42251d675da83286b1cce702) (ScriptedImporter) -> (artifact id: '26c728a21550f2cfaa68f0e562850571') in 0.0383999 seconds
Number of updated asset objects reloaded before import = 0Number of asset objects unloaded after import = 3

========================================================================
Received Import Request.
  Time since last request: 0.000017 seconds.
  path: Assets/Art/Assets/isometric-miniature-library/Angle/bookcaseBooksLadder_S.png
  artifactKey: Guid(318ddc119612acf4a997802841b9b41a) Importer(2089858483,192608db42251d675da83286b1cce702)
Start importing Assets/Art/Assets/isometric-miniature-library/Angle/bookcaseBooksLadder_S.png using Guid(318ddc119612acf4a997802841b9b41a) Importer(2089858483,192608db42251d675da83286b1cce702) (ScriptedImporter) -> (artifact id: 'ce288e2d08f644e24922ce354fe31731') in 0.0493301 seconds
Number of updated asset objects reloaded before import = 0Number of asset objects unloaded after import = 3

========================================================================
Received Import Request.
  Time since last request: 0.000019 seconds.
  path: Assets/Art/Assets/isometric-miniature-farm/Isometric/woodWall_E.png
  artifactKey: Guid(570aaa3d22a80f9428f9528a38265158) Importer(2089858483,192608db42251d675da83286b1cce702)
Start importing Assets/Art/Assets/isometric-miniature-farm/Isometric/woodWall_E.png using Guid(570aaa3d22a80f9428f9528a38265158) Importer(2089858483,192608db42251d675da83286b1cce702) (ScriptedImporter) -> (artifact id: '758dd4c362c1ca5721875b4e1e041bed') in 0.0515599 seconds
Number of updated asset objects reloaded before import = 0Number of asset objects unloaded after import = 3

========================================================================
Received Import Request.
  Time since last request: 0.000024 seconds.
  path: Assets/Art/Assets/isometric-miniature-library/Angle/floorCarpet_E.png
  artifactKey: Guid(59073fdf6a36aa84fa21547032459d37) Importer(2089858483,192608db42251d675da83286b1cce702)
Start importing Assets/Art/Assets/isometric-miniature-library/Angle/floorCarpet_E.png using Guid(59073fdf6a36aa84fa21547032459d37) Importer(2089858483,192608db42251d675da83286b1cce702) (ScriptedImporter) -> (artifact id: '5efad78c6865282a50aa1d9de5033ec9') in 0.0555164 seconds
Number of updated asset objects reloaded before import = 0Number of asset objects unloaded after import = 3

========================================================================
Received Import Request.
  Time since last request: 0.000022 seconds.
  path: Assets/Art/Assets/isometric-miniature-library/Angle/bookcaseFallen_W.png
  artifactKey: Guid(b0f2189ec2ccda64981e228eda9c82ce) Importer(2089858483,192608db42251d675da83286b1cce702)
Start importing Assets/Art/Assets/isometric-miniature-library/Angle/bookcaseFallen_W.png using Guid(b0f2189ec2ccda64981e228eda9c82ce) Importer(2089858483,192608db42251d675da83286b1cce702) (ScriptedImporter) -> (artifact id: '7068ee6340f594ffd335e0e0908f2bad') in 0.0465803 seconds
Number of updated asset objects reloaded before import = 0Number of asset objects unloaded after import = 3

========================================================================
Received Import Request.
  Time since last request: 0.000021 seconds.
  path: Assets/Art/Assets/isometric-miniature-library/Angle/longTableChairs_N.png
  artifactKey: Guid(e539923da9ad9e54581f9d3846df5a98) Importer(2089858483,192608db42251d675da83286b1cce702)
Start importing Assets/Art/Assets/isometric-miniature-library/Angle/longTableChairs_N.png using Guid(e539923da9ad9e54581f9d3846df5a98) Importer(2089858483,192608db42251d675da83286b1cce702) (ScriptedImporter) -> (artifact id: '3c749ab465c5acae677f5dd460bcaca6') in 0.0403128 seconds
Number of updated asset objects reloaded before import = 0Number of asset objects unloaded after import = 3

========================================================================
Received Import Request.
  Time since last request: 0.000017 seconds.
  path: Assets/Art/Assets/isometric-miniature-library/Angle/bookcaseEmptyLadder_E.png
  artifactKey: Guid(996cf41dd56ff5e43933ec2ac2b8a474) Importer(2089858483,192608db42251d675da83286b1cce702)
Start importing Assets/Art/Assets/isometric-miniature-library/Angle/bookcaseEmptyLadder_E.png using Guid(996cf41dd56ff5e43933ec2ac2b8a474) Importer(2089858483,192608db42251d675da83286b1cce702) (ScriptedImporter) -> (artifact id: 'aae02d2cdf651e40df58c3579bca42fa') in 0.0553564 seconds
Number of updated asset objects reloaded before import = 0Number of asset objects unloaded after import = 3

========================================================================
Received Import Request.
  Time since last request: 0.000028 seconds.
  path: Assets/Art/Assets/isometric-miniature-library/Angle/bookcaseWideBooks_W.png
  artifactKey: Guid(d2d4729b122d29b49af8140900ddc451) Importer(2089858483,192608db42251d675da83286b1cce702)
Start importing Assets/Art/Assets/isometric-miniature-library/Angle/bookcaseWideBooks_W.png using Guid(d2d4729b122d29b49af8140900ddc451) Importer(2089858483,192608db42251d675da83286b1cce702) (ScriptedImporter) -> (artifact id: 'b928f3258502133f3768e06520c15bf4') in 0.0527057 seconds
Number of updated asset objects reloaded before import = 0Number of asset objects unloaded after import = 3

========================================================================
Received Import Request.
  Time since last request: 0.000023 seconds.
  path: Assets/Art/Assets/isometric-miniature-library/Angle/bookcaseEmpty_N.png
  artifactKey: Guid(1bcbf5ed1f7566442823d988c920b9b6) Importer(2089858483,192608db42251d675da83286b1cce702)
Start importing Assets/Art/Assets/isometric-miniature-library/Angle/bookcaseEmpty_N.png using Guid(1bcbf5ed1f7566442823d988c920b9b6) Importer(2089858483,192608db42251d675da83286b1cce702) (ScriptedImporter) -> (artifact id: 'ed3f05c917dfb6e0820d9ebed78800c5') in 0.0488362 seconds
Number of updated asset objects reloaded before import = 0Number of asset objects unloaded after import = 3

========================================================================
Received Import Request.
  Time since last request: 0.000017 seconds.
  path: Assets/Art/Assets/isometric-miniature-library/Angle/longTable_N.png
  artifactKey: Guid(7419cdd644e9d0a4d9e397c3bec676a9) Importer(2089858483,192608db42251d675da83286b1cce702)
Start importing Assets/Art/Assets/isometric-miniature-library/Angle/longTable_N.png using Guid(7419cdd644e9d0a4d9e397c3bec676a9) Importer(2089858483,192608db42251d675da83286b1cce702) (ScriptedImporter) -> (artifact id: '5bd20db3d6412efeaa53a8e7b6a4410f') in 0.0603067 seconds
Number of updated asset objects reloaded before import = 0Number of asset objects unloaded after import = 3

========================================================================
Received Import Request.
  Time since last request: 0.000027 seconds.
  path: Assets/Art/Assets/isometric-miniature-farm/Isometric/woodWallRoofLeft_N.png
  artifactKey: Guid(20ad5c57f96d4a6438380f9b854df22e) Importer(2089858483,192608db42251d675da83286b1cce702)
Start importing Assets/Art/Assets/isometric-miniature-farm/Isometric/woodWallRoofLeft_N.png using Guid(20ad5c57f96d4a6438380f9b854df22e) Importer(2089858483,192608db42251d675da83286b1cce702) (ScriptedImporter) -> (artifact id: '373f77696c21983f388a0e0db50bdc59') in 0.0534002 seconds
Number of updated asset objects reloaded before import = 0Number of asset objects unloaded after import = 3

========================================================================
Received Import Request.
  Time since last request: 0.000017 seconds.
  path: Assets/Art/Assets/isometric-miniature-library/Angle/bookcaseWideEmptyLadder_S.png
  artifactKey: Guid(fed5b14cb6379554aae022d4256c3cb5) Importer(2089858483,192608db42251d675da83286b1cce702)
Start importing Assets/Art/Assets/isometric-miniature-library/Angle/bookcaseWideEmptyLadder_S.png using Guid(fed5b14cb6379554aae022d4256c3cb5) Importer(2089858483,192608db42251d675da83286b1cce702) (ScriptedImporter) -> (artifact id: 'fbb7f085a1ed18da1dcecb15a54587a0') in 0.0549318 seconds
Number of updated asset objects reloaded before import = 0Number of asset objects unloaded after import = 3

========================================================================
Received Import Request.
  Time since last request: 0.000018 seconds.
  path: Assets/Art/Assets/isometric-miniature-library/Angle/bookcaseWideBooksLadder_E.png
  artifactKey: Guid(494e18fe3c408264cb8e1a2d027da894) Importer(2089858483,192608db42251d675da83286b1cce702)
Start importing Assets/Art/Assets/isometric-miniature-library/Angle/bookcaseWideBooksLadder_E.png using Guid(494e18fe3c408264cb8e1a2d027da894) Importer(2089858483,192608db42251d675da83286b1cce702) (ScriptedImporter) -> (artifact id: '64aff1f5b6e70755b959c81771bd573d') in 0.0536165 seconds
Number of updated asset objects reloaded before import = 0Number of asset objects unloaded after import = 3

========================================================================
Received Import Request.
  Time since last request: 0.000025 seconds.
  path: Assets/Art/Assets/isometric-miniature-library/Angle/bookcaseDestroyed_N.png
  artifactKey: Guid(ce9459db960505a48ac27f5907db8eff) Importer(2089858483,192608db42251d675da83286b1cce702)
Start importing Assets/Art/Assets/isometric-miniature-library/Angle/bookcaseDestroyed_N.png using Guid(ce9459db960505a48ac27f5907db8eff) Importer(2089858483,192608db42251d675da83286b1cce702) (ScriptedImporter) -> (artifact id: '9db0a4c8af652f1185495dde31b57e69') in 0.0510188 seconds
Number of updated asset objects reloaded before import = 0Number of asset objects unloaded after import = 3

========================================================================
Received Import Request.
  Time since last request: 0.000015 seconds.
  path: Assets/Art/Assets/isometric-miniature-library/Angle/candleStandDouble_N.png
  artifactKey: Guid(24b9e155aaf09f0429f04b0e768469b6) Importer(2089858483,192608db42251d675da83286b1cce702)
Start importing Assets/Art/Assets/isometric-miniature-library/Angle/candleStandDouble_N.png using Guid(24b9e155aaf09f0429f04b0e768469b6) Importer(2089858483,192608db42251d675da83286b1cce702) (ScriptedImporter) -> (artifact id: 'b001e65f64990bb99e44c2bbab5b819a') in 0.054725 seconds
Number of updated asset objects reloaded before import = 0Number of asset objects unloaded after import = 3

========================================================================
Received Import Request.
  Time since last request: 0.000018 seconds.
  path: Assets/Art/Assets/isometric-miniature-library/Angle/candleStandDouble_W.png
  artifactKey: Guid(21d2027124d3a7c46a6d823b30224e3c) Importer(2089858483,192608db42251d675da83286b1cce702)
Start importing Assets/Art/Assets/isometric-miniature-library/Angle/candleStandDouble_W.png using Guid(21d2027124d3a7c46a6d823b30224e3c) Importer(2089858483,192608db42251d675da83286b1cce702) (ScriptedImporter) -> (artifact id: 'ff23445bd116eb6eca5d07ec6e69bb0f') in 0.0596098 seconds
Number of updated asset objects reloaded before import = 0Number of asset objects unloaded after import = 3

========================================================================
Received Import Request.
  Time since last request: 0.000023 seconds.
  path: Assets/Art/Assets/isometric-miniature-library/Angle/bookcaseGlass_S.png
  artifactKey: Guid(c553ecd39d475514aac4bc986b49fc86) Importer(2089858483,192608db42251d675da83286b1cce702)
Start importing Assets/Art/Assets/isometric-miniature-library/Angle/bookcaseGlass_S.png using Guid(c553ecd39d475514aac4bc986b49fc86) Importer(2089858483,192608db42251d675da83286b1cce702) (ScriptedImporter) -> (artifact id: '42e5cde14cf6e2e87981cb3a0957daa8') in 0.043326 seconds
Number of updated asset objects reloaded before import = 0Number of asset objects unloaded after import = 3

========================================================================
Received Import Request.
  Time since last request: 0.000015 seconds.
  path: Assets/Art/Assets/isometric-miniature-library/Angle/bookcaseEmpty_E.png
  artifactKey: Guid(57e4745f8db8ea547b51aa84e28454a0) Importer(2089858483,192608db42251d675da83286b1cce702)
Start importing Assets/Art/Assets/isometric-miniature-library/Angle/bookcaseEmpty_E.png using Guid(57e4745f8db8ea547b51aa84e28454a0) Importer(2089858483,192608db42251d675da83286b1cce702) (ScriptedImporter) -> (artifact id: '61e9ea390eab68d516d82c9602f25d29') in 0.0363713 seconds
Number of updated asset objects reloaded before import = 0Number of asset objects unloaded after import = 3

========================================================================
Received Import Request.
  Time since last request: 0.000015 seconds.
  path: Assets/Art/Assets/isometric-miniature-library/Angle/bookStand_W.png
  artifactKey: Guid(b9b4522795c9a7340a236efbf3a14d7c) Importer(2089858483,192608db42251d675da83286b1cce702)
Start importing Assets/Art/Assets/isometric-miniature-library/Angle/bookStand_W.png using Guid(b9b4522795c9a7340a236efbf3a14d7c) Importer(2089858483,192608db42251d675da83286b1cce702) (ScriptedImporter) -> (artifact id: 'f3a681ae1b816e73fd269b427eae09a8') in 0.0346542 seconds
Number of updated asset objects reloaded before import = 0Number of asset objects unloaded after import = 3

========================================================================
Received Import Request.
  Time since last request: 0.000023 seconds.
  path: Assets/Art/Assets/isometric-miniature-library/Angle/candleStandDouble_E.png
  artifactKey: Guid(a49680192493cef4d94c39ee3aadfdb2) Importer(2089858483,192608db42251d675da83286b1cce702)
Start importing Assets/Art/Assets/isometric-miniature-library/Angle/candleStandDouble_E.png using Guid(a49680192493cef4d94c39ee3aadfdb2) Importer(2089858483,192608db42251d675da83286b1cce702) (ScriptedImporter) -> (artifact id: '4d40e3dd39edeac77f9684f0d2295713') in 0.0799305 seconds
Number of updated asset objects reloaded before import = 0Number of asset objects unloaded after import = 3

========================================================================
Received Import Request.
  Time since last request: 0.000030 seconds.
  path: Assets/Art/Assets/isometric-miniature-library/Angle/bookcaseGlass_N.png
  artifactKey: Guid(0841852dcfe8ddf45ad21b9b2887ba21) Importer(2089858483,192608db42251d675da83286b1cce702)
Start importing Assets/Art/Assets/isometric-miniature-library/Angle/bookcaseGlass_N.png using Guid(0841852dcfe8ddf45ad21b9b2887ba21) Importer(2089858483,192608db42251d675da83286b1cce702) (ScriptedImporter) -> (artifact id: '669d3fe7a8f4940b5c4f365f0fa611ff') in 0.032974 seconds
Number of updated asset objects reloaded before import = 0Number of asset objects unloaded after import = 3

========================================================================
Received Import Request.
  Time since last request: 0.000016 seconds.
  path: Assets/Art/Assets/isometric-miniature-library/Angle/displayCaseBooks_N.png
  artifactKey: Guid(9d8b45a036afa544987bdcb7d2ad0987) Importer(2089858483,192608db42251d675da83286b1cce702)
Start importing Assets/Art/Assets/isometric-miniature-library/Angle/displayCaseBooks_N.png using Guid(9d8b45a036afa544987bdcb7d2ad0987) Importer(2089858483,192608db42251d675da83286b1cce702) (ScriptedImporter) -> (artifact id: '7f8b67c0986a29dceb5a20ffc62b8268') in 0.0311904 seconds
Number of updated asset objects reloaded before import = 0Number of asset objects unloaded after import = 3

========================================================================
Received Import Request.
  Time since last request: 0.000017 seconds.
  path: Assets/Art/Assets/isometric-miniature-farm/Isometric/roof_S.png
  artifactKey: Guid(c91680d05df8ab04ead50a9ca7697ecf) Importer(2089858483,192608db42251d675da83286b1cce702)
Start importing Assets/Art/Assets/isometric-miniature-farm/Isometric/roof_S.png using Guid(c91680d05df8ab04ead50a9ca7697ecf) Importer(2089858483,192608db42251d675da83286b1cce702) (ScriptedImporter) -> (artifact id: 'd24bb70912d55a889f491ff74e6b9d6d') in 0.0377684 seconds
Number of updated asset objects reloaded before import = 0Number of asset objects unloaded after import = 3

========================================================================
Received Import Request.
  Time since last request: 0.000019 seconds.
  path: Assets/Art/Assets/isometric-miniature-library/Isometric/floorCarpet_N.png
  artifactKey: Guid(66bb8d6d0089f3947b7c1a667a6df5aa) Importer(2089858483,192608db42251d675da83286b1cce702)
Start importing Assets/Art/Assets/isometric-miniature-library/Isometric/floorCarpet_N.png using Guid(66bb8d6d0089f3947b7c1a667a6df5aa) Importer(2089858483,192608db42251d675da83286b1cce702) (ScriptedImporter) -> (artifact id: 'bc3dc2712112942e05565582dff5b40b') in 0.0409556 seconds
Number of updated asset objects reloaded before import = 0Number of asset objects unloaded after import = 3

========================================================================
Received Import Request.
  Time since last request: 0.000026 seconds.
  path: Assets/Art/Assets/isometric-miniature-library/Angle/bookcaseWideEmpty_W.png
  artifactKey: Guid(7dbf0ca6e85f77248acc46c77fe3714c) Importer(2089858483,192608db42251d675da83286b1cce702)
Start importing Assets/Art/Assets/isometric-miniature-library/Angle/bookcaseWideEmpty_W.png using Guid(7dbf0ca6e85f77248acc46c77fe3714c) Importer(2089858483,192608db42251d675da83286b1cce702) (ScriptedImporter) -> (artifact id: '0255ac63ec07dc037da8ff27842519c5') in 0.036099 seconds
Number of updated asset objects reloaded before import = 0Number of asset objects unloaded after import = 3

========================================================================
Received Import Request.
  Time since last request: 0.000020 seconds.
  path: Assets/Art/Assets/isometric-miniature-library/Angle/bookcaseBooksLadder_E.png
  artifactKey: Guid(11d6a3acd6a555e4cbb535d109bfe4c7) Importer(2089858483,192608db42251d675da83286b1cce702)
Start importing Assets/Art/Assets/isometric-miniature-library/Angle/bookcaseBooksLadder_E.png using Guid(11d6a3acd6a555e4cbb535d109bfe4c7) Importer(2089858483,192608db42251d675da83286b1cce702) (ScriptedImporter) -> (artifact id: 'f8c26097f40a728913fbd7f23c9278c7') in 0.0361614 seconds
Number of updated asset objects reloaded before import = 0Number of asset objects unloaded after import = 3

========================================================================
Received Import Request.
  Time since last request: 0.000017 seconds.
  path: Assets/Art/Assets/isometric-miniature-library/Isometric/libraryChair_N.png
  artifactKey: Guid(940a0246b4800094da6143acd4580118) Importer(2089858483,192608db42251d675da83286b1cce702)
Start importing Assets/Art/Assets/isometric-miniature-library/Isometric/libraryChair_N.png using Guid(940a0246b4800094da6143acd4580118) Importer(2089858483,192608db42251d675da83286b1cce702) (ScriptedImporter) -> (artifact id: 'c76e78bdd5eb52f4e5b6c62bf62ad8aa') in 0.045652 seconds
Number of updated asset objects reloaded before import = 0Number of asset objects unloaded after import = 3

========================================================================
Received Import Request.
  Time since last request: 0.000028 seconds.
  path: Assets/Art/Assets/isometric-miniature-library/Isometric/bookcaseEmptyLadder_W.png
  artifactKey: Guid(1d450258167e7454c998e787541787ff) Importer(2089858483,192608db42251d675da83286b1cce702)
Start importing Assets/Art/Assets/isometric-miniature-library/Isometric/bookcaseEmptyLadder_W.png using Guid(1d450258167e7454c998e787541787ff) Importer(2089858483,192608db42251d675da83286b1cce702) (ScriptedImporter) -> (artifact id: 'b35a4ec4892b24954044407d23a5c2c1') in 0.0526399 seconds
Number of updated asset objects reloaded before import = 0Number of asset objects unloaded after import = 3

========================================================================
Received Import Request.
  Time since last request: 0.000034 seconds.
  path: Assets/Art/Assets/isometric-miniature-library/Angle/bookcaseHalfBooks_S.png
  artifactKey: Guid(d759584dcd56e8943a1f4226a24c9c8e) Importer(2089858483,192608db42251d675da83286b1cce702)
Start importing Assets/Art/Assets/isometric-miniature-library/Angle/bookcaseHalfBooks_S.png using Guid(d759584dcd56e8943a1f4226a24c9c8e) Importer(2089858483,192608db42251d675da83286b1cce702) (ScriptedImporter) -> (artifact id: 'ad20eb22e34e867b8ce22185401499cc') in 0.0539831 seconds
Number of updated asset objects reloaded before import = 0Number of asset objects unloaded after import = 3

========================================================================
Received Import Request.
  Time since last request: 0.000016 seconds.
  path: Assets/Art/Assets/isometric-miniature-library/Isometric/bookStandEmpty_S.png
  artifactKey: Guid(aea095b989371894a8ccb2f4a89204c2) Importer(2089858483,192608db42251d675da83286b1cce702)
Start importing Assets/Art/Assets/isometric-miniature-library/Isometric/bookStandEmpty_S.png using Guid(aea095b989371894a8ccb2f4a89204c2) Importer(2089858483,192608db42251d675da83286b1cce702) (ScriptedImporter) -> (artifact id: 'e35da498c6a7f7c7e0cd4cac3a85aaad') in 0.0494617 seconds
Number of updated asset objects reloaded before import = 0Number of asset objects unloaded after import = 3

========================================================================
Received Import Request.
  Time since last request: 0.000024 seconds.
  path: Assets/Art/Assets/isometric-miniature-library/Isometric/longTableDecoratedChairsBooks_N.png
  artifactKey: Guid(26648db20d9b4504cacddafbeed16728) Importer(2089858483,192608db42251d675da83286b1cce702)
Start importing Assets/Art/Assets/isometric-miniature-library/Isometric/longTableDecoratedChairsBooks_N.png using Guid(26648db20d9b4504cacddafbeed16728) Importer(2089858483,192608db42251d675da83286b1cce702) (ScriptedImporter) -> (artifact id: '9c6b62241a2ecac3daf2636bd55d40a4') in 0.0399741 seconds
Number of updated asset objects reloaded before import = 0Number of asset objects unloaded after import = 3

========================================================================
Received Import Request.
  Time since last request: 0.000036 seconds.
  path: Assets/Art/Assets/isometric-miniature-library/Isometric/bookcaseFallen_N.png
  artifactKey: Guid(1fe62d81ede3a5842916967feaf87902) Importer(2089858483,192608db42251d675da83286b1cce702)
Start importing Assets/Art/Assets/isometric-miniature-library/Isometric/bookcaseFallen_N.png using Guid(1fe62d81ede3a5842916967feaf87902) Importer(2089858483,192608db42251d675da83286b1cce702) (ScriptedImporter) -> (artifact id: '2a0fd623e0b60259370e48ce8dc69076') in 0.0382018 seconds
Number of updated asset objects reloaded before import = 0Number of asset objects unloaded after import = 3

========================================================================
Received Import Request.
  Time since last request: 0.000016 seconds.
  path: Assets/Art/Assets/isometric-miniature-library/Isometric/candleStand_E.png
  artifactKey: Guid(be720ea1c5bcd82468f8aec7bb57e100) Importer(2089858483,192608db42251d675da83286b1cce702)
Start importing Assets/Art/Assets/isometric-miniature-library/Isometric/candleStand_E.png using Guid(be720ea1c5bcd82468f8aec7bb57e100) Importer(2089858483,192608db42251d675da83286b1cce702) (ScriptedImporter) -> (artifact id: '60a09a9e3e8d0ec55c9cbc07193a2ee8') in 0.0538255 seconds
Number of updated asset objects reloaded before import = 0Number of asset objects unloaded after import = 3

========================================================================
Received Import Request.
  Time since last request: 0.000022 seconds.
  path: Assets/Art/Assets/isometric-miniature-library/Isometric/floorCarpetEnd_E.png
  artifactKey: Guid(d299b8d348bedae448f00d013d863b03) Importer(2089858483,192608db42251d675da83286b1cce702)
Start importing Assets/Art/Assets/isometric-miniature-library/Isometric/floorCarpetEnd_E.png using Guid(d299b8d348bedae448f00d013d863b03) Importer(2089858483,192608db42251d675da83286b1cce702) (ScriptedImporter) -> (artifact id: '941b1760755ca803154bb860b13d781c') in 0.0428824 seconds
Number of updated asset objects reloaded before import = 0Number of asset objects unloaded after import = 3

========================================================================
Received Import Request.
  Time since last request: 0.000031 seconds.
  path: Assets/Art/Assets/isometric-miniature-library/Isometric/bookcaseHalfWideBooks_S.png
  artifactKey: Guid(d06d580a26744c24f98059d4554d4f16) Importer(2089858483,192608db42251d675da83286b1cce702)
Start importing Assets/Art/Assets/isometric-miniature-library/Isometric/bookcaseHalfWideBooks_S.png using Guid(d06d580a26744c24f98059d4554d4f16) Importer(2089858483,192608db42251d675da83286b1cce702) (ScriptedImporter) -> (artifact id: '3049270c084d3978a100329e4897c51a') in 0.044895 seconds
Number of updated asset objects reloaded before import = 0Number of asset objects unloaded after import = 3

========================================================================
Received Import Request.
  Time since last request: 0.000017 seconds.
  path: Assets/Art/Assets/isometric-miniature-library/Isometric/bookcaseDestroyed_N.png
  artifactKey: Guid(9ddbdd435773849418c6a350b8940c2b) Importer(2089858483,192608db42251d675da83286b1cce702)
Start importing Assets/Art/Assets/isometric-miniature-library/Isometric/bookcaseDestroyed_N.png using Guid(9ddbdd435773849418c6a350b8940c2b) Importer(2089858483,192608db42251d675da83286b1cce702) (ScriptedImporter) -> (artifact id: '5214c703c180570f490aec9ab9c785f5') in 0.0525845 seconds
Number of updated asset objects reloaded before import = 0Number of asset objects unloaded after import = 3

========================================================================
Received Import Request.
  Time since last request: 0.000017 seconds.
  path: Assets/Art/Assets/isometric-miniature-library/Isometric/bookcaseDestroyed_E.png
  artifactKey: Guid(7f5eaa0e5316b634a966ba9573a0458a) Importer(2089858483,192608db42251d675da83286b1cce702)
Start importing Assets/Art/Assets/isometric-miniature-library/Isometric/bookcaseDestroyed_E.png using Guid(7f5eaa0e5316b634a966ba9573a0458a) Importer(2089858483,192608db42251d675da83286b1cce702) (ScriptedImporter) -> (artifact id: '3cbeaa1feb23b704284dd7466445dcbe') in 0.0526494 seconds
Number of updated asset objects reloaded before import = 0Number of asset objects unloaded after import = 3

========================================================================
Received Import Request.
  Time since last request: 0.000027 seconds.
  path: Assets/Art/Assets/isometric-miniature-library/Isometric/bookcaseBooks_W.png
  artifactKey: Guid(06e177300fb809b42ac7368c4c27788c) Importer(2089858483,192608db42251d675da83286b1cce702)
Start importing Assets/Art/Assets/isometric-miniature-library/Isometric/bookcaseBooks_W.png using Guid(06e177300fb809b42ac7368c4c27788c) Importer(2089858483,192608db42251d675da83286b1cce702) (ScriptedImporter) -> (artifact id: '81e34c8494e2d3b927a3d5c8ebc93a27') in 0.0552976 seconds
Number of updated asset objects reloaded before import = 0Number of asset objects unloaded after import = 3

========================================================================
Received Import Request.
  Time since last request: 0.000018 seconds.
  path: Assets/Art/Assets/isometric-miniature-library/Isometric/bookcaseEmpty_E.png
  artifactKey: Guid(b0ef1948f0e2b1d49a114e9ba435ac87) Importer(2089858483,192608db42251d675da83286b1cce702)
Start importing Assets/Art/Assets/isometric-miniature-library/Isometric/bookcaseEmpty_E.png using Guid(b0ef1948f0e2b1d49a114e9ba435ac87) Importer(2089858483,192608db42251d675da83286b1cce702) (ScriptedImporter) -> (artifact id: 'e554d50a703a715eeda2cff14dba639f') in 0.0555553 seconds
Number of updated asset objects reloaded before import = 0Number of asset objects unloaded after import = 3

========================================================================
Received Import Request.
  Time since last request: 0.000017 seconds.
  path: Assets/Art/Assets/isometric-miniature-library/Isometric/bookcaseWideBooks_S.png
  artifactKey: Guid(66fa5180f2cea094d96f95cfd97282a0) Importer(2089858483,192608db42251d675da83286b1cce702)
Start importing Assets/Art/Assets/isometric-miniature-library/Isometric/bookcaseWideBooks_S.png using Guid(66fa5180f2cea094d96f95cfd97282a0) Importer(2089858483,192608db42251d675da83286b1cce702) (ScriptedImporter) -> (artifact id: '88cda5d97128a83ca1c38b756d668906') in 0.0538281 seconds
Number of updated asset objects reloaded before import = 0Number of asset objects unloaded after import = 3

========================================================================
Received Import Request.
  Time since last request: 0.000029 seconds.
  path: Assets/Art/Assets/isometric-miniature-library/Isometric/bookcaseBooksLadder_W.png
  artifactKey: Guid(62052e8c9c334eb468d58307b72f0d24) Importer(2089858483,192608db42251d675da83286b1cce702)
Start importing Assets/Art/Assets/isometric-miniature-library/Isometric/bookcaseBooksLadder_W.png using Guid(62052e8c9c334eb468d58307b72f0d24) Importer(2089858483,192608db42251d675da83286b1cce702) (ScriptedImporter) -> (artifact id: '141896bd71ee8bdf8545c6cd3486dd6f') in 0.0521466 seconds
Number of updated asset objects reloaded before import = 0Number of asset objects unloaded after import = 3

========================================================================
Received Import Request.
  Time since last request: 0.000015 seconds.
  path: Assets/Art/Assets/isometric-miniature-library/Isometric/displayCase_S.png
  artifactKey: Guid(e983cfa42c3eccd43b1a2d0b62e3c9ab) Importer(2089858483,192608db42251d675da83286b1cce702)
Start importing Assets/Art/Assets/isometric-miniature-library/Isometric/displayCase_S.png using Guid(e983cfa42c3eccd43b1a2d0b62e3c9ab) Importer(2089858483,192608db42251d675da83286b1cce702) (ScriptedImporter) -> (artifact id: 'e405de859852dd43d9f9a2a620e0b288') in 0.0582903 seconds
Number of updated asset objects reloaded before import = 0Number of asset objects unloaded after import = 3

========================================================================
Received Import Request.
  Time since last request: 0.000017 seconds.
  path: Assets/Art/Assets/isometric-miniature-library/Isometric/wallDoorway_W.png
  artifactKey: Guid(9994e0d508efda94f8bfa5dd4aa21712) Importer(2089858483,192608db42251d675da83286b1cce702)
Start importing Assets/Art/Assets/isometric-miniature-library/Isometric/wallDoorway_W.png using Guid(9994e0d508efda94f8bfa5dd4aa21712) Importer(2089858483,192608db42251d675da83286b1cce702) (ScriptedImporter) -> (artifact id: 'f6bc848b0e71950bf01dfe79785571d3') in 0.0516771 seconds
Number of updated asset objects reloaded before import = 0Number of asset objects unloaded after import = 3

========================================================================
Received Import Request.
  Time since last request: 0.000035 seconds.
  path: Assets/Art/Assets/isometric-miniature-library/Isometric/bookcaseBooksLadder_N.png
  artifactKey: Guid(acaaef40327f2874c9f60ffd0654afea) Importer(2089858483,192608db42251d675da83286b1cce702)
Start importing Assets/Art/Assets/isometric-miniature-library/Isometric/bookcaseBooksLadder_N.png using Guid(acaaef40327f2874c9f60ffd0654afea) Importer(2089858483,192608db42251d675da83286b1cce702) (ScriptedImporter) -> (artifact id: 'a1f444214601fa3e5cf99b5993bd5d8f') in 0.0489161 seconds
Number of updated asset objects reloaded before import = 0Number of asset objects unloaded after import = 3

========================================================================
Received Import Request.
  Time since last request: 0.000019 seconds.
  path: Assets/Art/Assets/isometric-miniature-library/Isometric/bookcaseHalfWideBooks_N.png
  artifactKey: Guid(f08717c819565f4419fa6c62d568d228) Importer(2089858483,192608db42251d675da83286b1cce702)
Start importing Assets/Art/Assets/isometric-miniature-library/Isometric/bookcaseHalfWideBooks_N.png using Guid(f08717c819565f4419fa6c62d568d228) Importer(2089858483,192608db42251d675da83286b1cce702) (ScriptedImporter) -> (artifact id: 'c33478caa31b9da8f65ebbf033a5337b') in 0.0538278 seconds
Number of updated asset objects reloaded before import = 0Number of asset objects unloaded after import = 3

========================================================================
Received Import Request.
  Time since last request: 0.000018 seconds.
  path: Assets/Art/Assets/isometric-miniature-library/Isometric/longTableChairs_E.png
  artifactKey: Guid(1b354851ba6a4e1408631ff336d2d784) Importer(2089858483,192608db42251d675da83286b1cce702)
Start importing Assets/Art/Assets/isometric-miniature-library/Isometric/longTableChairs_E.png using Guid(1b354851ba6a4e1408631ff336d2d784) Importer(2089858483,192608db42251d675da83286b1cce702) (ScriptedImporter) -> (artifact id: 'aa3e75472119a7fdcc1c062d5e387995') in 0.0457811 seconds
Number of updated asset objects reloaded before import = 0Number of asset objects unloaded after import = 3

========================================================================
Received Import Request.
  Time since last request: 0.000027 seconds.
  path: Assets/Art/Assets/isometric-miniature-library/Isometric/libraryChair_W.png
  artifactKey: Guid(7d31f8cd6f4d0b44ab51610ff553b927) Importer(2089858483,192608db42251d675da83286b1cce702)
Start importing Assets/Art/Assets/isometric-miniature-library/Isometric/libraryChair_W.png using Guid(7d31f8cd6f4d0b44ab51610ff553b927) Importer(2089858483,192608db42251d675da83286b1cce702) (ScriptedImporter) -> (artifact id: '03f693c31d742af7ee46df870cc79019') in 0.0632429 seconds
Number of updated asset objects reloaded before import = 0Number of asset objects unloaded after import = 3

========================================================================
Received Import Request.
  Time since last request: 0.000016 seconds.
  path: Assets/Art/Assets/isometric-miniature-library/Isometric/bookStand_E.png
  artifactKey: Guid(f2eb54001eb521c46ab0e98b6f62cb51) Importer(2089858483,192608db42251d675da83286b1cce702)
Start importing Assets/Art/Assets/isometric-miniature-library/Isometric/bookStand_E.png using Guid(f2eb54001eb521c46ab0e98b6f62cb51) Importer(2089858483,192608db42251d675da83286b1cce702) (ScriptedImporter) -> (artifact id: '1cd7d9f1ca1b691580d29ff4574a9910') in 0.0587748 seconds
Number of updated asset objects reloaded before import = 0Number of asset objects unloaded after import = 3

========================================================================
Received Import Request.
  Time since last request: 0.000016 seconds.
  path: Assets/Art/Assets/isometric-miniature-library/Isometric/bookcaseWideEmpty_E.png
  artifactKey: Guid(d79a09bfb77bb0043a56d6418342648d) Importer(2089858483,192608db42251d675da83286b1cce702)
Start importing Assets/Art/Assets/isometric-miniature-library/Isometric/bookcaseWideEmpty_E.png using Guid(d79a09bfb77bb0043a56d6418342648d) Importer(2089858483,192608db42251d675da83286b1cce702) (ScriptedImporter) -> (artifact id: 'e7f0b4e4718fb52566adc12cce0d8d13') in 0.0542961 seconds
Number of updated asset objects reloaded before import = 0Number of asset objects unloaded after import = 3

========================================================================
Received Import Request.
  Time since last request: 0.000031 seconds.
  path: Assets/Art/Assets/isometric-miniature-library/Isometric/bookcaseHalfBooks_E.png
  artifactKey: Guid(719f2ac57a8c1e248a258247ea5e347c) Importer(2089858483,192608db42251d675da83286b1cce702)
Start importing Assets/Art/Assets/isometric-miniature-library/Isometric/bookcaseHalfBooks_E.png using Guid(719f2ac57a8c1e248a258247ea5e347c) Importer(2089858483,192608db42251d675da83286b1cce702) (ScriptedImporter) -> (artifact id: '3549f0cd6039c35da98503c5ac9005a7') in 0.0543775 seconds
Number of updated asset objects reloaded before import = 0Number of asset objects unloaded after import = 3

========================================================================
Received Import Request.
  Time since last request: 0.000015 seconds.
  path: Assets/Art/Assets/isometric-miniature-library/Isometric/longTableChairs_S.png
  artifactKey: Guid(5dba100118c3a6346983642ce614b5bf) Importer(2089858483,192608db42251d675da83286b1cce702)
Start importing Assets/Art/Assets/isometric-miniature-library/Isometric/longTableChairs_S.png using Guid(5dba100118c3a6346983642ce614b5bf) Importer(2089858483,192608db42251d675da83286b1cce702) (ScriptedImporter) -> (artifact id: 'c8e4d41a36a17a33163223c8f27fe80d') in 0.0491715 seconds
Number of updated asset objects reloaded before import = 0Number of asset objects unloaded after import = 3

========================================================================
Received Import Request.
  Time since last request: 0.000019 seconds.
  path: Assets/Art/Assets/isometric-miniature-library/Isometric/floorCarpet_S.png
  artifactKey: Guid(bed7eb71f8901bb4eae00e6894a3c442) Importer(2089858483,192608db42251d675da83286b1cce702)
Start importing Assets/Art/Assets/isometric-miniature-library/Isometric/floorCarpet_S.png using Guid(bed7eb71f8901bb4eae00e6894a3c442) Importer(2089858483,192608db42251d675da83286b1cce702) (ScriptedImporter) -> (artifact id: '8ba448869174ff901e6a18c0b22840d2') in 0.0542874 seconds
Number of updated asset objects reloaded before import = 0Number of asset objects unloaded after import = 3

========================================================================
Received Import Request.
  Time since last request: 0.000023 seconds.
  path: Assets/Art/Assets/isometric-miniature-library/Isometric/bookStand_S.png
  artifactKey: Guid(15ae6aff12770484d9a273efa7f646e6) Importer(2089858483,192608db42251d675da83286b1cce702)
Start importing Assets/Art/Assets/isometric-miniature-library/Isometric/bookStand_S.png using Guid(15ae6aff12770484d9a273efa7f646e6) Importer(2089858483,192608db42251d675da83286b1cce702) (ScriptedImporter) -> (artifact id: '8f8e6bc7fda9d89d815a09f66b79bce6') in 0.0604187 seconds
Number of updated asset objects reloaded before import = 0Number of asset objects unloaded after import = 3

========================================================================
Received Import Request.
  Time since last request: 0.000020 seconds.
  path: Assets/Art/Assets/isometric-miniature-library/Isometric/floorCarpet_W.png
  artifactKey: Guid(1d25b769abc3d094fb9517384e2a1fbe) Importer(2089858483,192608db42251d675da83286b1cce702)
Start importing Assets/Art/Assets/isometric-miniature-library/Isometric/floorCarpet_W.png using Guid(1d25b769abc3d094fb9517384e2a1fbe) Importer(2089858483,192608db42251d675da83286b1cce702) (ScriptedImporter) -> (artifact id: '573fd70bd11b65acff71b496ec5d29c2') in 0.0568239 seconds
Number of updated asset objects reloaded before import = 0Number of asset objects unloaded after import = 3

========================================================================
Received Import Request.
  Time since last request: 0.000024 seconds.
  path: Assets/Art/Assets/isometric-miniature-library/Isometric/bookcaseHalfEmpty_E.png
  artifactKey: Guid(1c7777702714e0346832d57c5485dff4) Importer(2089858483,192608db42251d675da83286b1cce702)
Start importing Assets/Art/Assets/isometric-miniature-library/Isometric/bookcaseHalfEmpty_E.png using Guid(1c7777702714e0346832d57c5485dff4) Importer(2089858483,192608db42251d675da83286b1cce702) (ScriptedImporter) -> (artifact id: '1a22d70fd1dd1327831733ab880b037a') in 0.05538 seconds
Number of updated asset objects reloaded before import = 0Number of asset objects unloaded after import = 3

========================================================================
Received Import Request.
  Time since last request: 0.000022 seconds.
  path: Assets/Art/Assets/isometric-miniature-library/Isometric/bookcaseHalfWideEmpty_S.png
  artifactKey: Guid(8deeea69fc635ee4aa7b73b59176112c) Importer(2089858483,192608db42251d675da83286b1cce702)
Start importing Assets/Art/Assets/isometric-miniature-library/Isometric/bookcaseHalfWideEmpty_S.png using Guid(8deeea69fc635ee4aa7b73b59176112c) Importer(2089858483,192608db42251d675da83286b1cce702) (ScriptedImporter) -> (artifact id: 'afda02e07696976c672aeceb4b0850d5') in 0.0586506 seconds
Number of updated asset objects reloaded before import = 0Number of asset objects unloaded after import = 3

========================================================================
Received Import Request.
  Time since last request: 0.000016 seconds.
  path: Assets/Art/Assets/isometric-miniature-library/Isometric/displayCaseSword_S.png
  artifactKey: Guid(05423d06858cc804a9b35ce77753b04d) Importer(2089858483,192608db42251d675da83286b1cce702)
Start importing Assets/Art/Assets/isometric-miniature-library/Isometric/displayCaseSword_S.png using Guid(05423d06858cc804a9b35ce77753b04d) Importer(2089858483,192608db42251d675da83286b1cce702) (ScriptedImporter) -> (artifact id: 'd3419b9f5a91d4f963df552daee23f8b') in 0.059161 seconds
Number of updated asset objects reloaded before import = 0Number of asset objects unloaded after import = 3

========================================================================
Received Import Request.
  Time since last request: 0.000019 seconds.
  path: Assets/Art/Assets/isometric-miniature-library/Isometric/bookcaseHalfWideEmpty_E.png
  artifactKey: Guid(df6b0da47d23c984ba6d887e997cba27) Importer(2089858483,192608db42251d675da83286b1cce702)
Start importing Assets/Art/Assets/isometric-miniature-library/Isometric/bookcaseHalfWideEmpty_E.png using Guid(df6b0da47d23c984ba6d887e997cba27) Importer(2089858483,192608db42251d675da83286b1cce702) (ScriptedImporter) -> (artifact id: '61dfb4bbc1bf1ce281dec404a6bac377') in 0.0445404 seconds
Number of updated asset objects reloaded before import = 0Number of asset objects unloaded after import = 3

========================================================================
Received Import Request.
  Time since last request: 0.000029 seconds.
  path: Assets/Art/Assets/isometric-miniature-bases/Angle/square_snow_high_detail_N.png
  artifactKey: Guid(124966313c8cb2941bec9dda1b6f7998) Importer(2089858483,192608db42251d675da83286b1cce702)
Start importing Assets/Art/Assets/isometric-miniature-bases/Angle/square_snow_high_detail_N.png using Guid(124966313c8cb2941bec9dda1b6f7998) Importer(2089858483,192608db42251d675da83286b1cce702) (ScriptedImporter) -> (artifact id: 'ee9faaef4bca97df0c99182b16ddf2fe') in 0.059292 seconds
Number of updated asset objects reloaded before import = 0Number of asset objects unloaded after import = 3

========================================================================
Received Import Request.
  Time since last request: 0.000016 seconds.
  path: Assets/Art/Assets/isometric-miniature-library/Isometric/displayCaseOpen_E.png
  artifactKey: Guid(4d4997e2061944d4785029a3d944d537) Importer(2089858483,192608db42251d675da83286b1cce702)
Start importing Assets/Art/Assets/isometric-miniature-library/Isometric/displayCaseOpen_E.png using Guid(4d4997e2061944d4785029a3d944d537) Importer(2089858483,192608db42251d675da83286b1cce702) (ScriptedImporter) -> (artifact id: 'e0911e084a81ce1193525bdbe0a90309') in 0.0380604 seconds
Number of updated asset objects reloaded before import = 0Number of asset objects unloaded after import = 3

========================================================================
Received Import Request.
  Time since last request: 0.000025 seconds.
  path: Assets/Art/Assets/isometric-miniature-library/Isometric/displayCase_E.png
  artifactKey: Guid(bdad0b128fa742a43b127044b478876b) Importer(2089858483,192608db42251d675da83286b1cce702)
Start importing Assets/Art/Assets/isometric-miniature-library/Isometric/displayCase_E.png using Guid(bdad0b128fa742a43b127044b478876b) Importer(2089858483,192608db42251d675da83286b1cce702) (ScriptedImporter) -> (artifact id: 'ab324ec2b37f3a489c16f7ca8b5e2cc6') in 0.0436357 seconds
Number of updated asset objects reloaded before import = 0Number of asset objects unloaded after import = 3

========================================================================
Received Import Request.
  Time since last request: 0.000024 seconds.
  path: Assets/Art/Assets/isometric-miniature-library/Isometric/bookStandEmpty_N.png
  artifactKey: Guid(ec18aff3a25d6c8458a924a5f0b58239) Importer(2089858483,192608db42251d675da83286b1cce702)
Start importing Assets/Art/Assets/isometric-miniature-library/Isometric/bookStandEmpty_N.png using Guid(ec18aff3a25d6c8458a924a5f0b58239) Importer(2089858483,192608db42251d675da83286b1cce702) (ScriptedImporter) -> (artifact id: 'af3e12868eee8e521bca34d201a0490d') in 0.0523574 seconds
Number of updated asset objects reloaded before import = 0Number of asset objects unloaded after import = 3

========================================================================
Received Import Request.
  Time since last request: 0.000023 seconds.
  path: Assets/Art/Assets/isometric-miniature-bases/Angle/base_stone_flat_W.png
  artifactKey: Guid(9d23b3b759256bb42ba001a216044c57) Importer(2089858483,192608db42251d675da83286b1cce702)
Start importing Assets/Art/Assets/isometric-miniature-bases/Angle/base_stone_flat_W.png using Guid(9d23b3b759256bb42ba001a216044c57) Importer(2089858483,192608db42251d675da83286b1cce702) (ScriptedImporter) -> (artifact id: 'f4fbe832833a087b45d45c0e4b1d0925') in 0.048839 seconds
Number of updated asset objects reloaded before import = 0Number of asset objects unloaded after import = 3

========================================================================
Received Import Request.
  Time since last request: 0.000017 seconds.
  path: Assets/Art/Assets/isometric-miniature-bases/Angle/square_dirt_high_detail_N.png
  artifactKey: Guid(ba496a1e62323ab4c828562a7df33695) Importer(2089858483,192608db42251d675da83286b1cce702)
Start importing Assets/Art/Assets/isometric-miniature-bases/Angle/square_dirt_high_detail_N.png using Guid(ba496a1e62323ab4c828562a7df33695) Importer(2089858483,192608db42251d675da83286b1cce702) (ScriptedImporter) -> (artifact id: '43b38d3e4f31e2af7e2603598eb67e53') in 0.0497807 seconds
Number of updated asset objects reloaded before import = 0Number of asset objects unloaded after import = 3

========================================================================
Received Import Request.
  Time since last request: 0.000017 seconds.
  path: Assets/Art/Assets/isometric-miniature-bases/Angle/base_stone_detail_W.png
  artifactKey: Guid(f00ae04bdcfa31649b5d40a16b07d3d0) Importer(2089858483,192608db42251d675da83286b1cce702)
Start importing Assets/Art/Assets/isometric-miniature-bases/Angle/base_stone_detail_W.png using Guid(f00ae04bdcfa31649b5d40a16b07d3d0) Importer(2089858483,192608db42251d675da83286b1cce702) (ScriptedImporter) -> (artifact id: 'e1b21c4f9253aaf7552854ac6718e55a') in 0.05782 seconds
Number of updated asset objects reloaded before import = 0Number of asset objects unloaded after import = 3

========================================================================
Received Import Request.
  Time since last request: 0.000083 seconds.
  path: Assets/Art/Assets/isometric-miniature-bases/Angle/base_wood_high_E.png
  artifactKey: Guid(21263e43347e52147bf08b05a3d778d9) Importer(2089858483,192608db42251d675da83286b1cce702)
Start importing Assets/Art/Assets/isometric-miniature-bases/Angle/base_wood_high_E.png using Guid(21263e43347e52147bf08b05a3d778d9) Importer(2089858483,192608db42251d675da83286b1cce702) (ScriptedImporter) -> (artifact id: '059cb7e902c348fea97297626ddc0878') in 0.0471417 seconds
Number of updated asset objects reloaded before import = 0Number of asset objects unloaded after import = 3

========================================================================
Received Import Request.
  Time since last request: 0.000016 seconds.
  path: Assets/Art/Assets/isometric-miniature-library/Angle/libraryChair_N.png
  artifactKey: Guid(4824d31ed3907d848ad74aca56c80e30) Importer(2089858483,192608db42251d675da83286b1cce702)
Start importing Assets/Art/Assets/isometric-miniature-library/Angle/libraryChair_N.png using Guid(4824d31ed3907d848ad74aca56c80e30) Importer(2089858483,192608db42251d675da83286b1cce702) (ScriptedImporter) -> (artifact id: '7fa6bd5338e0a401085e19fed0e0bbb3') in 0.0503089 seconds
Number of updated asset objects reloaded before import = 0Number of asset objects unloaded after import = 3

========================================================================
Received Import Request.
  Time since last request: 0.000020 seconds.
  path: Assets/Art/Assets/isometric-miniature-bases/Angle/base_dirt_float_N.png
  artifactKey: Guid(f336ec4d1ccc0d1418c5d4570072b22f) Importer(2089858483,192608db42251d675da83286b1cce702)
Start importing Assets/Art/Assets/isometric-miniature-bases/Angle/base_dirt_float_N.png using Guid(f336ec4d1ccc0d1418c5d4570072b22f) Importer(2089858483,192608db42251d675da83286b1cce702) (ScriptedImporter) -> (artifact id: '541136a44a40a0cec4128c7761d1d60d') in 0.0515253 seconds
Number of updated asset objects reloaded before import = 0Number of asset objects unloaded after import = 3

========================================================================
Received Import Request.
  Time since last request: 0.000027 seconds.
  path: Assets/Art/Assets/isometric-miniature-bases/Angle/base_snow_high_detail_N.png
  artifactKey: Guid(379c67c4e70046549b236855612dcd41) Importer(2089858483,192608db42251d675da83286b1cce702)
Start importing Assets/Art/Assets/isometric-miniature-bases/Angle/base_snow_high_detail_N.png using Guid(379c67c4e70046549b236855612dcd41) Importer(2089858483,192608db42251d675da83286b1cce702) (ScriptedImporter) -> (artifact id: '92616c0f09055a707546f870b9618619') in 0.0380766 seconds
Number of updated asset objects reloaded before import = 0Number of asset objects unloaded after import = 3

========================================================================
Received Import Request.
  Time since last request: 0.000023 seconds.
  path: Assets/Art/Assets/isometric-miniature-bases/Angle/square_wood_detail_E.png
  artifactKey: Guid(328b0e128766a754cabcc894fafc5985) Importer(2089858483,192608db42251d675da83286b1cce702)
Start importing Assets/Art/Assets/isometric-miniature-bases/Angle/square_wood_detail_E.png using Guid(328b0e128766a754cabcc894fafc5985) Importer(2089858483,192608db42251d675da83286b1cce702) (ScriptedImporter) -> (artifact id: '5c9088522309e7822e5eed4fae390de7') in 0.0464743 seconds
Number of updated asset objects reloaded before import = 0Number of asset objects unloaded after import = 3

========================================================================
Received Import Request.
  Time since last request: 0.000015 seconds.
  path: Assets/Art/Assets/isometric-miniature-bases/Angle/square_wood_high_E.png
  artifactKey: Guid(8c4f3e84e2f017a4f8f76c1635d1a437) Importer(2089858483,192608db42251d675da83286b1cce702)
Start importing Assets/Art/Assets/isometric-miniature-bases/Angle/square_wood_high_E.png using Guid(8c4f3e84e2f017a4f8f76c1635d1a437) Importer(2089858483,192608db42251d675da83286b1cce702) (ScriptedImporter) -> (artifact id: '4f50c86b6c377c4c28e04fa1b22abf0a') in 0.0563951 seconds
Number of updated asset objects reloaded before import = 0Number of asset objects unloaded after import = 3

========================================================================
Received Import Request.
  Time since last request: 0.000021 seconds.
  path: Assets/Art/Assets/isometric-miniature-bases/Angle/square_stone_high_detail_S.png
  artifactKey: Guid(a9557f2d3f29b314cb4d25610c3481ac) Importer(2089858483,192608db42251d675da83286b1cce702)
Start importing Assets/Art/Assets/isometric-miniature-bases/Angle/square_stone_high_detail_S.png using Guid(a9557f2d3f29b314cb4d25610c3481ac) Importer(2089858483,192608db42251d675da83286b1cce702) (ScriptedImporter) -> (artifact id: 'fcd0b630c896177000c6a17e59b9f424') in 0.0500976 seconds
Number of updated asset objects reloaded before import = 0Number of asset objects unloaded after import = 3

========================================================================
Received Import Request.
  Time since last request: 0.000029 seconds.
  path: Assets/Art/Assets/isometric-miniature-bases/Angle/square_stone_flat_S.png
  artifactKey: Guid(7399b43826e83f249892c0f97d35e03c) Importer(2089858483,192608db42251d675da83286b1cce702)
Start importing Assets/Art/Assets/isometric-miniature-bases/Angle/square_stone_flat_S.png using Guid(7399b43826e83f249892c0f97d35e03c) Importer(2089858483,192608db42251d675da83286b1cce702) (ScriptedImporter) -> (artifact id: 'cbc3a52cb7201a8aa5238f8f7169c6a7') in 0.0417603 seconds
Number of updated asset objects reloaded before import = 0Number of asset objects unloaded after import = 3

========================================================================
Received Import Request.
  Time since last request: 0.000015 seconds.
  path: Assets/Art/Assets/isometric-miniature-bases/Angle/base_grass_high_detail_S.png
  artifactKey: Guid(2092850828b277c44b58227bcf9763ab) Importer(2089858483,192608db42251d675da83286b1cce702)
Start importing Assets/Art/Assets/isometric-miniature-bases/Angle/base_grass_high_detail_S.png using Guid(2092850828b277c44b58227bcf9763ab) Importer(2089858483,192608db42251d675da83286b1cce702) (ScriptedImporter) -> (artifact id: '330bbadd04c72b574e097cf9a04e7f3c') in 0.0500971 seconds
Number of updated asset objects reloaded before import = 0Number of asset objects unloaded after import = 3

========================================================================
Received Import Request.
  Time since last request: 0.000020 seconds.
  path: Assets/Art/Assets/isometric-miniature-bases/Angle/square_snow_float_W.png
  artifactKey: Guid(6e7855717f47a23448dc536c5a512368) Importer(2089858483,192608db42251d675da83286b1cce702)
Start importing Assets/Art/Assets/isometric-miniature-bases/Angle/square_snow_float_W.png using Guid(6e7855717f47a23448dc536c5a512368) Importer(2089858483,192608db42251d675da83286b1cce702) (ScriptedImporter) -> (artifact id: '4636cc76986fa92c5d7d169ea0b11935') in 0.0559619 seconds
Number of updated asset objects reloaded before import = 0Number of asset objects unloaded after import = 3

========================================================================
Received Import Request.
  Time since last request: 0.000029 seconds.
  path: Assets/Art/Assets/isometric-miniature-bases/Angle/base_wood_detail_W.png
  artifactKey: Guid(2186f26fda26c0a46a0411aaef6715b6) Importer(2089858483,192608db42251d675da83286b1cce702)
Start importing Assets/Art/Assets/isometric-miniature-bases/Angle/base_wood_detail_W.png using Guid(2186f26fda26c0a46a0411aaef6715b6) Importer(2089858483,192608db42251d675da83286b1cce702) (ScriptedImporter) -> (artifact id: '77e23a1d6173f21cdd4a1eabfa825def') in 0.056193 seconds
Number of updated asset objects reloaded before import = 0Number of asset objects unloaded after import = 3

========================================================================
Received Import Request.
  Time since last request: 0.000028 seconds.
  path: Assets/Art/Assets/isometric-miniature-bases/Angle/square_dirt_float_N.png
  artifactKey: Guid(b625bbcebd918c14f89951208e8a5911) Importer(2089858483,192608db42251d675da83286b1cce702)
Start importing Assets/Art/Assets/isometric-miniature-bases/Angle/square_dirt_float_N.png using Guid(b625bbcebd918c14f89951208e8a5911) Importer(2089858483,192608db42251d675da83286b1cce702) (ScriptedImporter) -> (artifact id: 'ce067328a766c8d5fcbfd291e59e6d96') in 0.035876 seconds
Number of updated asset objects reloaded before import = 0Number of asset objects unloaded after import = 3

========================================================================
Received Import Request.
  Time since last request: 0.000026 seconds.
  path: Assets/Art/Assets/isometric-miniature-bases/Angle/square_stone_high_detail_W.png
  artifactKey: Guid(170518e4ce5e0a943a6ef9d92ec7fb7f) Importer(2089858483,192608db42251d675da83286b1cce702)
Start importing Assets/Art/Assets/isometric-miniature-bases/Angle/square_stone_high_detail_W.png using Guid(170518e4ce5e0a943a6ef9d92ec7fb7f) Importer(2089858483,192608db42251d675da83286b1cce702) (ScriptedImporter) -> (artifact id: 'f157d22a5008edfd14198ece9479c37a') in 0.0436927 seconds
Number of updated asset objects reloaded before import = 0Number of asset objects unloaded after import = 3

========================================================================
Received Import Request.
  Time since last request: 0.000021 seconds.
  path: Assets/Art/Assets/isometric-miniature-bases/Angle/base_dirt_high_W.png
  artifactKey: Guid(65b3be1d61c8f754f9dadb0159ea5dec) Importer(2089858483,192608db42251d675da83286b1cce702)
Start importing Assets/Art/Assets/isometric-miniature-bases/Angle/base_dirt_high_W.png using Guid(65b3be1d61c8f754f9dadb0159ea5dec) Importer(2089858483,192608db42251d675da83286b1cce702) (ScriptedImporter) -> (artifact id: '84e608890eaf41e72a762eecd6c42737') in 0.0400435 seconds
Number of updated asset objects reloaded before import = 0Number of asset objects unloaded after import = 3

========================================================================
Received Import Request.
  Time since last request: 0.000025 seconds.
  path: Assets/Art/Assets/isometric-miniature-bases/Angle/square_stone_detail_W.png
  artifactKey: Guid(a25ed6723ec665648983d0b92b32001b) Importer(2089858483,192608db42251d675da83286b1cce702)
Start importing Assets/Art/Assets/isometric-miniature-bases/Angle/square_stone_detail_W.png using Guid(a25ed6723ec665648983d0b92b32001b) Importer(2089858483,192608db42251d675da83286b1cce702) (ScriptedImporter) -> (artifact id: 'e50e47b2aef26d579435f2d6cab6ec75') in 0.0506361 seconds
Number of updated asset objects reloaded before import = 0Number of asset objects unloaded after import = 3

========================================================================
Received Import Request.
  Time since last request: 0.000019 seconds.
  path: Assets/Art/Assets/isometric-miniature-bases/Angle/base_dirt_detail_W.png
  artifactKey: Guid(5ecab4d78a0ddba41831ba911cc9eb09) Importer(2089858483,192608db42251d675da83286b1cce702)
Start importing Assets/Art/Assets/isometric-miniature-bases/Angle/base_dirt_detail_W.png using Guid(5ecab4d78a0ddba41831ba911cc9eb09) Importer(2089858483,192608db42251d675da83286b1cce702) (ScriptedImporter) -> (artifact id: 'f52ebd0bce1971a8086f2a2377ad7f88') in 0.035609 seconds
Number of updated asset objects reloaded before import = 0Number of asset objects unloaded after import = 3

========================================================================
Received Import Request.
  Time since last request: 0.000016 seconds.
  path: Assets/Art/Assets/isometric-miniature-bases/Angle/base_snow_flat_S.png
  artifactKey: Guid(532ae0e3efd83fe4d9126b2e387446b8) Importer(2089858483,192608db42251d675da83286b1cce702)
Start importing Assets/Art/Assets/isometric-miniature-bases/Angle/base_snow_flat_S.png using Guid(532ae0e3efd83fe4d9126b2e387446b8) Importer(2089858483,192608db42251d675da83286b1cce702) (ScriptedImporter) -> (artifact id: '02db7df1bf5262e129654f11a6438f34') in 0.0464355 seconds
Number of updated asset objects reloaded before import = 0Number of asset objects unloaded after import = 3

========================================================================
Received Import Request.
  Time since last request: 0.000018 seconds.
  path: Assets/Art/Assets/isometric-miniature-bases/Angle/base_dirt_high_N.png
  artifactKey: Guid(88ace40c6917ef34fa8baaa407cad169) Importer(2089858483,192608db42251d675da83286b1cce702)
Start importing Assets/Art/Assets/isometric-miniature-bases/Angle/base_dirt_high_N.png using Guid(88ace40c6917ef34fa8baaa407cad169) Importer(2089858483,192608db42251d675da83286b1cce702) (ScriptedImporter) -> (artifact id: '08320ac521b1e0c7d0ad229366838bc1') in 0.0453593 seconds
Number of updated asset objects reloaded before import = 0Number of asset objects unloaded after import = 3

========================================================================
Received Import Request.
  Time since last request: 0.000029 seconds.
  path: Assets/Art/Assets/isometric-miniature-bases/Angle/base_wood_flat_W.png
  artifactKey: Guid(4bb9ac8ad86bec140bcf9f2bb15d9625) Importer(2089858483,192608db42251d675da83286b1cce702)
Start importing Assets/Art/Assets/isometric-miniature-bases/Angle/base_wood_flat_W.png using Guid(4bb9ac8ad86bec140bcf9f2bb15d9625) Importer(2089858483,192608db42251d675da83286b1cce702) (ScriptedImporter) -> (artifact id: 'b3d9fea5cede77b8f8ce47416fbc0e86') in 0.0351027 seconds
Number of updated asset objects reloaded before import = 0Number of asset objects unloaded after import = 3

========================================================================
Received Import Request.
  Time since last request: 0.000016 seconds.
  path: Assets/Art/Assets/isometric-miniature-bases/Angle/square_stone_flat_E.png
  artifactKey: Guid(e55fd84b8604c3f4cb5768336c5378d5) Importer(2089858483,192608db42251d675da83286b1cce702)
Start importing Assets/Art/Assets/isometric-miniature-bases/Angle/square_stone_flat_E.png using Guid(e55fd84b8604c3f4cb5768336c5378d5) Importer(2089858483,192608db42251d675da83286b1cce702) (ScriptedImporter) -> (artifact id: 'd925174d4f0505a33e6e222cc86a384a') in 0.0457414 seconds
Number of updated asset objects reloaded before import = 0Number of asset objects unloaded after import = 3

========================================================================
Received Import Request.
  Time since last request: 0.000020 seconds.
  path: Assets/Art/Assets/isometric-miniature-bases/Angle/square_grass_flat_E.png
  artifactKey: Guid(f4845e414c4fc6d4dbc61df0b4e3a984) Importer(2089858483,192608db42251d675da83286b1cce702)
Start importing Assets/Art/Assets/isometric-miniature-bases/Angle/square_grass_flat_E.png using Guid(f4845e414c4fc6d4dbc61df0b4e3a984) Importer(2089858483,192608db42251d675da83286b1cce702) (ScriptedImporter) -> (artifact id: '187b7829715ceb98f4b1c20bd919a607') in 0.0468646 seconds
Number of updated asset objects reloaded before import = 0Number of asset objects unloaded after import = 3

========================================================================
Received Import Request.
  Time since last request: 0.000022 seconds.
  path: Assets/Art/Assets/isometric-miniature-bases/Angle/base_wood_flat_E.png
  artifactKey: Guid(a54d735be46ac9743a872e5f06c014e4) Importer(2089858483,192608db42251d675da83286b1cce702)
Start importing Assets/Art/Assets/isometric-miniature-bases/Angle/base_wood_flat_E.png using Guid(a54d735be46ac9743a872e5f06c014e4) Importer(2089858483,192608db42251d675da83286b1cce702) (ScriptedImporter) -> (artifact id: '95ceb106ebb303364c6c58d2765387ec') in 0.0504948 seconds
Number of updated asset objects reloaded before import = 0Number of asset objects unloaded after import = 3

========================================================================
Received Import Request.
  Time since last request: 0.000027 seconds.
  path: Assets/Art/Assets/isometric-miniature-bases/Angle/base_stone_high_E.png
  artifactKey: Guid(26a9687e9e23a5a41ac9d2cf7acc8077) Importer(2089858483,192608db42251d675da83286b1cce702)
Start importing Assets/Art/Assets/isometric-miniature-bases/Angle/base_stone_high_E.png using Guid(26a9687e9e23a5a41ac9d2cf7acc8077) Importer(2089858483,192608db42251d675da83286b1cce702) (ScriptedImporter) -> (artifact id: '85b44758f89026203e1c5fc9c1045dfb') in 0.0557657 seconds
Number of updated asset objects reloaded before import = 0Number of asset objects unloaded after import = 3

========================================================================
Received Import Request.
  Time since last request: 0.000015 seconds.
  path: Assets/Art/Assets/isometric-miniature-bases/Angle/square_dirt_float_W.png
  artifactKey: Guid(81f452c5668cad04691d81da434236a0) Importer(2089858483,192608db42251d675da83286b1cce702)
Start importing Assets/Art/Assets/isometric-miniature-bases/Angle/square_dirt_float_W.png using Guid(81f452c5668cad04691d81da434236a0) Importer(2089858483,192608db42251d675da83286b1cce702) (ScriptedImporter) -> (artifact id: 'e877295b4cdd55dd8aa1dcbfdec5f1bc') in 0.0449684 seconds
Number of updated asset objects reloaded before import = 0Number of asset objects unloaded after import = 3

========================================================================
Received Import Request.
  Time since last request: 0.000021 seconds.
  path: Assets/Art/Assets/isometric-miniature-bases/Angle/base_stone_detail_S.png
  artifactKey: Guid(12b88b4432308a644a89f6c92fcdaa88) Importer(2089858483,192608db42251d675da83286b1cce702)
Start importing Assets/Art/Assets/isometric-miniature-bases/Angle/base_stone_detail_S.png using Guid(12b88b4432308a644a89f6c92fcdaa88) Importer(2089858483,192608db42251d675da83286b1cce702) (ScriptedImporter) -> (artifact id: '497a9b47fc42c10b7cd63a06699116cd') in 0.0468138 seconds
Number of updated asset objects reloaded before import = 0Number of asset objects unloaded after import = 3

========================================================================
Received Import Request.
  Time since last request: 0.000029 seconds.
  path: Assets/Art/Assets/isometric-miniature-bases/Angle/base_stone_flat_S.png
  artifactKey: Guid(977bcb234a3e1824b961c74ef82521bb) Importer(2089858483,192608db42251d675da83286b1cce702)
Start importing Assets/Art/Assets/isometric-miniature-bases/Angle/base_stone_flat_S.png using Guid(977bcb234a3e1824b961c74ef82521bb) Importer(2089858483,192608db42251d675da83286b1cce702) (ScriptedImporter) -> (artifact id: '38d2cf3455415fab739dc8989f63f67f') in 0.0437768 seconds
Number of updated asset objects reloaded before import = 0Number of asset objects unloaded after import = 3

========================================================================
Received Import Request.
  Time since last request: 0.000017 seconds.
  path: Assets/Art/Assets/isometric-miniature-bases/Angle/square_dirt_high_W.png
  artifactKey: Guid(b08f0d7e3da8c464990c1417e8e77431) Importer(2089858483,192608db42251d675da83286b1cce702)
Start importing Assets/Art/Assets/isometric-miniature-bases/Angle/square_dirt_high_W.png using Guid(b08f0d7e3da8c464990c1417e8e77431) Importer(2089858483,192608db42251d675da83286b1cce702) (ScriptedImporter) -> (artifact id: 'ec1454487340e99a05972291026ba14e') in 0.0538093 seconds
Number of updated asset objects reloaded before import = 0Number of asset objects unloaded after import = 3

========================================================================
Received Import Request.
  Time since last request: 0.000020 seconds.
  path: Assets/Art/Assets/isometric-miniature-bases/Angle/square_grass_flat_W.png
  artifactKey: Guid(10d81ecc664d89a44b707fc26c5a3001) Importer(2089858483,192608db42251d675da83286b1cce702)
Start importing Assets/Art/Assets/isometric-miniature-bases/Angle/square_grass_flat_W.png using Guid(10d81ecc664d89a44b707fc26c5a3001) Importer(2089858483,192608db42251d675da83286b1cce702) (ScriptedImporter) -> (artifact id: '588384ef45554c2166fcb445f53d7bbf') in 0.0496668 seconds
Number of updated asset objects reloaded before import = 0Number of asset objects unloaded after import = 3

========================================================================
Received Import Request.
  Time since last request: 0.000026 seconds.
  path: Assets/Art/Assets/isometric-miniature-bases/Angle/base_dirt_high_detail_E.png
  artifactKey: Guid(dd96529c3e7e8d145b8d6ef5ed516562) Importer(2089858483,192608db42251d675da83286b1cce702)
Start importing Assets/Art/Assets/isometric-miniature-bases/Angle/base_dirt_high_detail_E.png using Guid(dd96529c3e7e8d145b8d6ef5ed516562) Importer(2089858483,192608db42251d675da83286b1cce702) (ScriptedImporter) -> (artifact id: '3ecac868a8d557be0d10eb9249a911d7') in 0.0529197 seconds
Number of updated asset objects reloaded before import = 0Number of asset objects unloaded after import = 3

========================================================================
Received Import Request.
  Time since last request: 0.000016 seconds.
  path: Assets/Art/Assets/isometric-miniature-dungeon/Isometric/stoneWallDoorOpen_W.png
  artifactKey: Guid(22a131c1d97895e459b233b72170c40a) Importer(815301076,1909f56bfc062723c751e8b465ee728b)
Start importing Assets/Art/Assets/isometric-miniature-dungeon/Isometric/stoneWallDoorOpen_W.png using Guid(22a131c1d97895e459b233b72170c40a) Importer(815301076,1909f56bfc062723c751e8b465ee728b) (PreviewImporter) -> (artifact id: '33f68c32a731e4bb33cb5be1d149a947') in 0.1206688 seconds
Number of updated asset objects reloaded before import = 0Number of asset objects unloaded after import = 3

========================================================================
Received Import Request.
  Time since last request: 0.000022 seconds.
  path: Assets/Art/Assets/isometric-miniature-bases/Angle/base_stone_detail_E.png
  artifactKey: Guid(f98b2e315ec2c654f9acc11a000972f3) Importer(2089858483,192608db42251d675da83286b1cce702)
Start importing Assets/Art/Assets/isometric-miniature-bases/Angle/base_stone_detail_E.png using Guid(f98b2e315ec2c654f9acc11a000972f3) Importer(2089858483,192608db42251d675da83286b1cce702) (ScriptedImporter) -> (artifact id: '4b5912ee61b50962eb967038edf7a7be') in 0.0541742 seconds
Number of updated asset objects reloaded before import = 0Number of asset objects unloaded after import = 3

========================================================================
Received Import Request.
  Time since last request: 0.000028 seconds.
  path: Assets/Art/Assets/isometric-miniature-bases/Angle/square_snow_float_S.png
  artifactKey: Guid(2f0d2a2bfedf726489b912a245f2e35c) Importer(2089858483,192608db42251d675da83286b1cce702)
Start importing Assets/Art/Assets/isometric-miniature-bases/Angle/square_snow_float_S.png using Guid(2f0d2a2bfedf726489b912a245f2e35c) Importer(2089858483,192608db42251d675da83286b1cce702) (ScriptedImporter) -> (artifact id: 'e14ea23d30ba3a77dd13f8c02acb4733') in 0.050699 seconds
Number of updated asset objects reloaded before import = 0Number of asset objects unloaded after import = 3

========================================================================
Received Import Request.
  Time since last request: 0.000019 seconds.
  path: Assets/Art/Assets/isometric-miniature-bases/Angle/base_grass_high_S.png
  artifactKey: Guid(cb39576bae322a84484a0cf7d1c4356b) Importer(2089858483,192608db42251d675da83286b1cce702)
Start importing Assets/Art/Assets/isometric-miniature-bases/Angle/base_grass_high_S.png using Guid(cb39576bae322a84484a0cf7d1c4356b) Importer(2089858483,192608db42251d675da83286b1cce702) (ScriptedImporter) -> (artifact id: 'e0477e3dbd67bdac08dbf66285491114') in 0.049054 seconds
Number of updated asset objects reloaded before import = 0Number of asset objects unloaded after import = 3

========================================================================
Received Import Request.
  Time since last request: 0.000025 seconds.
  path: Assets/Art/Assets/isometric-miniature-bases/Angle/base_stone_high_detail_N.png
  artifactKey: Guid(ad44c75902a762f4db84f2c16f7b6a55) Importer(2089858483,192608db42251d675da83286b1cce702)
Start importing Assets/Art/Assets/isometric-miniature-bases/Angle/base_stone_high_detail_N.png using Guid(ad44c75902a762f4db84f2c16f7b6a55) Importer(2089858483,192608db42251d675da83286b1cce702) (ScriptedImporter) -> (artifact id: 'cf3355c91de26c621b37e0f67ae34fcd') in 0.0461786 seconds
Number of updated asset objects reloaded before import = 0Number of asset objects unloaded after import = 3

========================================================================
Received Import Request.
  Time since last request: 0.000027 seconds.
  path: Assets/Art/Assets/isometric-miniature-bases/Isometric/base_grass_flat_E.png
  artifactKey: Guid(f8c47e9c558cc674c951fc6b29ba5e8e) Importer(2089858483,192608db42251d675da83286b1cce702)
Start importing Assets/Art/Assets/isometric-miniature-bases/Isometric/base_grass_flat_E.png using Guid(f8c47e9c558cc674c951fc6b29ba5e8e) Importer(2089858483,192608db42251d675da83286b1cce702) (ScriptedImporter) -> (artifact id: 'bf112e6f9100757d681b37a634922d67') in 0.0587568 seconds
Number of updated asset objects reloaded before import = 0Number of asset objects unloaded after import = 3

========================================================================
Received Import Request.
  Time since last request: 0.000016 seconds.
  path: Assets/Art/Assets/isometric-miniature-bases/Isometric/square_grass_high_detail_S.png
  artifactKey: Guid(3dcf842bf1f1a204cba4452495243d4f) Importer(2089858483,192608db42251d675da83286b1cce702)
Start importing Assets/Art/Assets/isometric-miniature-bases/Isometric/square_grass_high_detail_S.png using Guid(3dcf842bf1f1a204cba4452495243d4f) Importer(2089858483,192608db42251d675da83286b1cce702) (ScriptedImporter) -> (artifact id: '297b6e4de91ca3d9d14a38338d6c21b3') in 0.0556072 seconds
Number of updated asset objects reloaded before import = 0Number of asset objects unloaded after import = 3

========================================================================
Received Import Request.
  Time since last request: 0.000018 seconds.
  path: Assets/Art/Assets/isometric-miniature-bases/Isometric/base_dirt_high_N.png
  artifactKey: Guid(a09319f3ff3210141857dec9b1f68dc6) Importer(2089858483,192608db42251d675da83286b1cce702)
Start importing Assets/Art/Assets/isometric-miniature-bases/Isometric/base_dirt_high_N.png using Guid(a09319f3ff3210141857dec9b1f68dc6) Importer(2089858483,192608db42251d675da83286b1cce702) (ScriptedImporter) -> (artifact id: '5905a48a7cf630e63c2c36c5d90eab62') in 0.0573816 seconds
Number of updated asset objects reloaded before import = 0Number of asset objects unloaded after import = 3

========================================================================
Received Import Request.
  Time since last request: 0.000027 seconds.
  path: Assets/Art/Assets/isometric-miniature-bases/Isometric/square_wood_high_detail_S.png
  artifactKey: Guid(3fefd9320a985da41b35275e53466ce9) Importer(2089858483,192608db42251d675da83286b1cce702)
Start importing Assets/Art/Assets/isometric-miniature-bases/Isometric/square_wood_high_detail_S.png using Guid(3fefd9320a985da41b35275e53466ce9) Importer(2089858483,192608db42251d675da83286b1cce702) (ScriptedImporter) -> (artifact id: '8cf49f0a0549c645c37c5501f97b73b4') in 0.0523809 seconds
Number of updated asset objects reloaded before import = 0Number of asset objects unloaded after import = 3

========================================================================
Received Import Request.
  Time since last request: 0.000017 seconds.
  path: Assets/Art/Assets/isometric-miniature-bases/Angle/base_wood_detail_S.png
  artifactKey: Guid(90edc7320c86a044d8ee2a09eb5976d4) Importer(2089858483,192608db42251d675da83286b1cce702)
Start importing Assets/Art/Assets/isometric-miniature-bases/Angle/base_wood_detail_S.png using Guid(90edc7320c86a044d8ee2a09eb5976d4) Importer(2089858483,192608db42251d675da83286b1cce702) (ScriptedImporter) -> (artifact id: '27d36f934687ea871c23925351764570') in 0.0434598 seconds
Number of updated asset objects reloaded before import = 0Number of asset objects unloaded after import = 3

========================================================================
Received Import Request.
  Time since last request: 0.000019 seconds.
  path: Assets/Art/Assets/isometric-miniature-bases/Isometric/base_wood_high_N.png
  artifactKey: Guid(7427d0008b195414e91c3d8af09f017a) Importer(2089858483,192608db42251d675da83286b1cce702)
Start importing Assets/Art/Assets/isometric-miniature-bases/Isometric/base_wood_high_N.png using Guid(7427d0008b195414e91c3d8af09f017a) Importer(2089858483,192608db42251d675da83286b1cce702) (ScriptedImporter) -> (artifact id: '28a7dcaf389143cb89a59204ead6b146') in 0.0654472 seconds
Number of updated asset objects reloaded before import = 0Number of asset objects unloaded after import = 3

========================================================================
Received Import Request.
  Time since last request: 0.000029 seconds.
  path: Assets/Art/Assets/isometric-miniature-bases/Isometric/square_dirt_float_S.png
  artifactKey: Guid(83f055d936cff4949a5d9aa31f05ff67) Importer(2089858483,192608db42251d675da83286b1cce702)
Start importing Assets/Art/Assets/isometric-miniature-bases/Isometric/square_dirt_float_S.png using Guid(83f055d936cff4949a5d9aa31f05ff67) Importer(2089858483,192608db42251d675da83286b1cce702) (ScriptedImporter) -> (artifact id: '0da22ec44ed3a9c41df40391fd6042f6') in 0.0567393 seconds
Number of updated asset objects reloaded before import = 0Number of asset objects unloaded after import = 3

========================================================================
Received Import Request.
  Time since last request: 0.000016 seconds.
  path: Assets/Art/Assets/isometric-miniature-bases/Isometric/square_wood_high_detail_E.png
  artifactKey: Guid(c47548d163276b84c9908df364b110eb) Importer(2089858483,192608db42251d675da83286b1cce702)
Start importing Assets/Art/Assets/isometric-miniature-bases/Isometric/square_wood_high_detail_E.png using Guid(c47548d163276b84c9908df364b110eb) Importer(2089858483,192608db42251d675da83286b1cce702) (ScriptedImporter) -> (artifact id: '49a9f9f60fd8e9e448b66e91a98bd6ad') in 0.0538505 seconds
Number of updated asset objects reloaded before import = 0Number of asset objects unloaded after import = 3

========================================================================
Received Import Request.
  Time since last request: 0.000019 seconds.
  path: Assets/Art/Assets/isometric-miniature-bases/Isometric/square_dirt_float_W.png
  artifactKey: Guid(cac6d021d67513f43b99ec39a7cb196c) Importer(2089858483,192608db42251d675da83286b1cce702)
Start importing Assets/Art/Assets/isometric-miniature-bases/Isometric/square_dirt_float_W.png using Guid(cac6d021d67513f43b99ec39a7cb196c) Importer(2089858483,192608db42251d675da83286b1cce702) (ScriptedImporter) -> (artifact id: 'da61f6d7516c6bc789d44c865c9b4293') in 0.0429007 seconds
Number of updated asset objects reloaded before import = 0Number of asset objects unloaded after import = 3

========================================================================
Received Import Request.
  Time since last request: 0.000029 seconds.
  path: Assets/Art/Assets/isometric-miniature-bases/Angle/base_wood_high_W.png
  artifactKey: Guid(d02bd108bfd8e5d43999113a6d12d0f1) Importer(2089858483,192608db42251d675da83286b1cce702)
Start importing Assets/Art/Assets/isometric-miniature-bases/Angle/base_wood_high_W.png using Guid(d02bd108bfd8e5d43999113a6d12d0f1) Importer(2089858483,192608db42251d675da83286b1cce702) (ScriptedImporter) -> (artifact id: '9dee54840006c1da5021d96335ed43ac') in 0.0522237 seconds
Number of updated asset objects reloaded before import = 0Number of asset objects unloaded after import = 3

========================================================================
Received Import Request.
  Time since last request: 0.000016 seconds.
  path: Assets/Art/Assets/isometric-miniature-bases/Isometric/base_dirt_high_detail_W.png
  artifactKey: Guid(10331f84d51822e41a525da5aa914e3f) Importer(2089858483,192608db42251d675da83286b1cce702)
Start importing Assets/Art/Assets/isometric-miniature-bases/Isometric/base_dirt_high_detail_W.png using Guid(10331f84d51822e41a525da5aa914e3f) Importer(2089858483,192608db42251d675da83286b1cce702) (ScriptedImporter) -> (artifact id: 'bbc1ce80f9f92d4d95de28411d8031ed') in 0.0461813 seconds
Number of updated asset objects reloaded before import = 0Number of asset objects unloaded after import = 3

========================================================================
Received Import Request.
  Time since last request: 0.000021 seconds.
  path: Assets/Art/Assets/isometric-miniature-bases/Isometric/base_stone_detail_W.png
  artifactKey: Guid(42ed15929a552cc498e9122736ee9e32) Importer(2089858483,192608db42251d675da83286b1cce702)
Start importing Assets/Art/Assets/isometric-miniature-bases/Isometric/base_stone_detail_W.png using Guid(42ed15929a552cc498e9122736ee9e32) Importer(2089858483,192608db42251d675da83286b1cce702) (ScriptedImporter) -> (artifact id: '8d7ce4f85ed2f972e4d81bbea3e1ba16') in 0.0457511 seconds
Number of updated asset objects reloaded before import = 0Number of asset objects unloaded after import = 3

========================================================================
Received Import Request.
  Time since last request: 0.000034 seconds.
  path: Assets/Art/Assets/isometric-miniature-bases/Isometric/base_snow_high_N.png
  artifactKey: Guid(ae3f86e3433a20c49bffe6f48ec6cfc3) Importer(2089858483,192608db42251d675da83286b1cce702)
Start importing Assets/Art/Assets/isometric-miniature-bases/Isometric/base_snow_high_N.png using Guid(ae3f86e3433a20c49bffe6f48ec6cfc3) Importer(2089858483,192608db42251d675da83286b1cce702) (ScriptedImporter) -> (artifact id: 'b0364c83cc138379fc78f8e49476e3a3') in 0.0491763 seconds
Number of updated asset objects reloaded before import = 0Number of asset objects unloaded after import = 3

========================================================================
Received Import Request.
  Time since last request: 0.000017 seconds.
  path: Assets/Art/Assets/isometric-miniature-bases/Isometric/square_dirt_high_detail_N.png
  artifactKey: Guid(de3528436d8fa93429b9a5bd0504ee38) Importer(2089858483,192608db42251d675da83286b1cce702)
Start importing Assets/Art/Assets/isometric-miniature-bases/Isometric/square_dirt_high_detail_N.png using Guid(de3528436d8fa93429b9a5bd0504ee38) Importer(2089858483,192608db42251d675da83286b1cce702) (ScriptedImporter) -> (artifact id: '49563a5dc7bc6d7f05bac1afb85b4b46') in 0.030786 seconds
Number of updated asset objects reloaded before import = 0Number of asset objects unloaded after import = 3

========================================================================
Received Import Request.
  Time since last request: 0.000015 seconds.
  path: Assets/Art/Assets/isometric-miniature-bases/Isometric/square_snow_float_W.png
  artifactKey: Guid(b2553e15e77b66d48b65e962ea725bc6) Importer(2089858483,192608db42251d675da83286b1cce702)
Start importing Assets/Art/Assets/isometric-miniature-bases/Isometric/square_snow_float_W.png using Guid(b2553e15e77b66d48b65e962ea725bc6) Importer(2089858483,192608db42251d675da83286b1cce702) (ScriptedImporter) -> (artifact id: '9d60d7238bdb61a89bebbd856f9eac9e') in 0.0353711 seconds
Number of updated asset objects reloaded before import = 0Number of asset objects unloaded after import = 3

========================================================================
Received Import Request.
  Time since last request: 0.000018 seconds.
  path: Assets/Art/Assets/isometric-miniature-bases/Isometric/square_snow_float_E.png
  artifactKey: Guid(3e9ca470b74858a469cb271c01f65d29) Importer(2089858483,192608db42251d675da83286b1cce702)
Start importing Assets/Art/Assets/isometric-miniature-bases/Isometric/square_snow_float_E.png using Guid(3e9ca470b74858a469cb271c01f65d29) Importer(2089858483,192608db42251d675da83286b1cce702) (ScriptedImporter) -> (artifact id: 'fa2972f137dfe23e41d45750faae06dc') in 0.0337054 seconds
Number of updated asset objects reloaded before import = 0Number of asset objects unloaded after import = 3

========================================================================
Received Import Request.
  Time since last request: 0.000028 seconds.
  path: Assets/Art/Assets/isometric-miniature-bases/Isometric/square_snow_high_N.png
  artifactKey: Guid(94ad26708f63d8443941c0646a657da5) Importer(2089858483,192608db42251d675da83286b1cce702)
Start importing Assets/Art/Assets/isometric-miniature-bases/Isometric/square_snow_high_N.png using Guid(94ad26708f63d8443941c0646a657da5) Importer(2089858483,192608db42251d675da83286b1cce702) (ScriptedImporter) -> (artifact id: '662ace01786db9576109a24a5f09161f') in 0.0338995 seconds
Number of updated asset objects reloaded before import = 0Number of asset objects unloaded after import = 3

========================================================================
Received Import Request.
  Time since last request: 0.000017 seconds.
  path: Assets/Art/Assets/isometric-miniature-bases/Isometric/base_grass_detail_E.png
  artifactKey: Guid(f086983ade5a2634ebf46b1823956e23) Importer(2089858483,192608db42251d675da83286b1cce702)
Start importing Assets/Art/Assets/isometric-miniature-bases/Isometric/base_grass_detail_E.png using Guid(f086983ade5a2634ebf46b1823956e23) Importer(2089858483,192608db42251d675da83286b1cce702) (ScriptedImporter) -> (artifact id: '04cae9255441754d8f4b8424c490ac48') in 0.0434985 seconds
Number of updated asset objects reloaded before import = 0Number of asset objects unloaded after import = 3

========================================================================
Received Import Request.
  Time since last request: 0.000022 seconds.
  path: Assets/Art/Assets/isometric-miniature-bases/Isometric/base_snow_high_detail_E.png
  artifactKey: Guid(f44721320c48e0843931258e1f235818) Importer(2089858483,192608db42251d675da83286b1cce702)
Start importing Assets/Art/Assets/isometric-miniature-bases/Isometric/base_snow_high_detail_E.png using Guid(f44721320c48e0843931258e1f235818) Importer(2089858483,192608db42251d675da83286b1cce702) (ScriptedImporter) -> (artifact id: '99ab652011c5aeb9202a566710d2c530') in 0.0352832 seconds
Number of updated asset objects reloaded before import = 0Number of asset objects unloaded after import = 3

========================================================================
Received Import Request.
  Time since last request: 0.000019 seconds.
  path: Assets/Art/Assets/isometric-miniature-library/Isometric/longTableDecorated_W.png
  artifactKey: Guid(768b2628557b7134a880c499ad2f1473) Importer(2089858483,192608db42251d675da83286b1cce702)
Start importing Assets/Art/Assets/isometric-miniature-library/Isometric/longTableDecorated_W.png using Guid(768b2628557b7134a880c499ad2f1473) Importer(2089858483,192608db42251d675da83286b1cce702) (ScriptedImporter) -> (artifact id: 'c1ab552ad58ea5aa7dc331cc2bd870a4') in 0.0362114 seconds
Number of updated asset objects reloaded before import = 0Number of asset objects unloaded after import = 3

========================================================================
Received Import Request.
  Time since last request: 0.000027 seconds.
  path: Assets/Art/Assets/isometric-miniature-bases/Isometric/square_stone_high_detail_W.png
  artifactKey: Guid(c9d72c720b3f5ae45ab8585d00660ce6) Importer(2089858483,192608db42251d675da83286b1cce702)
Start importing Assets/Art/Assets/isometric-miniature-bases/Isometric/square_stone_high_detail_W.png using Guid(c9d72c720b3f5ae45ab8585d00660ce6) Importer(2089858483,192608db42251d675da83286b1cce702) (ScriptedImporter) -> (artifact id: '9c1211476a7a79da9260305be9d0e402') in 0.0511899 seconds
Number of updated asset objects reloaded before import = 0Number of asset objects unloaded after import = 3

========================================================================
Received Import Request.
  Time since last request: 0.000013 seconds.
  path: Assets/Art/Assets/isometric-miniature-bases/Isometric/base_grass_high_N.png
  artifactKey: Guid(1584f592c6e5f29409854239927f6521) Importer(2089858483,192608db42251d675da83286b1cce702)
Start importing Assets/Art/Assets/isometric-miniature-bases/Isometric/base_grass_high_N.png using Guid(1584f592c6e5f29409854239927f6521) Importer(2089858483,192608db42251d675da83286b1cce702) (ScriptedImporter) -> (artifact id: '05ff9cae75289151090a1b4ae7ef1032') in 0.058781 seconds
Number of updated asset objects reloaded before import = 0Number of asset objects unloaded after import = 3

========================================================================
Received Import Request.
  Time since last request: 0.000016 seconds.
  path: Assets/Art/Assets/isometric-miniature-bases/Isometric/square_wood_detail_E.png
  artifactKey: Guid(e974e7cd763c29147af91e87f9150566) Importer(2089858483,192608db42251d675da83286b1cce702)
Start importing Assets/Art/Assets/isometric-miniature-bases/Isometric/square_wood_detail_E.png using Guid(e974e7cd763c29147af91e87f9150566) Importer(2089858483,192608db42251d675da83286b1cce702) (ScriptedImporter) -> (artifact id: '08dd41e29b924fbbdc682db1314b0e62') in 0.055598 seconds
Number of updated asset objects reloaded before import = 0Number of asset objects unloaded after import = 3

========================================================================
Received Import Request.
  Time since last request: 0.000032 seconds.
  path: Assets/Art/Assets/isometric-miniature-bases/Isometric/base_dirt_high_E.png
  artifactKey: Guid(5ac1b5c70abfc9f4282db787c174a45d) Importer(2089858483,192608db42251d675da83286b1cce702)
Start importing Assets/Art/Assets/isometric-miniature-bases/Isometric/base_dirt_high_E.png using Guid(5ac1b5c70abfc9f4282db787c174a45d) Importer(2089858483,192608db42251d675da83286b1cce702) (ScriptedImporter) -> (artifact id: 'e3ee51d1dbdd755a1c610d3ec3d1622d') in 0.0407083 seconds
Number of updated asset objects reloaded before import = 0Number of asset objects unloaded after import = 3

========================================================================
Received Import Request.
  Time since last request: 0.000013 seconds.
  path: Assets/Art/Assets/isometric-miniature-bases/Isometric/base_dirt_detail_W.png
  artifactKey: Guid(b5d50fe0dc819454eb1ac86d28824ef4) Importer(2089858483,192608db42251d675da83286b1cce702)
Start importing Assets/Art/Assets/isometric-miniature-bases/Isometric/base_dirt_detail_W.png using Guid(b5d50fe0dc819454eb1ac86d28824ef4) Importer(2089858483,192608db42251d675da83286b1cce702) (ScriptedImporter) -> (artifact id: '45dd4e7295e891531c49e97d41cc27b7') in 0.0655947 seconds
Number of updated asset objects reloaded before import = 0Number of asset objects unloaded after import = 3

========================================================================
Received Import Request.
  Time since last request: 0.000016 seconds.
  path: Assets/Art/Assets/isometric-miniature-bases/Isometric/base_wood_high_S.png
  artifactKey: Guid(4c972b97373bbae41a8a8f70fd896053) Importer(2089858483,192608db42251d675da83286b1cce702)
Start importing Assets/Art/Assets/isometric-miniature-bases/Isometric/base_wood_high_S.png using Guid(4c972b97373bbae41a8a8f70fd896053) Importer(2089858483,192608db42251d675da83286b1cce702) (ScriptedImporter) -> (artifact id: '0fc26befee2780bdcae906928c27ee2f') in 0.057397 seconds
Number of updated asset objects reloaded before import = 0Number of asset objects unloaded after import = 3

========================================================================
Received Import Request.
  Time since last request: 0.000030 seconds.
  path: Assets/Art/Assets/isometric-miniature-bases/Isometric/base_stone_high_detail_W.png
  artifactKey: Guid(af8d05c8710fc814d9452e63b2f82b9e) Importer(2089858483,192608db42251d675da83286b1cce702)
Start importing Assets/Art/Assets/isometric-miniature-bases/Isometric/base_stone_high_detail_W.png using Guid(af8d05c8710fc814d9452e63b2f82b9e) Importer(2089858483,192608db42251d675da83286b1cce702) (ScriptedImporter) -> (artifact id: '062fb5ed11b8b9661742bf82b7a50e4f') in 0.0412794 seconds
Number of updated asset objects reloaded before import = 0Number of asset objects unloaded after import = 3

========================================================================
Received Import Request.
  Time since last request: 0.000022 seconds.
  path: Assets/Art/Assets/isometric-miniature-bases/Isometric/square_snow_detail_W.png
  artifactKey: Guid(177544815d2d3144591aea009803037d) Importer(2089858483,192608db42251d675da83286b1cce702)
Start importing Assets/Art/Assets/isometric-miniature-bases/Isometric/square_snow_detail_W.png using Guid(177544815d2d3144591aea009803037d) Importer(2089858483,192608db42251d675da83286b1cce702) (ScriptedImporter) -> (artifact id: '56d806ac71e8e41a98128d40085efa4a') in 0.0577734 seconds
Number of updated asset objects reloaded before import = 0Number of asset objects unloaded after import = 3

========================================================================
Received Import Request.
  Time since last request: 0.000018 seconds.
  path: Assets/Art/Assets/isometric-miniature-bases/Isometric/square_wood_detail_N.png
  artifactKey: Guid(6835314bcf5c02642bc88ab43abc7196) Importer(2089858483,192608db42251d675da83286b1cce702)
Start importing Assets/Art/Assets/isometric-miniature-bases/Isometric/square_wood_detail_N.png using Guid(6835314bcf5c02642bc88ab43abc7196) Importer(2089858483,192608db42251d675da83286b1cce702) (ScriptedImporter) -> (artifact id: '8f589ff019b12b0c60db2d3b353478f8') in 0.0612487 seconds
Number of updated asset objects reloaded before import = 0Number of asset objects unloaded after import = 3

========================================================================
Received Import Request.
  Time since last request: 0.000025 seconds.
  path: Assets/Art/Assets/isometric-miniature-bases/Isometric/base_wood_detail_S.png
  artifactKey: Guid(a465afdf94997c04cb5512d1fb7fb1d4) Importer(2089858483,192608db42251d675da83286b1cce702)
Start importing Assets/Art/Assets/isometric-miniature-bases/Isometric/base_wood_detail_S.png using Guid(a465afdf94997c04cb5512d1fb7fb1d4) Importer(2089858483,192608db42251d675da83286b1cce702) (ScriptedImporter) -> (artifact id: 'c0a849a44fde0141033e4b7e1cfde5eb') in 0.0499955 seconds
Number of updated asset objects reloaded before import = 0Number of asset objects unloaded after import = 3

========================================================================
Received Import Request.
  Time since last request: 0.000016 seconds.
  path: Assets/Art/Assets/isometric-miniature-bases/Isometric/base_snow_detail_E.png
  artifactKey: Guid(341932d6a682b4e4ba7cd98e2615cb8e) Importer(2089858483,192608db42251d675da83286b1cce702)
Start importing Assets/Art/Assets/isometric-miniature-bases/Isometric/base_snow_detail_E.png using Guid(341932d6a682b4e4ba7cd98e2615cb8e) Importer(2089858483,192608db42251d675da83286b1cce702) (ScriptedImporter) -> (artifact id: '470aab1213831c90256f52a5a27e4494') in 0.0502216 seconds
Number of updated asset objects reloaded before import = 0Number of asset objects unloaded after import = 3

========================================================================
Received Import Request.
  Time since last request: 0.000017 seconds.
  path: Assets/Art/Assets/isometric-miniature-bases/Isometric/base_dirt_float_W.png
  artifactKey: Guid(36365e72bf9b7414b8b86eda09ad8a8a) Importer(2089858483,192608db42251d675da83286b1cce702)
Start importing Assets/Art/Assets/isometric-miniature-bases/Isometric/base_dirt_float_W.png using Guid(36365e72bf9b7414b8b86eda09ad8a8a) Importer(2089858483,192608db42251d675da83286b1cce702) (ScriptedImporter) -> (artifact id: 'e7c1aef84b3b9913d7e54d5bfb515d2f') in 0.0564053 seconds
Number of updated asset objects reloaded before import = 0Number of asset objects unloaded after import = 3

========================================================================
Received Import Request.
  Time since last request: 0.000017 seconds.
  path: Assets/Art/Assets/isometric-miniature-bases/Isometric/base_wood_high_detail_S.png
  artifactKey: Guid(18f47bfb3f1a2b04faa86feb1a69e039) Importer(2089858483,192608db42251d675da83286b1cce702)
Start importing Assets/Art/Assets/isometric-miniature-bases/Isometric/base_wood_high_detail_S.png using Guid(18f47bfb3f1a2b04faa86feb1a69e039) Importer(2089858483,192608db42251d675da83286b1cce702) (ScriptedImporter) -> (artifact id: 'fdfe321561dc330f1775ac917b4f11bc') in 0.0521609 seconds
Number of updated asset objects reloaded before import = 0Number of asset objects unloaded after import = 3

========================================================================
Received Import Request.
  Time since last request: 0.000025 seconds.
  path: Assets/Art/Assets/isometric-miniature-bases/Isometric/base_wood_detail_W.png
  artifactKey: Guid(eb381357259aeef44a0e7349d2d8c279) Importer(2089858483,192608db42251d675da83286b1cce702)
Start importing Assets/Art/Assets/isometric-miniature-bases/Isometric/base_wood_detail_W.png using Guid(eb381357259aeef44a0e7349d2d8c279) Importer(2089858483,192608db42251d675da83286b1cce702) (ScriptedImporter) -> (artifact id: 'fe5678136a7dc55bd7b29c43e5056796') in 0.0476731 seconds
Number of updated asset objects reloaded before import = 0Number of asset objects unloaded after import = 3

========================================================================
Received Import Request.
  Time since last request: 0.000015 seconds.
  path: Assets/Art/Assets/isometric-miniature-bases/Isometric/square_snow_high_detail_W.png
  artifactKey: Guid(13e2f546051502242a3a73efaaa151a5) Importer(2089858483,192608db42251d675da83286b1cce702)
Start importing Assets/Art/Assets/isometric-miniature-bases/Isometric/square_snow_high_detail_W.png using Guid(13e2f546051502242a3a73efaaa151a5) Importer(2089858483,192608db42251d675da83286b1cce702) (ScriptedImporter) -> (artifact id: 'b3ab37f0f97fa70eb112556f9b323b35') in 0.0514095 seconds
Number of updated asset objects reloaded before import = 0Number of asset objects unloaded after import = 3

========================================================================
Received Import Request.
  Time since last request: 0.000024 seconds.
  path: Assets/Art/Assets/isometric-miniature-bases/Isometric/base_snow_high_E.png
  artifactKey: Guid(55f5e2d901943714f8fd1c37ac8784b7) Importer(2089858483,192608db42251d675da83286b1cce702)
Start importing Assets/Art/Assets/isometric-miniature-bases/Isometric/base_snow_high_E.png using Guid(55f5e2d901943714f8fd1c37ac8784b7) Importer(2089858483,192608db42251d675da83286b1cce702) (ScriptedImporter) -> (artifact id: 'ccb67e5e579b2e77231dc68a5a7b21ed') in 0.0300976 seconds
Number of updated asset objects reloaded before import = 0Number of asset objects unloaded after import = 3

========================================================================
Received Import Request.
  Time since last request: 0.000025 seconds.
  path: Assets/Art/Assets/isometric-miniature-bases/Isometric/square_stone_detail_W.png
  artifactKey: Guid(62c7716b8047dd74c91d511d3a1e984b) Importer(2089858483,192608db42251d675da83286b1cce702)
Start importing Assets/Art/Assets/isometric-miniature-bases/Isometric/square_stone_detail_W.png using Guid(62c7716b8047dd74c91d511d3a1e984b) Importer(2089858483,192608db42251d675da83286b1cce702) (ScriptedImporter) -> (artifact id: '29c141e711b846896f6c8f246c7fa2a1') in 0.0333831 seconds
Number of updated asset objects reloaded before import = 0Number of asset objects unloaded after import = 3

========================================================================
Received Import Request.
  Time since last request: 0.000045 seconds.
  path: Assets/Art/Assets/isometric-miniature-bases/Isometric/base_grass_high_E.png
  artifactKey: Guid(228532b37784f2049a0be6f06bc618c4) Importer(2089858483,192608db42251d675da83286b1cce702)
Start importing Assets/Art/Assets/isometric-miniature-bases/Isometric/base_grass_high_E.png using Guid(228532b37784f2049a0be6f06bc618c4) Importer(2089858483,192608db42251d675da83286b1cce702) (ScriptedImporter) -> (artifact id: '28af0cbb24a5dd3e478766d50636d2ca') in 0.0386666 seconds
Number of updated asset objects reloaded before import = 0Number of asset objects unloaded after import = 3

========================================================================
Received Import Request.
  Time since last request: 0.000020 seconds.
  path: Assets/Art/Assets/isometric-miniature-bases/Isometric/base_snow_flat_E.png
  artifactKey: Guid(4fb6f043b772cde4996ab03e743c10c6) Importer(2089858483,192608db42251d675da83286b1cce702)
Start importing Assets/Art/Assets/isometric-miniature-bases/Isometric/base_snow_flat_E.png using Guid(4fb6f043b772cde4996ab03e743c10c6) Importer(2089858483,192608db42251d675da83286b1cce702) (ScriptedImporter) -> (artifact id: '98989ad5bdc311dbc34d88b126c184e4') in 0.0355628 seconds
Number of updated asset objects reloaded before import = 0Number of asset objects unloaded after import = 3

========================================================================
Received Import Request.
  Time since last request: 0.000016 seconds.
  path: Assets/Art/Assets/isometric-miniature-bases/Isometric/base_wood_high_E.png
  artifactKey: Guid(e5f189ef11ebe9c42a9b1e54e0831b4c) Importer(2089858483,192608db42251d675da83286b1cce702)
Start importing Assets/Art/Assets/isometric-miniature-bases/Isometric/base_wood_high_E.png using Guid(e5f189ef11ebe9c42a9b1e54e0831b4c) Importer(2089858483,192608db42251d675da83286b1cce702) (ScriptedImporter) -> (artifact id: 'd99364948d4bcf9aa2f75dbff99af80b') in 0.0254608 seconds
Number of updated asset objects reloaded before import = 0Number of asset objects unloaded after import = 3

========================================================================
Received Import Request.
  Time since last request: 0.000023 seconds.
  path: Assets/Art/Assets/isometric-miniature-bases/Isometric/base_grass_flat_N.png
  artifactKey: Guid(2ff0295f30ae030488c86dcb6efcc078) Importer(2089858483,192608db42251d675da83286b1cce702)
Start importing Assets/Art/Assets/isometric-miniature-bases/Isometric/base_grass_flat_N.png using Guid(2ff0295f30ae030488c86dcb6efcc078) Importer(2089858483,192608db42251d675da83286b1cce702) (ScriptedImporter) -> (artifact id: '29717b7a9e7d4a286944328ac96438bc') in 0.0341622 seconds
Number of updated asset objects reloaded before import = 0Number of asset objects unloaded after import = 3

========================================================================
Received Import Request.
  Time since last request: 0.000029 seconds.
  path: Assets/Art/Assets/isometric-miniature-bases/Isometric/square_snow_high_detail_N.png
  artifactKey: Guid(41a826763e436514b84a6aee05180b94) Importer(2089858483,192608db42251d675da83286b1cce702)
Start importing Assets/Art/Assets/isometric-miniature-bases/Isometric/square_snow_high_detail_N.png using Guid(41a826763e436514b84a6aee05180b94) Importer(2089858483,192608db42251d675da83286b1cce702) (ScriptedImporter) -> (artifact id: 'bd407a4b95e80bd8f23ad93d7fd29923') in 0.0391851 seconds
Number of updated asset objects reloaded before import = 0Number of asset objects unloaded after import = 3

========================================================================
Received Import Request.
  Time since last request: 0.000023 seconds.
  path: Assets/Art/Assets/isometric-miniature-bases/Isometric/square_stone_high_detail_E.png
  artifactKey: Guid(2f89a7edee8d4024a8dfb51ca8125847) Importer(2089858483,192608db42251d675da83286b1cce702)
Start importing Assets/Art/Assets/isometric-miniature-bases/Isometric/square_stone_high_detail_E.png using Guid(2f89a7edee8d4024a8dfb51ca8125847) Importer(2089858483,192608db42251d675da83286b1cce702) (ScriptedImporter) -> (artifact id: 'f7fe6631f470f6dde7f5f530b25555e2') in 0.041507 seconds
Number of updated asset objects reloaded before import = 0Number of asset objects unloaded after import = 3

========================================================================
Received Import Request.
  Time since last request: 0.000015 seconds.
  path: Assets/Art/Assets/isometric-miniature-bases/Isometric/square_grass_detail_W.png
  artifactKey: Guid(300c0a7452e7a294cb966dc9ed306831) Importer(2089858483,192608db42251d675da83286b1cce702)
Start importing Assets/Art/Assets/isometric-miniature-bases/Isometric/square_grass_detail_W.png using Guid(300c0a7452e7a294cb966dc9ed306831) Importer(2089858483,192608db42251d675da83286b1cce702) (ScriptedImporter) -> (artifact id: '590a0c97274dca9f91d4e8fd3b3819c8') in 0.0411062 seconds
Number of updated asset objects reloaded before import = 0Number of asset objects unloaded after import = 3

========================================================================
Received Import Request.
  Time since last request: 0.000019 seconds.
  path: Assets/Art/Assets/isometric-miniature-bases/Isometric/square_snow_float_S.png
  artifactKey: Guid(da20f968a3df56c419c06cdff85a7091) Importer(2089858483,192608db42251d675da83286b1cce702)
Start importing Assets/Art/Assets/isometric-miniature-bases/Isometric/square_snow_float_S.png using Guid(da20f968a3df56c419c06cdff85a7091) Importer(2089858483,192608db42251d675da83286b1cce702) (ScriptedImporter) -> (artifact id: 'f068e061551cc8744ac6a976f447ea71') in 0.0324763 seconds
Number of updated asset objects reloaded before import = 0Number of asset objects unloaded after import = 3

========================================================================
Received Import Request.
  Time since last request: 0.000027 seconds.
  path: Assets/Art/Assets/isometric-miniature-dungeon/Samples/Tiled Sample/Sprites/floor_E.png
  artifactKey: Guid(a8fab1f96618b3140ad8b995f57a9d80) Importer(2089858483,192608db42251d675da83286b1cce702)
Start importing Assets/Art/Assets/isometric-miniature-dungeon/Samples/Tiled Sample/Sprites/floor_E.png using Guid(a8fab1f96618b3140ad8b995f57a9d80) Importer(2089858483,192608db42251d675da83286b1cce702) (ScriptedImporter) -> (artifact id: 'ddf8fa94c9b14605e45c6ef3f4bf6aad') in 0.0356811 seconds
Number of updated asset objects reloaded before import = 0Number of asset objects unloaded after import = 1

========================================================================
Received Import Request.
  Time since last request: 0.000017 seconds.
  path: Assets/Art/Assets/isometric-miniature-farm/Samples/Tiled Sample/Sample.tsx
  artifactKey: Guid(9405b939c8eb35d47a401fc301988404) Importer(2089858483,192608db42251d675da83286b1cce702)
Start importing Assets/Art/Assets/isometric-miniature-farm/Samples/Tiled Sample/Sample.tsx using Guid(9405b939c8eb35d47a401fc301988404) Importer(2089858483,192608db42251d675da83286b1cce702) (ScriptedImporter) -> (artifact id: 'e4c2b21467947546f1512a1e56701577') in 0.0272942 seconds
Number of updated asset objects reloaded before import = 0Number of asset objects unloaded after import = 1

========================================================================
Received Import Request.
  Time since last request: 0.000022 seconds.
  path: Assets/Art/Assets/isometric-miniature-dungeon/Samples/Tiled Sample/Sprites/switchFloorOn_E.png
  artifactKey: Guid(e44a56f68d2d2e542a77137eb9305e76) Importer(2089858483,192608db42251d675da83286b1cce702)
Start importing Assets/Art/Assets/isometric-miniature-dungeon/Samples/Tiled Sample/Sprites/switchFloorOn_E.png using Guid(e44a56f68d2d2e542a77137eb9305e76) Importer(2089858483,192608db42251d675da83286b1cce702) (ScriptedImporter) -> (artifact id: '8ee1604ac3c3606f3b36355432d8be03') in 0.0484256 seconds
Number of updated asset objects reloaded before import = 0Number of asset objects unloaded after import = 1

========================================================================
Received Import Request.
  Time since last request: 0.000017 seconds.
  path: Assets/Art/Assets/isometric-miniature-bases/Samples/Unity Sample/Unity Sample.unitypackage
  artifactKey: Guid(31ca3b3e4df0dde44b185e7fe90ed865) Importer(2089858483,192608db42251d675da83286b1cce702)
Start importing Assets/Art/Assets/isometric-miniature-bases/Samples/Unity Sample/Unity Sample.unitypackage using Guid(31ca3b3e4df0dde44b185e7fe90ed865) Importer(2089858483,192608db42251d675da83286b1cce702) (ScriptedImporter) -> (artifact id: 'c365c999161e3991bdf705a76ac553ee') in 0.0254421 seconds
Number of updated asset objects reloaded before import = 0Number of asset objects unloaded after import = 1

========================================================================
Received Import Request.
  Time since last request: 0.000028 seconds.
  path: Assets/Art/Assets/isometric-miniature-bases/Samples/Tiled Sample/Sample.tsx
  artifactKey: Guid(b07ad579829aee44580c871ad56b9fae) Importer(2089858483,192608db42251d675da83286b1cce702)
Start importing Assets/Art/Assets/isometric-miniature-bases/Samples/Tiled Sample/Sample.tsx using Guid(b07ad579829aee44580c871ad56b9fae) Importer(2089858483,192608db42251d675da83286b1cce702) (ScriptedImporter) -> (artifact id: '954fb430744f78febd46408b5c9acdec') in 0.0199721 seconds
Number of updated asset objects reloaded before import = 0Number of asset objects unloaded after import = 1

========================================================================
Received Import Request.
  Time since last request: 0.000016 seconds.
  path: Assets/Art/Assets/isometric-miniature-library/Samples/Tiled Sample/Sprites/doorway_E.png
  artifactKey: Guid(fa8090df495083b42bdee0a37eba411c) Importer(2089858483,192608db42251d675da83286b1cce702)
Start importing Assets/Art/Assets/isometric-miniature-library/Samples/Tiled Sample/Sprites/doorway_E.png using Guid(fa8090df495083b42bdee0a37eba411c) Importer(2089858483,192608db42251d675da83286b1cce702) (ScriptedImporter) -> (artifact id: 'd3f1725a87ec2b51ad4d16429fcde377') in 0.0374661 seconds
Number of updated asset objects reloaded before import = 0Number of asset objects unloaded after import = 1

========================================================================
Received Import Request.
  Time since last request: 0.000021 seconds.
  path: Assets/Art/Assets/isometric-miniature-farm/Samples/Tiled Sample/Sprites/window_S.png
  artifactKey: Guid(05f5b1a9513ba3343918df3edbe340cd) Importer(2089858483,192608db42251d675da83286b1cce702)
Start importing Assets/Art/Assets/isometric-miniature-farm/Samples/Tiled Sample/Sprites/window_S.png using Guid(05f5b1a9513ba3343918df3edbe340cd) Importer(2089858483,192608db42251d675da83286b1cce702) (ScriptedImporter) -> (artifact id: 'ee4bdfb3268c5dbcd4af43aab1e0fa96') in 0.0456842 seconds
Number of updated asset objects reloaded before import = 0Number of asset objects unloaded after import = 1

========================================================================
Received Import Request.
  Time since last request: 0.000021 seconds.
  path: Assets/Art/Assets/isometric-miniature-farm/Samples/Tiled Sample/Sprites/fence_W.png
  artifactKey: Guid(cc8a05c9ebcd6304baa1d0498b9272f0) Importer(2089858483,192608db42251d675da83286b1cce702)
Start importing Assets/Art/Assets/isometric-miniature-farm/Samples/Tiled Sample/Sprites/fence_W.png using Guid(cc8a05c9ebcd6304baa1d0498b9272f0) Importer(2089858483,192608db42251d675da83286b1cce702) (ScriptedImporter) -> (artifact id: 'c7e3175e09ac019487e897b5c920085a') in 0.0435616 seconds
Number of updated asset objects reloaded before import = 0Number of asset objects unloaded after import = 1

========================================================================
Received Import Request.
  Time since last request: 0.000036 seconds.
  path: Assets/Art/Assets/isometric-miniature-library/Samples/Tiled Sample/Sprites/switchFloorOn_E.png
  artifactKey: Guid(f2cdba609aadf774a8b6d8e70fc3cdf1) Importer(2089858483,192608db42251d675da83286b1cce702)
Start importing Assets/Art/Assets/isometric-miniature-library/Samples/Tiled Sample/Sprites/switchFloorOn_E.png using Guid(f2cdba609aadf774a8b6d8e70fc3cdf1) Importer(2089858483,192608db42251d675da83286b1cce702) (ScriptedImporter) -> (artifact id: '5d803fd4e2f8e09f71ef6fe7c00f4e67') in 0.0541458 seconds
Number of updated asset objects reloaded before import = 0Number of asset objects unloaded after import = 1

========================================================================
Received Import Request.
  Time since last request: 0.000018 seconds.
  path: Assets/Art/Assets/isometric-miniature-library/Samples/Tiled Sample/Sprites/floor_E.png
  artifactKey: Guid(f782e8073066ca045bf7e482e7a0a831) Importer(2089858483,192608db42251d675da83286b1cce702)
Start importing Assets/Art/Assets/isometric-miniature-library/Samples/Tiled Sample/Sprites/floor_E.png using Guid(f782e8073066ca045bf7e482e7a0a831) Importer(2089858483,192608db42251d675da83286b1cce702) (ScriptedImporter) -> (artifact id: 'f25f19486e3023fe94c92a0a0e2357c0') in 0.0440357 seconds
Number of updated asset objects reloaded before import = 0Number of asset objects unloaded after import = 1

========================================================================
Received Import Request.
  Time since last request: 0.000017 seconds.
  path: Assets/Art/Assets/isometric-miniature-bases/Samples/Tiled Sample/Sprites/crate_E.png
  artifactKey: Guid(8ac36b6d9877fbd4f87b194dedf74278) Importer(2089858483,192608db42251d675da83286b1cce702)
Start importing Assets/Art/Assets/isometric-miniature-bases/Samples/Tiled Sample/Sprites/crate_E.png using Guid(8ac36b6d9877fbd4f87b194dedf74278) Importer(2089858483,192608db42251d675da83286b1cce702) (ScriptedImporter) -> (artifact id: '8e2e93227120ed0616bd8e0ac0b66c08') in 0.0565835 seconds
Number of updated asset objects reloaded before import = 0Number of asset objects unloaded after import = 1

========================================================================
Received Import Request.
  Time since last request: 0.000027 seconds.
  path: Assets/Art/Assets/isometric-miniature-bases/Samples/Tiled Sample/Sprites/stairs_S.png
  artifactKey: Guid(504e788f00ab8b04eb8cabf0b893f144) Importer(2089858483,192608db42251d675da83286b1cce702)
Start importing Assets/Art/Assets/isometric-miniature-bases/Samples/Tiled Sample/Sprites/stairs_S.png using Guid(504e788f00ab8b04eb8cabf0b893f144) Importer(2089858483,192608db42251d675da83286b1cce702) (ScriptedImporter) -> (artifact id: '23ed48aa86624acde7711ea0d2d3087c') in 0.0509507 seconds
Number of updated asset objects reloaded before import = 0Number of asset objects unloaded after import = 1

========================================================================
Received Import Request.
  Time since last request: 0.000016 seconds.
  path: Assets/Art/Assets/isometric-miniature-dungeon/Samples/Tiled Sample/Sprites/wall_E.png
  artifactKey: Guid(8502fcbbfe14472488a56af8eb1a7dfd) Importer(2089858483,192608db42251d675da83286b1cce702)
Start importing Assets/Art/Assets/isometric-miniature-dungeon/Samples/Tiled Sample/Sprites/wall_E.png using Guid(8502fcbbfe14472488a56af8eb1a7dfd) Importer(2089858483,192608db42251d675da83286b1cce702) (ScriptedImporter) -> (artifact id: '9e49f8d2f2a99036f667ac96ac1f88fd') in 0.0453962 seconds
Number of updated asset objects reloaded before import = 0Number of asset objects unloaded after import = 1

========================================================================
Received Import Request.
  Time since last request: 0.000016 seconds.
  path: Assets/Art/Assets/isometric-miniature-library/Samples/Tiled Sample/Sprites/wallCurve_S.png
  artifactKey: Guid(bdf4ea08033d4824cb8825f40d568add) Importer(2089858483,192608db42251d675da83286b1cce702)
Start importing Assets/Art/Assets/isometric-miniature-library/Samples/Tiled Sample/Sprites/wallCurve_S.png using Guid(bdf4ea08033d4824cb8825f40d568add) Importer(2089858483,192608db42251d675da83286b1cce702) (ScriptedImporter) -> (artifact id: 'b802575e0c5a0fec7d01ff72198a89da') in 0.0312403 seconds
Number of updated asset objects reloaded before import = 0Number of asset objects unloaded after import = 1

========================================================================
Received Import Request.
  Time since last request: 0.000018 seconds.
  path: Assets/Art/Assets/isometric-miniature-library/Angle/bookcaseHalfWideEmpty_E.png
  artifactKey: Guid(ec47d2a968b2ece4a8623cafa4a37336) Importer(2089858483,192608db42251d675da83286b1cce702)
Start importing Assets/Art/Assets/isometric-miniature-library/Angle/bookcaseHalfWideEmpty_E.png using Guid(ec47d2a968b2ece4a8623cafa4a37336) Importer(2089858483,192608db42251d675da83286b1cce702) (ScriptedImporter) -> (artifact id: '27f252e42b09afdf28ea3d8f689f58d4') in 0.0447627 seconds
Number of updated asset objects reloaded before import = 0Number of asset objects unloaded after import = 3

========================================================================
Received Import Request.
  Time since last request: 0.000036 seconds.
  path: Assets/Art/Assets/isometric-miniature-farm/Isometric/roofSingle_S.png
  artifactKey: Guid(f138467872a7fa94cbd2ab994aa3b942) Importer(2089858483,192608db42251d675da83286b1cce702)
Start importing Assets/Art/Assets/isometric-miniature-farm/Isometric/roofSingle_S.png using Guid(f138467872a7fa94cbd2ab994aa3b942) Importer(2089858483,192608db42251d675da83286b1cce702) (ScriptedImporter) -> (artifact id: '83e906ed04c69c619c7d080d6480bae8') in 0.0481478 seconds
Number of updated asset objects reloaded before import = 0Number of asset objects unloaded after import = 3

========================================================================
Received Import Request.
  Time since last request: 0.000014 seconds.
  path: Assets/Art/Assets/isometric-miniature-farm/Isometric/roofSingle_E.png
  artifactKey: Guid(1c0c05e5cef8f23448ccfbb2ed2d3b23) Importer(2089858483,192608db42251d675da83286b1cce702)
Start importing Assets/Art/Assets/isometric-miniature-farm/Isometric/roofSingle_E.png using Guid(1c0c05e5cef8f23448ccfbb2ed2d3b23) Importer(2089858483,192608db42251d675da83286b1cce702) (ScriptedImporter) -> (artifact id: 'fab32c0dbef80e093aa349c56a7f5085') in 0.0689361 seconds
Number of updated asset objects reloaded before import = 0Number of asset objects unloaded after import = 3

========================================================================
Received Import Request.
  Time since last request: 0.000017 seconds.
  path: Assets/Art/Assets/isometric-miniature-farm/Isometric/planksCornerLeft_S.png
  artifactKey: Guid(08be6bb0ea778db4298ca26a2be06f98) Importer(2089858483,192608db42251d675da83286b1cce702)
Start importing Assets/Art/Assets/isometric-miniature-farm/Isometric/planksCornerLeft_S.png using Guid(08be6bb0ea778db4298ca26a2be06f98) Importer(2089858483,192608db42251d675da83286b1cce702) (ScriptedImporter) -> (artifact id: 'd9ae6c62bfab2fbd81cec20b36eaef17') in 0.0490263 seconds
Number of updated asset objects reloaded before import = 0Number of asset objects unloaded after import = 3

========================================================================
Received Import Request.
  Time since last request: 0.000036 seconds.
  path: Assets/Art/Assets/isometric-miniature-farm/Angle/fenceHigh_N.png
  artifactKey: Guid(f17d929757bba114f80036f2b975ca93) Importer(2089858483,192608db42251d675da83286b1cce702)
Start importing Assets/Art/Assets/isometric-miniature-farm/Angle/fenceHigh_N.png using Guid(f17d929757bba114f80036f2b975ca93) Importer(2089858483,192608db42251d675da83286b1cce702) (ScriptedImporter) -> (artifact id: 'aa8a1f7dfaafc989632035a3c8844a62') in 0.0444329 seconds
Number of updated asset objects reloaded before import = 0Number of asset objects unloaded after import = 3

========================================================================
Received Import Request.
  Time since last request: 0.000016 seconds.
  path: Assets/Art/Assets/isometric-miniature-dungeon/Angle/barrelsStacked_W.png
  artifactKey: Guid(8ddf5cd3556b10349aa5e3d511d961d8) Importer(2089858483,192608db42251d675da83286b1cce702)
Start importing Assets/Art/Assets/isometric-miniature-dungeon/Angle/barrelsStacked_W.png using Guid(8ddf5cd3556b10349aa5e3d511d961d8) Importer(2089858483,192608db42251d675da83286b1cce702) (ScriptedImporter) -> (artifact id: '01f5760f500f72dccc80c320df897cb5') in 0.0427075 seconds
Number of updated asset objects reloaded before import = 0Number of asset objects unloaded after import = 3

========================================================================
Received Import Request.
  Time since last request: 0.000016 seconds.
  path: Assets/Art/Assets/isometric-miniature-dungeon/Angle/stoneWallWindow_W.png
  artifactKey: Guid(8a38d8ba5fd4e7a47b85f47d0bfdfb1e) Importer(2089858483,192608db42251d675da83286b1cce702)
Start importing Assets/Art/Assets/isometric-miniature-dungeon/Angle/stoneWallWindow_W.png using Guid(8a38d8ba5fd4e7a47b85f47d0bfdfb1e) Importer(2089858483,192608db42251d675da83286b1cce702) (ScriptedImporter) -> (artifact id: 'f8e823b76c7c09c45b71c1e5d82bf7fc') in 0.0471533 seconds
Number of updated asset objects reloaded before import = 0Number of asset objects unloaded after import = 3

========================================================================
Received Import Request.
  Time since last request: 0.000016 seconds.
  path: Assets/Art/Assets/isometric-miniature-library/Angle/longTable_E.png
  artifactKey: Guid(b848a9b6690bd2e4da45d6a0e967afda) Importer(2089858483,192608db42251d675da83286b1cce702)
Start importing Assets/Art/Assets/isometric-miniature-library/Angle/longTable_E.png using Guid(b848a9b6690bd2e4da45d6a0e967afda) Importer(2089858483,192608db42251d675da83286b1cce702) (ScriptedImporter) -> (artifact id: 'b70d181293b66e221bbe8ec0c0af9034') in 0.0421453 seconds
Number of updated asset objects reloaded before import = 0Number of asset objects unloaded after import = 3

========================================================================
Received Import Request.
  Time since last request: 0.000025 seconds.
  path: Assets/Art/Assets/isometric-miniature-dungeon/Angle/stoneWallDoorClosed_E.png
  artifactKey: Guid(428fa59550c3c1c47ba370aa64ad33d7) Importer(2089858483,192608db42251d675da83286b1cce702)
Start importing Assets/Art/Assets/isometric-miniature-dungeon/Angle/stoneWallDoorClosed_E.png using Guid(428fa59550c3c1c47ba370aa64ad33d7) Importer(2089858483,192608db42251d675da83286b1cce702) (ScriptedImporter) -> (artifact id: 'e0d2ef64de6e1e8ad98ae63614150389') in 0.0461715 seconds
Number of updated asset objects reloaded before import = 0Number of asset objects unloaded after import = 3

========================================================================
Received Import Request.
  Time since last request: 0.000016 seconds.
  path: Assets/Art/Assets/isometric-miniature-library/Isometric/bookcaseFallen_W.png
  artifactKey: Guid(e353fef5d7de7794a80997e462b6f3a2) Importer(2089858483,192608db42251d675da83286b1cce702)
Start importing Assets/Art/Assets/isometric-miniature-library/Isometric/bookcaseFallen_W.png using Guid(e353fef5d7de7794a80997e462b6f3a2) Importer(2089858483,192608db42251d675da83286b1cce702) (ScriptedImporter) -> (artifact id: '9250845605772894ab95d14edf5f86e5') in 0.0434456 seconds
Number of updated asset objects reloaded before import = 0Number of asset objects unloaded after import = 3

========================================================================
Received Import Request.
  Time since last request: 0.000020 seconds.
  path: Assets/Art/Assets/isometric-miniature-library/Angle/bookcaseWideEmptyLadder_W.png
  artifactKey: Guid(f74be9fdfb6c33843a984fadc302b47c) Importer(2089858483,192608db42251d675da83286b1cce702)
Start importing Assets/Art/Assets/isometric-miniature-library/Angle/bookcaseWideEmptyLadder_W.png using Guid(f74be9fdfb6c33843a984fadc302b47c) Importer(2089858483,192608db42251d675da83286b1cce702) (ScriptedImporter) -> (artifact id: 'aa83f326e777bdbc9281ae943b32cbe6') in 0.0469461 seconds
Number of updated asset objects reloaded before import = 0Number of asset objects unloaded after import = 3

========================================================================
Received Import Request.
  Time since last request: 0.000019 seconds.
  path: Assets/Art/Assets/isometric-miniature-dungeon/Angle/chair_E.png
  artifactKey: Guid(463a7e8a958b3664c85b49138ca27063) Importer(2089858483,192608db42251d675da83286b1cce702)
Start importing Assets/Art/Assets/isometric-miniature-dungeon/Angle/chair_E.png using Guid(463a7e8a958b3664c85b49138ca27063) Importer(2089858483,192608db42251d675da83286b1cce702) (ScriptedImporter) -> (artifact id: '31f2431a89779104c52928200db2dfb8') in 0.0464665 seconds
Number of updated asset objects reloaded before import = 0Number of asset objects unloaded after import = 3

========================================================================
Received Import Request.
  Time since last request: 0.000026 seconds.
  path: Assets/Art/Assets/isometric-miniature-library/Angle/bookcaseHalfWideEmpty_W.png
  artifactKey: Guid(7f145148c59fb2349a6b8ccf5528306c) Importer(2089858483,192608db42251d675da83286b1cce702)
Start importing Assets/Art/Assets/isometric-miniature-library/Angle/bookcaseHalfWideEmpty_W.png using Guid(7f145148c59fb2349a6b8ccf5528306c) Importer(2089858483,192608db42251d675da83286b1cce702) (ScriptedImporter) -> (artifact id: 'e216c5ce608445c8532bb6b147cb4408') in 0.0467557 seconds
Number of updated asset objects reloaded before import = 0Number of asset objects unloaded after import = 3

========================================================================
Received Import Request.
  Time since last request: 0.000016 seconds.
  path: Assets/Art/Assets/isometric-miniature-dungeon/Angle/tableRoundChairs_S.png
  artifactKey: Guid(cf5022be2f782134199060f8133602f7) Importer(2089858483,192608db42251d675da83286b1cce702)
Start importing Assets/Art/Assets/isometric-miniature-dungeon/Angle/tableRoundChairs_S.png using Guid(cf5022be2f782134199060f8133602f7) Importer(2089858483,192608db42251d675da83286b1cce702) (ScriptedImporter) -> (artifact id: '6a9f8740efab10195debabee7a6d3a6f') in 0.0584299 seconds
Number of updated asset objects reloaded before import = 0Number of asset objects unloaded after import = 3

========================================================================
Received Import Request.
  Time since last request: 0.000018 seconds.
  path: Assets/Art/Assets/isometric-miniature-library/Angle/bookcaseHalfWideBooks_S.png
  artifactKey: Guid(ccd51e3012f135e478aa2ce13b2f69b9) Importer(2089858483,192608db42251d675da83286b1cce702)
Start importing Assets/Art/Assets/isometric-miniature-library/Angle/bookcaseHalfWideBooks_S.png using Guid(ccd51e3012f135e478aa2ce13b2f69b9) Importer(2089858483,192608db42251d675da83286b1cce702) (ScriptedImporter) -> (artifact id: '8628789511dcbef3d39dc0e9af1fb1f0') in 0.0497953 seconds
Number of updated asset objects reloaded before import = 0Number of asset objects unloaded after import = 3

========================================================================
Received Import Request.
  Time since last request: 0.000027 seconds.
  path: Assets/Art/Assets/isometric-miniature-dungeon/Angle/stone_W.png
  artifactKey: Guid(c4f9fef790dc3954a8e4dae9ece9a51c) Importer(2089858483,192608db42251d675da83286b1cce702)
Start importing Assets/Art/Assets/isometric-miniature-dungeon/Angle/stone_W.png using Guid(c4f9fef790dc3954a8e4dae9ece9a51c) Importer(2089858483,192608db42251d675da83286b1cce702) (ScriptedImporter) -> (artifact id: '07bed832426d031e3c5e2695c8acfad6') in 0.043064 seconds
Number of updated asset objects reloaded before import = 0Number of asset objects unloaded after import = 3

========================================================================
Received Import Request.
  Time since last request: 0.000015 seconds.
  path: Assets/Art/Assets/isometric-miniature-dungeon/Isometric/stoneWallRoundWindow_N.png
  artifactKey: Guid(f06dcb75005d8704daa11e638355f952) Importer(2089858483,192608db42251d675da83286b1cce702)
Start importing Assets/Art/Assets/isometric-miniature-dungeon/Isometric/stoneWallRoundWindow_N.png using Guid(f06dcb75005d8704daa11e638355f952) Importer(2089858483,192608db42251d675da83286b1cce702) (ScriptedImporter) -> (artifact id: 'd3ca507a881797168d52376f08893199') in 0.054374 seconds
Number of updated asset objects reloaded before import = 0Number of asset objects unloaded after import = 3

========================================================================
Received Import Request.
  Time since last request: 5.425809 seconds.
  path: Assets/Art/Assets/isometric-miniature-dungeon/Angle/barrel_E.png
  artifactKey: Guid(ad6cc24c427b8424cacb39458f934a5d) Importer(815301076,1909f56bfc062723c751e8b465ee728b)
Start importing Assets/Art/Assets/isometric-miniature-dungeon/Angle/barrel_E.png using Guid(ad6cc24c427b8424cacb39458f934a5d) Importer(815301076,1909f56bfc062723c751e8b465ee728b) (PreviewImporter) -> (artifact id: 'c9fbcb12e89628580c5fde9917ab492a') in 0.0373156 seconds
Number of updated asset objects reloaded before import = 0Number of asset objects unloaded after import = 3

========================================================================
Received Import Request.
  Time since last request: 0.000018 seconds.
  path: Assets/Art/Assets/isometric-miniature-dungeon/Angle/dirt_E.png
  artifactKey: Guid(0bb1ddafd8398d943af92f6f22666f1c) Importer(815301076,1909f56bfc062723c751e8b465ee728b)
Start importing Assets/Art/Assets/isometric-miniature-dungeon/Angle/dirt_E.png using Guid(0bb1ddafd8398d943af92f6f22666f1c) Importer(815301076,1909f56bfc062723c751e8b465ee728b) (PreviewImporter) -> (artifact id: '9d685e8e2f8de26419e36e7a839a5743') in 0.036814 seconds
Number of updated asset objects reloaded before import = 0Number of asset objects unloaded after import = 3

========================================================================
Received Import Request.
  Time since last request: 0.000030 seconds.
  path: Assets/Art/Assets/isometric-miniature-dungeon/Angle/barrelsStacked_N.png
  artifactKey: Guid(310b149719077f44888ad1cebb80284e) Importer(815301076,1909f56bfc062723c751e8b465ee728b)
Start importing Assets/Art/Assets/isometric-miniature-dungeon/Angle/barrelsStacked_N.png using Guid(310b149719077f44888ad1cebb80284e) Importer(815301076,1909f56bfc062723c751e8b465ee728b) (PreviewImporter) -> (artifact id: '220f4765c4adaa1ba27db38c1d581582') in 0.0381592 seconds
Number of updated asset objects reloaded before import = 0Number of asset objects unloaded after import = 3

========================================================================
Received Import Request.
  Time since last request: 0.000028 seconds.
  path: Assets/Art/Assets/isometric-miniature-dungeon/Angle/chair_N.png
  artifactKey: Guid(52544ec0a8db8a641bfe379aa4bb590b) Importer(815301076,1909f56bfc062723c751e8b465ee728b)
Start importing Assets/Art/Assets/isometric-miniature-dungeon/Angle/chair_N.png using Guid(52544ec0a8db8a641bfe379aa4bb590b) Importer(815301076,1909f56bfc062723c751e8b465ee728b) (PreviewImporter) -> (artifact id: 'e63fd935f6e7663652f1a55d0d8e6f67') in 0.0477024 seconds
Number of updated asset objects reloaded before import = 0Number of asset objects unloaded after import = 3

========================================================================
Received Import Request.
  Time since last request: 0.000017 seconds.
  path: Assets/Art/Assets/isometric-miniature-dungeon/Angle/barrelsStacked_E.png
  artifactKey: Guid(c100046185bcadb4595234a26dabb153) Importer(815301076,1909f56bfc062723c751e8b465ee728b)
Start importing Assets/Art/Assets/isometric-miniature-dungeon/Angle/barrelsStacked_E.png using Guid(c100046185bcadb4595234a26dabb153) Importer(815301076,1909f56bfc062723c751e8b465ee728b) (PreviewImporter) -> (artifact id: 'f2d7b737d3854704d9e4481fa03112d1') in 0.0368311 seconds
Number of updated asset objects reloaded before import = 0Number of asset objects unloaded after import = 3

========================================================================
Received Import Request.
  Time since last request: 0.000014 seconds.
  path: Assets/Art/Assets/isometric-miniature-dungeon/Angle/chestOpen_E.png
  artifactKey: Guid(c992d6dbe34124b4690f4f05da214aff) Importer(815301076,1909f56bfc062723c751e8b465ee728b)
Start importing Assets/Art/Assets/isometric-miniature-dungeon/Angle/chestOpen_E.png using Guid(c992d6dbe34124b4690f4f05da214aff) Importer(815301076,1909f56bfc062723c751e8b465ee728b) (PreviewImporter) -> (artifact id: 'ffc73e4805586d86b06fe07e1937f489') in 0.0383981 seconds
Number of updated asset objects reloaded before import = 0Number of asset objects unloaded after import = 3

========================================================================
Received Import Request.
  Time since last request: 0.000022 seconds.
  path: Assets/Art/Assets/isometric-miniature-dungeon/Angle/bridgeBroken_E.png
  artifactKey: Guid(46400cf4f33a59c42939f84d643e1b1f) Importer(815301076,1909f56bfc062723c751e8b465ee728b)
Start importing Assets/Art/Assets/isometric-miniature-dungeon/Angle/bridgeBroken_E.png using Guid(46400cf4f33a59c42939f84d643e1b1f) Importer(815301076,1909f56bfc062723c751e8b465ee728b) (PreviewImporter) -> (artifact id: 'a87bb7e8a45fc2db7b9418c6a0ef7721') in 0.0363067 seconds
Number of updated asset objects reloaded before import = 0Number of asset objects unloaded after import = 3

========================================================================
Received Import Request.
  Time since last request: 0.000028 seconds.
  path: Assets/Art/Assets/isometric-miniature-dungeon/Angle/chestOpen_N.png
  artifactKey: Guid(fd6d7be3476edcc478d2e3ff675bc438) Importer(815301076,1909f56bfc062723c751e8b465ee728b)
Start importing Assets/Art/Assets/isometric-miniature-dungeon/Angle/chestOpen_N.png using Guid(fd6d7be3476edcc478d2e3ff675bc438) Importer(815301076,1909f56bfc062723c751e8b465ee728b) (PreviewImporter) -> (artifact id: '577b30e4fb945efe070b5af8bef6a48a') in 0.0384855 seconds
Number of updated asset objects reloaded before import = 0Number of asset objects unloaded after import = 3

========================================================================
Received Import Request.
  Time since last request: 1.200437 seconds.
  path: Assets/Art/Assets/isometric-miniature-dungeon/Angle/dirt_N.png
  artifactKey: Guid(e2f54f931aca5b543b3d6ebf03211def) Importer(815301076,1909f56bfc062723c751e8b465ee728b)
Start importing Assets/Art/Assets/isometric-miniature-dungeon/Angle/dirt_N.png using Guid(e2f54f931aca5b543b3d6ebf03211def) Importer(815301076,1909f56bfc062723c751e8b465ee728b) (PreviewImporter) -> (artifact id: '0634df4deb05b2d405e52e229418a9b3') in 0.0431641 seconds
Number of updated asset objects reloaded before import = 0Number of asset objects unloaded after import = 3

========================================================================
Received Import Request.
  Time since last request: 0.000016 seconds.
  path: Assets/Art/Assets/isometric-miniature-dungeon/Angle/planksBroken_W.png
  artifactKey: Guid(f30fe9daa8cd36245ae95e4249a289ae) Importer(815301076,1909f56bfc062723c751e8b465ee728b)
Start importing Assets/Art/Assets/isometric-miniature-dungeon/Angle/planksBroken_W.png using Guid(f30fe9daa8cd36245ae95e4249a289ae) Importer(815301076,1909f56bfc062723c751e8b465ee728b) (PreviewImporter) -> (artifact id: '247315102c83a8b3f2ebc3363f3bf289') in 0.0364236 seconds
Number of updated asset objects reloaded before import = 0Number of asset objects unloaded after import = 3

========================================================================
Received Import Request.
  Time since last request: 0.000020 seconds.
  path: Assets/Art/Assets/isometric-miniature-dungeon/Angle/stairsAged_E.png
  artifactKey: Guid(7a595f5f83a4dc24f9e9c895860e0570) Importer(815301076,1909f56bfc062723c751e8b465ee728b)
Start importing Assets/Art/Assets/isometric-miniature-dungeon/Angle/stairsAged_E.png using Guid(7a595f5f83a4dc24f9e9c895860e0570) Importer(815301076,1909f56bfc062723c751e8b465ee728b) (PreviewImporter) -> (artifact id: 'd1590e462f578cd6d3122bc3f3ce0706') in 0.0484548 seconds
Number of updated asset objects reloaded before import = 0Number of asset objects unloaded after import = 3

========================================================================
Received Import Request.
  Time since last request: 0.000022 seconds.
  path: Assets/Art/Assets/isometric-miniature-dungeon/Angle/stairsCorner_N.png
  artifactKey: Guid(4539b075017a48742aafe111932c4b9d) Importer(815301076,1909f56bfc062723c751e8b465ee728b)
Start importing Assets/Art/Assets/isometric-miniature-dungeon/Angle/stairsCorner_N.png using Guid(4539b075017a48742aafe111932c4b9d) Importer(815301076,1909f56bfc062723c751e8b465ee728b) (PreviewImporter) -> (artifact id: '21af9130e5c76a0aad89a2e524070c5c') in 0.0403143 seconds
Number of updated asset objects reloaded before import = 0Number of asset objects unloaded after import = 3

========================================================================
Received Import Request.
  Time since last request: 0.000017 seconds.
  path: Assets/Art/Assets/isometric-miniature-dungeon/Angle/stoneSide_S.png
  artifactKey: Guid(0c90d6efffac3dd43b57227ce6428dfc) Importer(815301076,1909f56bfc062723c751e8b465ee728b)
Start importing Assets/Art/Assets/isometric-miniature-dungeon/Angle/stoneSide_S.png using Guid(0c90d6efffac3dd43b57227ce6428dfc) Importer(815301076,1909f56bfc062723c751e8b465ee728b) (PreviewImporter) -> (artifact id: 'edc8bc3cab7555acd50f690631138710') in 0.0396781 seconds
Number of updated asset objects reloaded before import = 0Number of asset objects unloaded after import = 3

========================================================================
Received Import Request.
  Time since last request: 0.000016 seconds.
  path: Assets/Art/Assets/isometric-miniature-dungeon/Angle/stoneWall_E.png
  artifactKey: Guid(06c3ccc10306a5c4dad266f38d800a7d) Importer(815301076,1909f56bfc062723c751e8b465ee728b)
Start importing Assets/Art/Assets/isometric-miniature-dungeon/Angle/stoneWall_E.png using Guid(06c3ccc10306a5c4dad266f38d800a7d) Importer(815301076,1909f56bfc062723c751e8b465ee728b) (PreviewImporter) -> (artifact id: '1d04a82d3b5820cfc325a5611c7bb702') in 0.0390116 seconds
Number of updated asset objects reloaded before import = 0Number of asset objects unloaded after import = 3

========================================================================
Received Import Request.
  Time since last request: 0.000017 seconds.
  path: Assets/Art/Assets/isometric-miniature-dungeon/Angle/stoneWallRound_E.png
  artifactKey: Guid(58d6e7f3bee0e0a4dafb7f328c19cf21) Importer(815301076,1909f56bfc062723c751e8b465ee728b)
Start importing Assets/Art/Assets/isometric-miniature-dungeon/Angle/stoneWallRound_E.png using Guid(58d6e7f3bee0e0a4dafb7f328c19cf21) Importer(815301076,1909f56bfc062723c751e8b465ee728b) (PreviewImporter) -> (artifact id: '9a11c2a3369fdf9329acbe2cfd6348ef') in 0.0428753 seconds
Number of updated asset objects reloaded before import = 0Number of asset objects unloaded after import = 3

========================================================================
Received Import Request.
  Time since last request: 0.000027 seconds.
  path: Assets/Art/Assets/isometric-miniature-dungeon/Angle/woodenCrate_S.png
  artifactKey: Guid(0345dec68307dd74db4b9576cab9e1b4) Importer(815301076,1909f56bfc062723c751e8b465ee728b)
Start importing Assets/Art/Assets/isometric-miniature-dungeon/Angle/woodenCrate_S.png using Guid(0345dec68307dd74db4b9576cab9e1b4) Importer(815301076,1909f56bfc062723c751e8b465ee728b) (PreviewImporter) -> (artifact id: '1120340a73068fe1783bca9a2e10650a') in 0.0494724 seconds
Number of updated asset objects reloaded before import = 0Number of asset objects unloaded after import = 3

========================================================================
Received Import Request.
  Time since last request: 0.000016 seconds.
  path: Assets/Art/Assets/isometric-miniature-dungeon/Angle/woodenSupportsBeam_W.png
  artifactKey: Guid(27f3a12d5965fa24cb90297926ff2939) Importer(815301076,1909f56bfc062723c751e8b465ee728b)
Start importing Assets/Art/Assets/isometric-miniature-dungeon/Angle/woodenSupportsBeam_W.png using Guid(27f3a12d5965fa24cb90297926ff2939) Importer(815301076,1909f56bfc062723c751e8b465ee728b) (PreviewImporter) -> (artifact id: '6aef74d3274ec7fc79ba767fbfee1305') in 0.0377476 seconds
Number of updated asset objects reloaded before import = 0Number of asset objects unloaded after import = 3

========================================================================
Received Import Request.
  Time since last request: 0.000015 seconds.
  path: Assets/Art/Assets/isometric-miniature-dungeon/Angle/stoneWallWindowBars_N.png
  artifactKey: Guid(309d31ad2a0abb244b7295f0dd870d35) Importer(815301076,1909f56bfc062723c751e8b465ee728b)
Start importing Assets/Art/Assets/isometric-miniature-dungeon/Angle/stoneWallWindowBars_N.png using Guid(309d31ad2a0abb244b7295f0dd870d35) Importer(815301076,1909f56bfc062723c751e8b465ee728b) (PreviewImporter) -> (artifact id: 'f78058e4857248f8247322a90ddeb7a9') in 0.0360868 seconds
Number of updated asset objects reloaded before import = 0Number of asset objects unloaded after import = 3

========================================================================
Received Import Request.
  Time since last request: 0.000050 seconds.
  path: Assets/Art/Assets/isometric-miniature-dungeon/Angle/stoneWallRoundBroken_N.png
  artifactKey: Guid(af221a5d7488601439a58b5535590fc4) Importer(815301076,1909f56bfc062723c751e8b465ee728b)
Start importing Assets/Art/Assets/isometric-miniature-dungeon/Angle/stoneWallRoundBroken_N.png using Guid(af221a5d7488601439a58b5535590fc4) Importer(815301076,1909f56bfc062723c751e8b465ee728b) (PreviewImporter) -> (artifact id: 'b195e55c3ee2968767e925301d3d916d') in 0.0409545 seconds
Number of updated asset objects reloaded before import = 0Number of asset objects unloaded after import = 3

========================================================================
Received Import Request.
  Time since last request: 0.000023 seconds.
  path: Assets/Art/Assets/isometric-miniature-dungeon/Angle/stoneWallBrokenRight_E.png
  artifactKey: Guid(b740f19affbc0f7429303c9e250da88c) Importer(815301076,1909f56bfc062723c751e8b465ee728b)
Start importing Assets/Art/Assets/isometric-miniature-dungeon/Angle/stoneWallBrokenRight_E.png using Guid(b740f19affbc0f7429303c9e250da88c) Importer(815301076,1909f56bfc062723c751e8b465ee728b) (PreviewImporter) -> (artifact id: '853721983be209a7892e9f7d6815bd03') in 0.0371188 seconds
Number of updated asset objects reloaded before import = 0Number of asset objects unloaded after import = 3

========================================================================
Received Import Request.
  Time since last request: 0.000015 seconds.
  path: Assets/Art/Assets/isometric-miniature-dungeon/Angle/woodenSupportsBeam_N.png
  artifactKey: Guid(7962ea1834410f548b8b20338a4dd41a) Importer(815301076,1909f56bfc062723c751e8b465ee728b)
Start importing Assets/Art/Assets/isometric-miniature-dungeon/Angle/woodenSupportsBeam_N.png using Guid(7962ea1834410f548b8b20338a4dd41a) Importer(815301076,1909f56bfc062723c751e8b465ee728b) (PreviewImporter) -> (artifact id: '6a151c6521a01214ba86881b508767a5') in 0.0447915 seconds
Number of updated asset objects reloaded before import = 0Number of asset objects unloaded after import = 3

========================================================================
Received Import Request.
  Time since last request: 0.000017 seconds.
  path: Assets/Art/Assets/isometric-miniature-dungeon/Angle/stoneWallColumnIn_S.png
  artifactKey: Guid(34bea3fa13d66e14eb583e63cae30d45) Importer(815301076,1909f56bfc062723c751e8b465ee728b)
Start importing Assets/Art/Assets/isometric-miniature-dungeon/Angle/stoneWallColumnIn_S.png using Guid(34bea3fa13d66e14eb583e63cae30d45) Importer(815301076,1909f56bfc062723c751e8b465ee728b) (PreviewImporter) -> (artifact id: '5ebec43a83ee877c901dfdf0b730ee3f') in 0.0454288 seconds
Number of updated asset objects reloaded before import = 0Number of asset objects unloaded after import = 3

========================================================================
Received Import Request.
  Time since last request: 0.000018 seconds.
  path: Assets/Art/Assets/isometric-miniature-dungeon/Angle/woodenSupportsBlock_S.png
  artifactKey: Guid(5fca723a77111ea4a9844884bce81e6d) Importer(815301076,1909f56bfc062723c751e8b465ee728b)
Start importing Assets/Art/Assets/isometric-miniature-dungeon/Angle/woodenSupportsBlock_S.png using Guid(5fca723a77111ea4a9844884bce81e6d) Importer(815301076,1909f56bfc062723c751e8b465ee728b) (PreviewImporter) -> (artifact id: '2cb84cabaad68930b8b0ef8e03bf6843') in 0.0405687 seconds
Number of updated asset objects reloaded before import = 0Number of asset objects unloaded after import = 3

========================================================================
Received Import Request.
  Time since last request: 0.000039 seconds.
  path: Assets/Art/Assets/isometric-miniature-dungeon/Angle/stoneColumnWood_E.png
  artifactKey: Guid(38cb8a90460166a418c0705835abe7a5) Importer(815301076,1909f56bfc062723c751e8b465ee728b)
Start importing Assets/Art/Assets/isometric-miniature-dungeon/Angle/stoneColumnWood_E.png using Guid(38cb8a90460166a418c0705835abe7a5) Importer(815301076,1909f56bfc062723c751e8b465ee728b) (PreviewImporter) -> (artifact id: '147947ba6d55940f3753dc7deaae78ed') in 0.028998 seconds
Number of updated asset objects reloaded before import = 0Number of asset objects unloaded after import = 3

========================================================================
Received Import Request.
  Time since last request: 0.000017 seconds.
  path: Assets/Art/Assets/isometric-miniature-dungeon/Angle/tableShortChairs_E.png
  artifactKey: Guid(06f27b538abe05d4798d3dde6df94627) Importer(815301076,1909f56bfc062723c751e8b465ee728b)
Start importing Assets/Art/Assets/isometric-miniature-dungeon/Angle/tableShortChairs_E.png using Guid(06f27b538abe05d4798d3dde6df94627) Importer(815301076,1909f56bfc062723c751e8b465ee728b) (PreviewImporter) -> (artifact id: 'c9f9bd65c972b16860f3c2e2f00fa392') in 0.0277738 seconds
Number of updated asset objects reloaded before import = 0Number of asset objects unloaded after import = 3

========================================================================
Received Import Request.
  Time since last request: 0.000020 seconds.
  path: Assets/Art/Assets/isometric-miniature-dungeon/Angle/stairsAged_W.png
  artifactKey: Guid(73900ba086050134c9fb0c6bb5ce8d7f) Importer(815301076,1909f56bfc062723c751e8b465ee728b)
Start importing Assets/Art/Assets/isometric-miniature-dungeon/Angle/stairsAged_W.png using Guid(73900ba086050134c9fb0c6bb5ce8d7f) Importer(815301076,1909f56bfc062723c751e8b465ee728b) (PreviewImporter) -> (artifact id: 'f7030cffd418d77c1306774c3f065c6d') in 0.0268739 seconds
Number of updated asset objects reloaded before import = 0Number of asset objects unloaded after import = 3

========================================================================
Received Import Request.
  Time since last request: 0.000023 seconds.
  path: Assets/Art/Assets/isometric-miniature-dungeon/Angle/stoneWallBrokenLeft_S.png
  artifactKey: Guid(fb3bc996116bb9848a9ec70cb00fc279) Importer(815301076,1909f56bfc062723c751e8b465ee728b)
Start importing Assets/Art/Assets/isometric-miniature-dungeon/Angle/stoneWallBrokenLeft_S.png using Guid(fb3bc996116bb9848a9ec70cb00fc279) Importer(815301076,1909f56bfc062723c751e8b465ee728b) (PreviewImporter) -> (artifact id: '837188d1b993f32426d8247a7994e4cb') in 0.0260622 seconds
Number of updated asset objects reloaded before import = 0Number of asset objects unloaded after import = 3

========================================================================
Received Import Request.
  Time since last request: 0.000030 seconds.
  path: Assets/Art/Assets/isometric-miniature-dungeon/Angle/woodenCrates_S.png
  artifactKey: Guid(6356c15c5ee9fd1419e8cfbeafc1cb52) Importer(815301076,1909f56bfc062723c751e8b465ee728b)
Start importing Assets/Art/Assets/isometric-miniature-dungeon/Angle/woodenCrates_S.png using Guid(6356c15c5ee9fd1419e8cfbeafc1cb52) Importer(815301076,1909f56bfc062723c751e8b465ee728b) (PreviewImporter) -> (artifact id: '60b5c8625ca60bc72e9a6aec279bf614') in 0.0244444 seconds
Number of updated asset objects reloaded before import = 0Number of asset objects unloaded after import = 3

========================================================================
Received Import Request.
  Time since last request: 0.000017 seconds.
  path: Assets/Art/Assets/isometric-miniature-dungeon/Angle/stoneUneven_E.png
  artifactKey: Guid(debb5122addefec4391b94715f82fd6b) Importer(815301076,1909f56bfc062723c751e8b465ee728b)
Start importing Assets/Art/Assets/isometric-miniature-dungeon/Angle/stoneUneven_E.png using Guid(debb5122addefec4391b94715f82fd6b) Importer(815301076,1909f56bfc062723c751e8b465ee728b) (PreviewImporter) -> (artifact id: '0c3f81dcfc5c858d59cfd31f61658a2c') in 0.0362043 seconds
Number of updated asset objects reloaded before import = 0Number of asset objects unloaded after import = 3

========================================================================
Received Import Request.
  Time since last request: 0.000016 seconds.
  path: Assets/Art/Assets/isometric-miniature-dungeon/Angle/stone_W.png
  artifactKey: Guid(c4f9fef790dc3954a8e4dae9ece9a51c) Importer(815301076,1909f56bfc062723c751e8b465ee728b)
Start importing Assets/Art/Assets/isometric-miniature-dungeon/Angle/stone_W.png using Guid(c4f9fef790dc3954a8e4dae9ece9a51c) Importer(815301076,1909f56bfc062723c751e8b465ee728b) (PreviewImporter) -> (artifact id: '89c478bef313142eaa5e431b8a80ba8b') in 0.0449192 seconds
Number of updated asset objects reloaded before import = 0Number of asset objects unloaded after import = 3

========================================================================
Received Import Request.
  Time since last request: 0.000021 seconds.
  path: Assets/Art/Assets/isometric-miniature-dungeon/Angle/stoneCorner_N.png
  artifactKey: Guid(d22286b7af16c884198e77c2eec1f2fa) Importer(815301076,1909f56bfc062723c751e8b465ee728b)
Start importing Assets/Art/Assets/isometric-miniature-dungeon/Angle/stoneCorner_N.png using Guid(d22286b7af16c884198e77c2eec1f2fa) Importer(815301076,1909f56bfc062723c751e8b465ee728b) (PreviewImporter) -> (artifact id: '0e126d4e89f8e23cdb077572c5db4c64') in 0.0496193 seconds
Number of updated asset objects reloaded before import = 0Number of asset objects unloaded after import = 3

========================================================================
Received Import Request.
  Time since last request: 0.000026 seconds.
  path: Assets/Art/Assets/isometric-miniature-dungeon/Angle/stoneWallHole_E.png
  artifactKey: Guid(c991df00a8e65444fb0c9ec75865e17d) Importer(815301076,1909f56bfc062723c751e8b465ee728b)
Start importing Assets/Art/Assets/isometric-miniature-dungeon/Angle/stoneWallHole_E.png using Guid(c991df00a8e65444fb0c9ec75865e17d) Importer(815301076,1909f56bfc062723c751e8b465ee728b) (PreviewImporter) -> (artifact id: '3389de20256bd881513359cc8db555c8') in 0.0418547 seconds
Number of updated asset objects reloaded before import = 0Number of asset objects unloaded after import = 3

========================================================================
Received Import Request.
  Time since last request: 0.000017 seconds.
  path: Assets/Art/Assets/isometric-miniature-dungeon/Angle/stoneWallDoorClosed_S.png
  artifactKey: Guid(8b6fa3b7300c94d4a8b782a04e3b3f1d) Importer(815301076,1909f56bfc062723c751e8b465ee728b)
Start importing Assets/Art/Assets/isometric-miniature-dungeon/Angle/stoneWallDoorClosed_S.png using Guid(8b6fa3b7300c94d4a8b782a04e3b3f1d) Importer(815301076,1909f56bfc062723c751e8b465ee728b) (PreviewImporter) -> (artifact id: '5b37547e98375e3d05f5972ca8c7b4dd') in 0.0429577 seconds
Number of updated asset objects reloaded before import = 0Number of asset objects unloaded after import = 3

========================================================================
Received Import Request.
  Time since last request: 0.000015 seconds.
  path: Assets/Art/Assets/isometric-miniature-dungeon/Angle/stoneSide_W.png
  artifactKey: Guid(151211f0c8fed2a4681f5065a1a43c26) Importer(815301076,1909f56bfc062723c751e8b465ee728b)
Start importing Assets/Art/Assets/isometric-miniature-dungeon/Angle/stoneSide_W.png using Guid(151211f0c8fed2a4681f5065a1a43c26) Importer(815301076,1909f56bfc062723c751e8b465ee728b) (PreviewImporter) -> (artifact id: '6c10b00cac356b5495d705fc613fc1e8') in 0.0333773 seconds
Number of updated asset objects reloaded before import = 0Number of asset objects unloaded after import = 3

========================================================================
Received Import Request.
  Time since last request: 0.000022 seconds.
  path: Assets/Art/Assets/isometric-miniature-dungeon/Angle/dirtTiles_W.png
  artifactKey: Guid(10d05f3ccf07a3a4ead04a40db596785) Importer(815301076,1909f56bfc062723c751e8b465ee728b)
Start importing Assets/Art/Assets/isometric-miniature-dungeon/Angle/dirtTiles_W.png using Guid(10d05f3ccf07a3a4ead04a40db596785) Importer(815301076,1909f56bfc062723c751e8b465ee728b) (PreviewImporter) -> (artifact id: '9a3fe2c6d92d6e6a61c2673ca2edd3bf') in 0.0373032 seconds
Number of updated asset objects reloaded before import = 0Number of asset objects unloaded after import = 3

========================================================================
Received Import Request.
  Time since last request: 0.000024 seconds.
  path: Assets/Art/Assets/isometric-miniature-dungeon/Angle/stoneWallBroken_E.png
  artifactKey: Guid(f4e57a85fd11b564cb6fa65a9d9a9b30) Importer(815301076,1909f56bfc062723c751e8b465ee728b)
Start importing Assets/Art/Assets/isometric-miniature-dungeon/Angle/stoneWallBroken_E.png using Guid(f4e57a85fd11b564cb6fa65a9d9a9b30) Importer(815301076,1909f56bfc062723c751e8b465ee728b) (PreviewImporter) -> (artifact id: 'e50ecb70ffc1fffefbd9e3fbaf3216ab') in 0.0469947 seconds
Number of updated asset objects reloaded before import = 0Number of asset objects unloaded after import = 3

========================================================================
Received Import Request.
  Time since last request: 0.000020 seconds.
  path: Assets/Art/Assets/isometric-miniature-dungeon/Angle/stoneCorner_E.png
  artifactKey: Guid(3de47cc9cc53c0843800ea5280eabf90) Importer(815301076,1909f56bfc062723c751e8b465ee728b)
Start importing Assets/Art/Assets/isometric-miniature-dungeon/Angle/stoneCorner_E.png using Guid(3de47cc9cc53c0843800ea5280eabf90) Importer(815301076,1909f56bfc062723c751e8b465ee728b) (PreviewImporter) -> (artifact id: '7a14b1c701fe39ca0ca8537ac14a505b') in 0.0442172 seconds
Number of updated asset objects reloaded before import = 0Number of asset objects unloaded after import = 3

========================================================================
Received Import Request.
  Time since last request: 0.000019 seconds.
  path: Assets/Art/Assets/isometric-miniature-dungeon/Angle/planksHole_E.png
  artifactKey: Guid(ba073f922792a8947aecfa2c86de3ef3) Importer(815301076,1909f56bfc062723c751e8b465ee728b)
Start importing Assets/Art/Assets/isometric-miniature-dungeon/Angle/planksHole_E.png using Guid(ba073f922792a8947aecfa2c86de3ef3) Importer(815301076,1909f56bfc062723c751e8b465ee728b) (PreviewImporter) -> (artifact id: '431a4674021ba60ad28685d416f6a4ac') in 0.0370349 seconds
Number of updated asset objects reloaded before import = 0Number of asset objects unloaded after import = 3

========================================================================
Received Import Request.
  Time since last request: 0.000033 seconds.
  path: Assets/Art/Assets/isometric-miniature-dungeon/Angle/stoneWallBrokenRight_S.png
  artifactKey: Guid(4adb0e3ee39489e4c912c83640171397) Importer(815301076,1909f56bfc062723c751e8b465ee728b)
Start importing Assets/Art/Assets/isometric-miniature-dungeon/Angle/stoneWallBrokenRight_S.png using Guid(4adb0e3ee39489e4c912c83640171397) Importer(815301076,1909f56bfc062723c751e8b465ee728b) (PreviewImporter) -> (artifact id: 'e6756d70cf6e44cff8764a5cffe3a4a6') in 0.0255256 seconds
Number of updated asset objects reloaded before import = 0Number of asset objects unloaded after import = 3

========================================================================
Received Import Request.
  Time since last request: 0.000018 seconds.
  path: Assets/Art/Assets/isometric-miniature-dungeon/Angle/stoneWallStructure_W.png
  artifactKey: Guid(7e361b63543ec934ca02f35d3a209016) Importer(815301076,1909f56bfc062723c751e8b465ee728b)
Start importing Assets/Art/Assets/isometric-miniature-dungeon/Angle/stoneWallStructure_W.png using Guid(7e361b63543ec934ca02f35d3a209016) Importer(815301076,1909f56bfc062723c751e8b465ee728b) (PreviewImporter) -> (artifact id: 'cbb386d2a03c2f3e7db2f1fe94bd8b7d') in 0.032102 seconds
Number of updated asset objects reloaded before import = 0Number of asset objects unloaded after import = 3

========================================================================
Received Import Request.
  Time since last request: 0.000018 seconds.
  path: Assets/Art/Assets/isometric-miniature-dungeon/Angle/stairsCorner_S.png
  artifactKey: Guid(0dd1073fa77e5044889ed2b279a3df2c) Importer(815301076,1909f56bfc062723c751e8b465ee728b)
Start importing Assets/Art/Assets/isometric-miniature-dungeon/Angle/stairsCorner_S.png using Guid(0dd1073fa77e5044889ed2b279a3df2c) Importer(815301076,1909f56bfc062723c751e8b465ee728b) (PreviewImporter) -> (artifact id: '75fb782042986433c3abfa60aff275b1') in 0.0358647 seconds
Number of updated asset objects reloaded before import = 0Number of asset objects unloaded after import = 3

========================================================================
Received Import Request.
  Time since last request: 0.000020 seconds.
  path: Assets/Art/Assets/isometric-miniature-dungeon/Angle/stoneLeft_E.png
  artifactKey: Guid(45e0a7bb1c828fa41a7641a1c2664f48) Importer(815301076,1909f56bfc062723c751e8b465ee728b)
Start importing Assets/Art/Assets/isometric-miniature-dungeon/Angle/stoneLeft_E.png using Guid(45e0a7bb1c828fa41a7641a1c2664f48) Importer(815301076,1909f56bfc062723c751e8b465ee728b) (PreviewImporter) -> (artifact id: 'd8e5d573e0fd0e59083ec368da4326ab') in 0.042079 seconds
Number of updated asset objects reloaded before import = 0Number of asset objects unloaded after import = 3

========================================================================
Received Import Request.
  Time since last request: 0.000025 seconds.
  path: Assets/Art/Assets/isometric-miniature-dungeon/Angle/woodenPile_N.png
  artifactKey: Guid(c7f2d7363d8aaf04ab840643bfb5f50a) Importer(815301076,1909f56bfc062723c751e8b465ee728b)
Start importing Assets/Art/Assets/isometric-miniature-dungeon/Angle/woodenPile_N.png using Guid(c7f2d7363d8aaf04ab840643bfb5f50a) Importer(815301076,1909f56bfc062723c751e8b465ee728b) (PreviewImporter) -> (artifact id: 'a70d49907282b6c0e7b19d51d8c37e42') in 0.0357654 seconds
Number of updated asset objects reloaded before import = 0Number of asset objects unloaded after import = 3

========================================================================
Received Import Request.
  Time since last request: 0.000014 seconds.
  path: Assets/Art/Assets/isometric-miniature-dungeon/Angle/stoneWallAgedRight_S.png
  artifactKey: Guid(6bf0e2dbea834364d8de90fbf2c4fe91) Importer(815301076,1909f56bfc062723c751e8b465ee728b)
Start importing Assets/Art/Assets/isometric-miniature-dungeon/Angle/stoneWallAgedRight_S.png using Guid(6bf0e2dbea834364d8de90fbf2c4fe91) Importer(815301076,1909f56bfc062723c751e8b465ee728b) (PreviewImporter) -> (artifact id: '76938c3f276fd7c99455c429fc369f3b') in 0.0335997 seconds
Number of updated asset objects reloaded before import = 0Number of asset objects unloaded after import = 3

========================================================================
Received Import Request.
  Time since last request: 0.000015 seconds.
  path: Assets/Art/Assets/isometric-miniature-dungeon/Angle/stairsAged_N.png
  artifactKey: Guid(4dde0ccf657913f4bbddf92d08b3a6cf) Importer(815301076,1909f56bfc062723c751e8b465ee728b)
Start importing Assets/Art/Assets/isometric-miniature-dungeon/Angle/stairsAged_N.png using Guid(4dde0ccf657913f4bbddf92d08b3a6cf) Importer(815301076,1909f56bfc062723c751e8b465ee728b) (PreviewImporter) -> (artifact id: '95562a9a01d51eab1983282ef16c4cac') in 0.0399247 seconds
Number of updated asset objects reloaded before import = 0Number of asset objects unloaded after import = 3

========================================================================
Received Import Request.
  Time since last request: 0.000023 seconds.
  path: Assets/Art/Assets/isometric-miniature-dungeon/Angle/stone_N.png
  artifactKey: Guid(232d606e2e5e6684ca9c6982e0b5ec14) Importer(815301076,1909f56bfc062723c751e8b465ee728b)
Start importing Assets/Art/Assets/isometric-miniature-dungeon/Angle/stone_N.png using Guid(232d606e2e5e6684ca9c6982e0b5ec14) Importer(815301076,1909f56bfc062723c751e8b465ee728b) (PreviewImporter) -> (artifact id: '6f4a0227279631f74088295605d93ff5') in 0.0346539 seconds
Number of updated asset objects reloaded before import = 0Number of asset objects unloaded after import = 3

========================================================================
Received Import Request.
  Time since last request: 0.000027 seconds.
  path: Assets/Art/Assets/isometric-miniature-dungeon/Angle/stoneWall_W.png
  artifactKey: Guid(d2ebcccd21c7a6e4bacbb60f37b4d968) Importer(815301076,1909f56bfc062723c751e8b465ee728b)
Start importing Assets/Art/Assets/isometric-miniature-dungeon/Angle/stoneWall_W.png using Guid(d2ebcccd21c7a6e4bacbb60f37b4d968) Importer(815301076,1909f56bfc062723c751e8b465ee728b) (PreviewImporter) -> (artifact id: '0b08c90224c3b109780f91b40f7d49b2') in 0.0324865 seconds
Number of updated asset objects reloaded before import = 0Number of asset objects unloaded after import = 3

========================================================================
Received Import Request.
  Time since last request: 0.000019 seconds.
  path: Assets/Art/Assets/isometric-miniature-dungeon/Angle/stoneWallDoorBars_E.png
  artifactKey: Guid(76a7c8e0aa74fe14b9ff93efd2c18fea) Importer(815301076,1909f56bfc062723c751e8b465ee728b)
Start importing Assets/Art/Assets/isometric-miniature-dungeon/Angle/stoneWallDoorBars_E.png using Guid(76a7c8e0aa74fe14b9ff93efd2c18fea) Importer(815301076,1909f56bfc062723c751e8b465ee728b) (PreviewImporter) -> (artifact id: 'cd0d291f2ed69f1bd7af5b48ab99f764') in 0.0360792 seconds
Number of updated asset objects reloaded before import = 0Number of asset objects unloaded after import = 3

========================================================================
Received Import Request.
  Time since last request: 0.000022 seconds.
  path: Assets/Art/Assets/isometric-miniature-dungeon/Angle/stoneWallGateOpen_N.png
  artifactKey: Guid(16ddb15102912a247806ae2c90bfed29) Importer(815301076,1909f56bfc062723c751e8b465ee728b)
Start importing Assets/Art/Assets/isometric-miniature-dungeon/Angle/stoneWallGateOpen_N.png using Guid(16ddb15102912a247806ae2c90bfed29) Importer(815301076,1909f56bfc062723c751e8b465ee728b) (PreviewImporter) -> (artifact id: 'f98f0bf93fb3c00e544078b8281fb484') in 0.035941 seconds
Number of updated asset objects reloaded before import = 0Number of asset objects unloaded after import = 3

========================================================================
Received Import Request.
  Time since last request: 0.000021 seconds.
  path: Assets/Art/Assets/isometric-miniature-dungeon/Angle/stoneColumn_N.png
  artifactKey: Guid(6ea4cfe7e0d769c44a92e404d1b0ba43) Importer(815301076,1909f56bfc062723c751e8b465ee728b)
Start importing Assets/Art/Assets/isometric-miniature-dungeon/Angle/stoneColumn_N.png using Guid(6ea4cfe7e0d769c44a92e404d1b0ba43) Importer(815301076,1909f56bfc062723c751e8b465ee728b) (PreviewImporter) -> (artifact id: '9500a74c839c76a2610d34aecd81ca4c') in 0.0465511 seconds
Number of updated asset objects reloaded before import = 0Number of asset objects unloaded after import = 3

========================================================================
Received Import Request.
  Time since last request: 0.000026 seconds.
  path: Assets/Art/Assets/isometric-miniature-dungeon/Angle/woodenSupportsBlock_W.png
  artifactKey: Guid(45009b44fcc1c8b48ace62d3fea9b862) Importer(815301076,1909f56bfc062723c751e8b465ee728b)
Start importing Assets/Art/Assets/isometric-miniature-dungeon/Angle/woodenSupportsBlock_W.png using Guid(45009b44fcc1c8b48ace62d3fea9b862) Importer(815301076,1909f56bfc062723c751e8b465ee728b) (PreviewImporter) -> (artifact id: 'f0a2e5ca559a1c2c618e89172dcee629') in 0.0418347 seconds
Number of updated asset objects reloaded before import = 0Number of asset objects unloaded after import = 3

========================================================================
Received Import Request.
  Time since last request: 0.000017 seconds.
  path: Assets/Art/Assets/isometric-miniature-dungeon/Angle/stoneWallAged_E.png
  artifactKey: Guid(e4bd3f1847e61764eb6f1dabfcd8980f) Importer(815301076,1909f56bfc062723c751e8b465ee728b)
Start importing Assets/Art/Assets/isometric-miniature-dungeon/Angle/stoneWallAged_E.png using Guid(e4bd3f1847e61764eb6f1dabfcd8980f) Importer(815301076,1909f56bfc062723c751e8b465ee728b) (PreviewImporter) -> (artifact id: '6f17dcc28d2a44247ffc03e3ce268acc') in 0.0415849 seconds
Number of updated asset objects reloaded before import = 0Number of asset objects unloaded after import = 3

========================================================================
Received Import Request.
  Time since last request: 0.000015 seconds.
  path: Assets/Art/Assets/isometric-miniature-dungeon/Angle/stoneWallGateOpen_S.png
  artifactKey: Guid(f0ea7bb254166f7488a2bf34510bfb91) Importer(815301076,1909f56bfc062723c751e8b465ee728b)
Start importing Assets/Art/Assets/isometric-miniature-dungeon/Angle/stoneWallGateOpen_S.png using Guid(f0ea7bb254166f7488a2bf34510bfb91) Importer(815301076,1909f56bfc062723c751e8b465ee728b) (PreviewImporter) -> (artifact id: '8015b052ede1be28269d75cd3594230c') in 0.0342342 seconds
Number of updated asset objects reloaded before import = 0Number of asset objects unloaded after import = 3

========================================================================
Received Import Request.
  Time since last request: 0.000021 seconds.
  path: Assets/Art/Assets/isometric-miniature-dungeon/Angle/stoneWallRoundBroken_E.png
  artifactKey: Guid(9b41a1d3b38c89f41a0226d5ea8fc17a) Importer(815301076,1909f56bfc062723c751e8b465ee728b)
Start importing Assets/Art/Assets/isometric-miniature-dungeon/Angle/stoneWallRoundBroken_E.png using Guid(9b41a1d3b38c89f41a0226d5ea8fc17a) Importer(815301076,1909f56bfc062723c751e8b465ee728b) (PreviewImporter) -> (artifact id: '84c293c005815a4373fe0e1fd6adefc5') in 0.0335489 seconds
Number of updated asset objects reloaded before import = 0Number of asset objects unloaded after import = 3

========================================================================
Received Import Request.
  Time since last request: 0.000025 seconds.
  path: Assets/Art/Assets/isometric-miniature-dungeon/Angle/tableRound_N.png
  artifactKey: Guid(5d53bc5c67d2bd2469dc5f6427bd15e9) Importer(815301076,1909f56bfc062723c751e8b465ee728b)
Start importing Assets/Art/Assets/isometric-miniature-dungeon/Angle/tableRound_N.png using Guid(5d53bc5c67d2bd2469dc5f6427bd15e9) Importer(815301076,1909f56bfc062723c751e8b465ee728b) (PreviewImporter) -> (artifact id: '0eeaa768441efdf8c954ee52d6a3fabd') in 0.0378135 seconds
Number of updated asset objects reloaded before import = 0Number of asset objects unloaded after import = 3

========================================================================
Received Import Request.
  Time since last request: 0.000015 seconds.
  path: Assets/Art/Assets/isometric-miniature-dungeon/Angle/woodenPile_S.png
  artifactKey: Guid(8117d61a9c7286b4fa3204a453d9c10e) Importer(815301076,1909f56bfc062723c751e8b465ee728b)
Start importing Assets/Art/Assets/isometric-miniature-dungeon/Angle/woodenPile_S.png using Guid(8117d61a9c7286b4fa3204a453d9c10e) Importer(815301076,1909f56bfc062723c751e8b465ee728b) (PreviewImporter) -> (artifact id: 'a0571f49486c2eeeba0944c76b35000a') in 0.0424113 seconds
Number of updated asset objects reloaded before import = 0Number of asset objects unloaded after import = 3

========================================================================
Received Import Request.
  Time since last request: 0.000066 seconds.
  path: Assets/Art/Assets/isometric-miniature-dungeon/Angle/stoneWallRoundWindow_S.png
  artifactKey: Guid(d9737e2cbb56b6643b2a19394706d7d0) Importer(815301076,1909f56bfc062723c751e8b465ee728b)
Start importing Assets/Art/Assets/isometric-miniature-dungeon/Angle/stoneWallRoundWindow_S.png using Guid(d9737e2cbb56b6643b2a19394706d7d0) Importer(815301076,1909f56bfc062723c751e8b465ee728b) (PreviewImporter) -> (artifact id: '7ab024b1c8dfcf1144652a1df8a0a239') in 0.0425597 seconds
Number of updated asset objects reloaded before import = 0Number of asset objects unloaded after import = 3

========================================================================
Received Import Request.
  Time since last request: 0.000018 seconds.
  path: Assets/Art/Assets/isometric-miniature-dungeon/Angle/tableShortChairs_N.png
  artifactKey: Guid(5d0137e9adcbb8a459fa37cdce239595) Importer(815301076,1909f56bfc062723c751e8b465ee728b)
Start importing Assets/Art/Assets/isometric-miniature-dungeon/Angle/tableShortChairs_N.png using Guid(5d0137e9adcbb8a459fa37cdce239595) Importer(815301076,1909f56bfc062723c751e8b465ee728b) (PreviewImporter) -> (artifact id: '9e80cc22ea5141199ed1c34ca2f29305') in 0.0425108 seconds
Number of updated asset objects reloaded before import = 0Number of asset objects unloaded after import = 3

========================================================================
Received Import Request.
  Time since last request: 0.000027 seconds.
  path: Assets/Art/Assets/isometric-miniature-dungeon/Angle/stoneStep_W.png
  artifactKey: Guid(96bf7d4b6dccfb9469662a2e035354d3) Importer(815301076,1909f56bfc062723c751e8b465ee728b)
Start importing Assets/Art/Assets/isometric-miniature-dungeon/Angle/stoneStep_W.png using Guid(96bf7d4b6dccfb9469662a2e035354d3) Importer(815301076,1909f56bfc062723c751e8b465ee728b) (PreviewImporter) -> (artifact id: '422454dcddd641c9866a3c9a39dfd715') in 0.0422036 seconds
Number of updated asset objects reloaded before import = 0Number of asset objects unloaded after import = 3

========================================================================
Received Import Request.
  Time since last request: 0.000020 seconds.
  path: Assets/Art/Assets/isometric-miniature-dungeon/Angle/tableRoundItemsChairs_S.png
  artifactKey: Guid(c5cd76a3b80ed404ab67006bd67405e0) Importer(815301076,1909f56bfc062723c751e8b465ee728b)
Start importing Assets/Art/Assets/isometric-miniature-dungeon/Angle/tableRoundItemsChairs_S.png using Guid(c5cd76a3b80ed404ab67006bd67405e0) Importer(815301076,1909f56bfc062723c751e8b465ee728b) (PreviewImporter) -> (artifact id: '7c83e3a1ae310ec29d3f6119821f09bd') in 0.0350088 seconds
Number of updated asset objects reloaded before import = 0Number of asset objects unloaded after import = 3

========================================================================
Received Import Request.
  Time since last request: 0.000016 seconds.
  path: Assets/Art/Assets/isometric-miniature-dungeon/Angle/woodenPile_E.png
  artifactKey: Guid(d7e76ebf2a726ad478c384b0552d9d94) Importer(815301076,1909f56bfc062723c751e8b465ee728b)
Start importing Assets/Art/Assets/isometric-miniature-dungeon/Angle/woodenPile_E.png using Guid(d7e76ebf2a726ad478c384b0552d9d94) Importer(815301076,1909f56bfc062723c751e8b465ee728b) (PreviewImporter) -> (artifact id: '3d92f47ee81d22ff1427e304abf59e13') in 0.0417863 seconds
Number of updated asset objects reloaded before import = 0Number of asset objects unloaded after import = 3

========================================================================
Received Import Request.
  Time since last request: 0.000018 seconds.
  path: Assets/Art/Assets/isometric-miniature-dungeon/Angle/stoneWallHalf_W.png
  artifactKey: Guid(928a0eb2f9ec073488ece291c0715c21) Importer(815301076,1909f56bfc062723c751e8b465ee728b)
Start importing Assets/Art/Assets/isometric-miniature-dungeon/Angle/stoneWallHalf_W.png using Guid(928a0eb2f9ec073488ece291c0715c21) Importer(815301076,1909f56bfc062723c751e8b465ee728b) (PreviewImporter) -> (artifact id: 'e83f3f7a7b8fe55b687d40a918ed46c9') in 0.0387975 seconds
Number of updated asset objects reloaded before import = 0Number of asset objects unloaded after import = 3

========================================================================
Received Import Request.
  Time since last request: 0.000032 seconds.
  path: Assets/Art/Assets/isometric-miniature-dungeon/Angle/stoneWallHalf_E.png
  artifactKey: Guid(26a4a34fe5cfff54789cdc84cfee18a9) Importer(815301076,1909f56bfc062723c751e8b465ee728b)
Start importing Assets/Art/Assets/isometric-miniature-dungeon/Angle/stoneWallHalf_E.png using Guid(26a4a34fe5cfff54789cdc84cfee18a9) Importer(815301076,1909f56bfc062723c751e8b465ee728b) (PreviewImporter) -> (artifact id: 'a1d4ae9baeea84323d91c5cb53fc1ded') in 0.048065 seconds
Number of updated asset objects reloaded before import = 0Number of asset objects unloaded after import = 3

========================================================================
Received Import Request.
  Time since last request: 0.000017 seconds.
  path: Assets/Art/Assets/isometric-miniature-dungeon/Angle/stoneWallGateClosed_W.png
  artifactKey: Guid(e6b0e850cff20da41935c2502ec8cb76) Importer(815301076,1909f56bfc062723c751e8b465ee728b)
Start importing Assets/Art/Assets/isometric-miniature-dungeon/Angle/stoneWallGateClosed_W.png using Guid(e6b0e850cff20da41935c2502ec8cb76) Importer(815301076,1909f56bfc062723c751e8b465ee728b) (PreviewImporter) -> (artifact id: '17d20759b39ec8c0cf4708678c6356da') in 0.0358914 seconds
Number of updated asset objects reloaded before import = 0Number of asset objects unloaded after import = 3

========================================================================
Received Import Request.
  Time since last request: 0.000017 seconds.
  path: Assets/Art/Assets/isometric-miniature-dungeon/Angle/stoneWallAgedLeft_W.png
  artifactKey: Guid(745b783488f2bea43aab26396b30ea23) Importer(815301076,1909f56bfc062723c751e8b465ee728b)
Start importing Assets/Art/Assets/isometric-miniature-dungeon/Angle/stoneWallAgedLeft_W.png using Guid(745b783488f2bea43aab26396b30ea23) Importer(815301076,1909f56bfc062723c751e8b465ee728b) (PreviewImporter) -> (artifact id: 'd5886ddc36956123a5f19a31a8b74dac') in 0.0385675 seconds
Number of updated asset objects reloaded before import = 0Number of asset objects unloaded after import = 3

========================================================================
Received Import Request.
  Time since last request: 0.000017 seconds.
  path: Assets/Art/Assets/isometric-miniature-dungeon/Angle/woodenCrates_N.png
  artifactKey: Guid(a5fa0739816bff4428ae8ad92dd70e35) Importer(815301076,1909f56bfc062723c751e8b465ee728b)
Start importing Assets/Art/Assets/isometric-miniature-dungeon/Angle/woodenCrates_N.png using Guid(a5fa0739816bff4428ae8ad92dd70e35) Importer(815301076,1909f56bfc062723c751e8b465ee728b) (PreviewImporter) -> (artifact id: '3b97895c32d52957ca369f62acfe9933') in 0.0517519 seconds
Number of updated asset objects reloaded before import = 0Number of asset objects unloaded after import = 3

========================================================================
Received Import Request.
  Time since last request: 0.000033 seconds.
  path: Assets/Art/Assets/isometric-miniature-dungeon/Angle/woodenSupportBeams_E.png
  artifactKey: Guid(e61eb4f954f5ece4a82ebc767d8c2e21) Importer(815301076,1909f56bfc062723c751e8b465ee728b)
Start importing Assets/Art/Assets/isometric-miniature-dungeon/Angle/woodenSupportBeams_E.png using Guid(e61eb4f954f5ece4a82ebc767d8c2e21) Importer(815301076,1909f56bfc062723c751e8b465ee728b) (PreviewImporter) -> (artifact id: '2c9c86c074a68fe7698d88877679c600') in 0.0395361 seconds
Number of updated asset objects reloaded before import = 0Number of asset objects unloaded after import = 3

========================================================================
Received Import Request.
  Time since last request: 0.000015 seconds.
  path: Assets/Art/Assets/isometric-miniature-dungeon/Angle/stoneWallDoorOpen_W.png
  artifactKey: Guid(6a3aa01de66d01a4e9c0739a66678634) Importer(815301076,1909f56bfc062723c751e8b465ee728b)
Start importing Assets/Art/Assets/isometric-miniature-dungeon/Angle/stoneWallDoorOpen_W.png using Guid(6a3aa01de66d01a4e9c0739a66678634) Importer(815301076,1909f56bfc062723c751e8b465ee728b) (PreviewImporter) -> (artifact id: '89f1f21ae2bbcb77791af416eaf04444') in 0.0386175 seconds
Number of updated asset objects reloaded before import = 0Number of asset objects unloaded after import = 3

========================================================================
Received Import Request.
  Time since last request: 0.000023 seconds.
  path: Assets/Art/Assets/isometric-miniature-dungeon/Angle/stoneWallGateClosed_N.png
  artifactKey: Guid(237a1291ad48a4741b43fab64d0700df) Importer(815301076,1909f56bfc062723c751e8b465ee728b)
Start importing Assets/Art/Assets/isometric-miniature-dungeon/Angle/stoneWallGateClosed_N.png using Guid(237a1291ad48a4741b43fab64d0700df) Importer(815301076,1909f56bfc062723c751e8b465ee728b) (PreviewImporter) -> (artifact id: 'aca48272196ceb89ec3ce84b15214d6e') in 0.0433835 seconds
Number of updated asset objects reloaded before import = 0Number of asset objects unloaded after import = 3

========================================================================
Received Import Request.
  Time since last request: 0.000022 seconds.
  path: Assets/Art/Assets/isometric-miniature-dungeon/Angle/stoneInset_W.png
  artifactKey: Guid(f78119943d7570946a47f16b909ef230) Importer(815301076,1909f56bfc062723c751e8b465ee728b)
Start importing Assets/Art/Assets/isometric-miniature-dungeon/Angle/stoneInset_W.png using Guid(f78119943d7570946a47f16b909ef230) Importer(815301076,1909f56bfc062723c751e8b465ee728b) (PreviewImporter) -> (artifact id: 'dc5866f9cc6fc647a37748d47f8e623e') in 0.0416406 seconds
Number of updated asset objects reloaded before import = 0Number of asset objects unloaded after import = 3

========================================================================
Received Import Request.
  Time since last request: 0.000032 seconds.
  path: Assets/Art/Assets/isometric-miniature-dungeon/Angle/stoneWallAgedRight_W.png
  artifactKey: Guid(0a2134ade7a65724b98be24b3177f671) Importer(815301076,1909f56bfc062723c751e8b465ee728b)
Start importing Assets/Art/Assets/isometric-miniature-dungeon/Angle/stoneWallAgedRight_W.png using Guid(0a2134ade7a65724b98be24b3177f671) Importer(815301076,1909f56bfc062723c751e8b465ee728b) (PreviewImporter) -> (artifact id: '140f735ae9e7329b06164de1f64ccc60') in 0.0429953 seconds
Number of updated asset objects reloaded before import = 0Number of asset objects unloaded after import = 3

========================================================================
Received Import Request.
  Time since last request: 0.000016 seconds.
  path: Assets/Art/Assets/isometric-miniature-dungeon/Angle/woodenSupports_W.png
  artifactKey: Guid(39916291672da274788dcae182081610) Importer(815301076,1909f56bfc062723c751e8b465ee728b)
Start importing Assets/Art/Assets/isometric-miniature-dungeon/Angle/woodenSupports_W.png using Guid(39916291672da274788dcae182081610) Importer(815301076,1909f56bfc062723c751e8b465ee728b) (PreviewImporter) -> (artifact id: '9619a4806a05964d7ffab3ac8cfb1aba') in 0.0463815 seconds
Number of updated asset objects reloaded before import = 0Number of asset objects unloaded after import = 3

========================================================================
Received Import Request.
  Time since last request: 6.671268 seconds.
  path: Assets/Art/Assets/isometric-miniature-dungeon/Angle/Materials
  artifactKey: Guid(68c2ca538da8ea04485448225431f9d0) Importer(2089858483,192608db42251d675da83286b1cce702)
Start importing Assets/Art/Assets/isometric-miniature-dungeon/Angle/Materials using Guid(68c2ca538da8ea04485448225431f9d0) Importer(2089858483,192608db42251d675da83286b1cce702) (ScriptedImporter) -> (artifact id: '101945f18413599c7fa67dc3d7429fdf') in 0.0295438 seconds
Number of updated asset objects reloaded before import = 0Number of asset objects unloaded after import = 1

========================================================================
Received Import Request.
  Time since last request: 237.916148 seconds.
  path: Assets/Art/Assets/Prefabs/stoneWallCorner_S.prefab
  artifactKey: Guid(81a9ac538032c4c4c97e069e12cb8cdd) Importer(815301076,1909f56bfc062723c751e8b465ee728b)
Start importing Assets/Art/Assets/Prefabs/stoneWallCorner_S.prefab using Guid(81a9ac538032c4c4c97e069e12cb8cdd) Importer(815301076,1909f56bfc062723c751e8b465ee728b) (PreviewImporter) -> (artifact id: 'e8d2ea257ec266059df6df05573fffd0') in 0.5560476 seconds
Number of updated asset objects reloaded before import = 0Number of asset objects unloaded after import = 7

========================================================================
Received Import Request.
  Time since last request: 0.000031 seconds.
  path: Assets/Art/Assets/Prefabs/stoneWallGateClosed_N.prefab
  artifactKey: Guid(dae9491e3232ac6479d6da7f3e604945) Importer(815301076,1909f56bfc062723c751e8b465ee728b)
Start importing Assets/Art/Assets/Prefabs/stoneWallGateClosed_N.prefab using Guid(dae9491e3232ac6479d6da7f3e604945) Importer(815301076,1909f56bfc062723c751e8b465ee728b) (PreviewImporter) -> (artifact id: '9c63b7001d494f18b27eece23fbec4ba') in 0.0314245 seconds
Number of updated asset objects reloaded before import = 0Number of asset objects unloaded after import = 7

========================================================================
Received Import Request.
  Time since last request: 0.319256 seconds.
  path: Assets/Art/Assets/Prefabs/stoneWallCorner_S.prefab
  artifactKey: Guid(81a9ac538032c4c4c97e069e12cb8cdd) Importer(2089858483,192608db42251d675da83286b1cce702)
Start importing Assets/Art/Assets/Prefabs/stoneWallCorner_S.prefab using Guid(81a9ac538032c4c4c97e069e12cb8cdd) Importer(2089858483,192608db42251d675da83286b1cce702) (ScriptedImporter) -> (artifact id: '74addb40c30eda61150e2e832878ad2a') in 0.0646077 seconds
Number of updated asset objects reloaded before import = 0Number of asset objects unloaded after import = 7

========================================================================
Received Prepare
Begin MonoManager ReloadAssembly
[Licensing::Client] Successfully resolved entitlement details
- Loaded All Assemblies, in  0.997 seconds
Refreshing native plugins compatible for Editor in 0.61 ms, found 3 plugins.
Native extension for Android target not found
Native extension for WindowsStandalone target not found
[Package Manager] Failed to launch server process. Reason: Unity was launched with the -noUpm command-line argument
[Package Manager] Unable to send message (not connected to server process).
[Package Manager] Cannot connect to Unity Package Manager local server
Mono: successfully reloaded assembly
- Finished resetting the current domain, in  1.029 seconds
Domain Reload Profiling: 2025ms
	BeginReloadAssembly (289ms)
		ExecutionOrderSort (0ms)
		DisableScriptedObjects (24ms)
		BackupInstance (0ms)
		ReleaseScriptingObjects (0ms)
		CreateAndSetChildDomain (79ms)
	RebuildCommonClasses (49ms)
	RebuildNativeTypeToScriptingClass (13ms)
	initialDomainReloadingComplete (33ms)
	LoadAllAssembliesAndSetupDomain (611ms)
		LoadAssemblies (515ms)
		RebuildTransferFunctionScriptingTraits (0ms)
		AnalyzeDomain (200ms)
			TypeCache.Refresh (7ms)
				TypeCache.ScanAssembly (0ms)
			BuildScriptInfoCaches (176ms)
			ResolveRequiredComponents (12ms)
	FinalizeReload (1030ms)
		ReleaseScriptCaches (0ms)
		RebuildScriptCaches (0ms)
		SetupLoadedEditorAssemblies (832ms)
			LogAssemblyErrors (0ms)
			InitializePlatformSupportModulesInManaged (13ms)
			SetLoadedEditorAssemblies (7ms)
			BeforeProcessingInitializeOnLoad (161ms)
			ProcessInitializeOnLoadAttributes (576ms)
			ProcessInitializeOnLoadMethodAttributes (65ms)
			AfterProcessingInitializeOnLoad (10ms)
			EditorAssembliesLoaded (0ms)
		ExecutionOrderSort2 (0ms)
		AwakeInstancesAfterBackupRestoration (22ms)
Refreshing native plugins compatible for Editor in 1.13 ms, found 3 plugins.
Preloading 0 native plugins for Editor in 0.00 ms.
Unloading 13 Unused Serialized files (Serialized files now loaded: 0)
Unloading 6141 unused Assets / (4.6 MB). Loaded Objects now: 6883.
Memory consumption went from 152.1 MB to 147.5 MB.
Total: 9.172200 ms (FindLiveObjects: 0.620600 ms CreateObjectMapping: 0.584300 ms MarkObjects: 5.100900 ms  DeleteObjects: 2.865000 ms)

Prepare: number of updated asset objects reloaded= 0
